#nrNodes nrCollisions nrTransmissions OverallEnergy
10 0 2 0.45200179200000007
10 0 2 0.45200179200000007
10 0 2 0.45200179200000007
500 30 985 222.61088256000002
500 0 963 217.63886284800003
500 105 1668 376.96949452800004
500 42 993 224.41888972800004
500 24 1008 227.80890316800003
500 38 966 218.31686553600005
500 36 1034 233.68492646400006
500 40 957 216.28285747200005
500 26 994 224.64489062400006
500 38 970 219.22086912000003
500 38 992 224.19288883200005
500 34 1042 235.49293363200002
500 42 974 220.124872704
500 46 1046 236.39693721600005
500 42 1030 232.78092288000002
500 42 1033 233.45892556800004
500 24 1006 227.35690137600005
500 40 1003 226.67889868800003
500 34 943 213.11884492800004
500 30 1012 228.71290675200004
500 41 1078 243.62896588800004
500 37 1046 236.39693721600005
500 54 991 223.96688793600006
500 53 986 222.83688345600004
500 44 998 225.54889420800004
500 44 1009 228.03490406400005
500 40 1021 230.74691481600004
500 30 962 217.41286195200001
500 49 1043 235.71893452800003
500 47 1003 226.67889868800003
500 33 973 219.89887180800002
500 36 1009 228.03490406400005
500 45 975 220.35087360000003
500 25 1072 242.27296051200003
500 36 979 221.25487718400004
500 58 1105 249.73099008000005
500 34 991 223.96688793600006
500 46 1037 234.36292915200005
500 34 1015 229.39090944000003
500 44 1055 238.43094528000003
500 30 926 209.27682969600005
500 28 975 220.35087360000003
500 38 979 221.25487718400004
500 32 964 217.86486374400005
500 54 994 224.64489062400006
500 29 1027 232.10292019200003
500 33 1058 239.10894796800002
500 42 1046 236.39693721600005
500 42 989 223.51488614400003
500 39 1040 235.04093184000004
500 56 965 218.09086464000004
500 48 984 222.38488166400003
500 56 1089 246.11497574400005
500 41 998 225.54889420800004
500 38 965 218.09086464000004
500 45 1011 228.48690585600005
500 46 1010 228.26090496000003
500 44 980 221.48087808000005
500 42 1008 227.80890316800003
500 48 1025 231.65091840000002
500 32 1019 230.29491302400004
500 56 1048 236.84893900800006
500 47 1024 231.42491750400004
500 46 999 225.77489510400002
500 31 950 214.70085120000002
500 51 1039 234.81493094400003
500 52 987 223.06288435200003
500 47 994 224.64489062400006
500 46 1005 227.13090048000004
500 38 1033 233.45892556800004
500 40 963 217.63886284800003
500 28 1019 230.29491302400004
500 31 989 223.51488614400003
500 45 975 220.35087360000003
500 39 993 224.41888972800004
500 47 1037 234.36292915200005
500 37 985 222.61088256000002
500 31 1035 233.91092736000004
500 31 1009 228.03490406400005
500 60 1013 228.93890764800003
500 28 963 217.63886284800003
500 44 979 221.25487718400004
500 36 956 216.05685657600003
500 55 968 218.76886732800003
500 32 1004 226.90489958400002
500 44 988 223.288885248
500 18 1023 231.19891660800005
500 42 1002 226.45289779200002
500 46 995 224.87089152000004
500 36 1046 236.39693721600005
500 42 1016 229.61691033600002
500 28 1034 233.68492646400006
500 29 996 225.09689241600003
500 34 990 223.74088704000002
500 28 987 223.06288435200003
500 39 979 221.25487718400004
500 36 1006 227.35690137600005
500 32 1028 232.32892108800002
500 38 1010 228.26090496000003
500 48 972 219.67287091200004
500 58 1059 239.334948864
500 54 1070 241.82095872000002
1000 147 2032 459.23382067200004
1000 144 1982 447.933775872
1000 147 2003 452.6797946880001
1000 133 1982 447.9337758720001
1000 183 2020 456.52180992000007
1000 147 2056 464.65784217600003
1000 142 1960 442.9617561600001
1000 183 2110 476.86189056000006
1000 141 1994 450.6457866240001
1000 153 1926 435.27772569600006
1000 121 1953 441.37974988800005
1000 160 2053 463.9798394880001
1000 164 1935 437.31173376000004
1000 156 2033 459.45982156800005
1000 147 2037 460.36382515200006
1000 181 2109 476.6358896640001
1000 158 2036 460.13782425600004
1000 174 2013 454.93980364800007
1000 144 1961 443.18775705600007
1000 172 2015 455.39180544000004
1000 147 2028 458.3298170880001
1000 166 2025 457.6518144000001
1000 134 1923 434.59972300800007
1000 158 2017 455.8438072320001
1000 146 2099 474.37588070400005
1000 159 1985 448.61177856000006
1000 139 1985 448.61177856000006
1000 150 2036 460.13782425600004
1000 140 2039 460.8158269440001
1000 183 2030 458.78181888000006
1000 124 1974 446.12576870400005
1000 200 2097 473.9238789120001
1000 170 2013 454.93980364800007
1000 116 1964 443.86575974400006
1000 160 2024 457.4258135040001
1000 159 1956 442.0577525760001
1000 168 1932 436.6337310720001
1000 140 1990 449.7417830400001
1000 154 2077 469.40386099200003
1000 160 2011 454.4878018560001
1000 143 1935 437.31173376000004
1000 170 1972 445.6737669120001
1000 156 2029 458.5558179840001
1000 158 2002 452.45379379200006
1000 166 1960 442.9617561600001
1000 157 1994 450.6457866240001
1000 153 1931 436.4077301760001
1000 146 2029 458.5558179840001
1000 159 1916 433.01771673600007
1000 194 2092 472.7938744320001
1000 154 1935 437.31173376000004
1000 188 2020 456.52180992000007
1000 166 1995 450.87178752000005
1000 149 1961 443.18775705600007
1000 150 1965 444.09176064
1000 196 2005 453.1317964800001
1000 147 2054 464.20584038400006
1000 150 1999 451.77579110400006
1000 163 2022 456.9738117120001
1000 128 1969 444.9957642240001
1000 185 2053 463.9798394880001
1000 145 2003 452.6797946880001
1000 147 2020 456.52180992000007
1000 151 1950 440.70174720000006
1000 145 2058 465.10984396800006
1000 144 2006 453.35779737600006
1000 168 2014 455.1658045440001
1000 144 2024 457.4258135040001
1000 144 1978 447.02977228800006
1000 128 2044 461.94583142400006
1000 166 1984 448.3857776640001
1000 156 2004 452.90579558400003
1000 193 2076 469.1778600960001
1000 151 1935 437.31173376000004
1000 132 2052 463.7538385920001
1000 174 2073 468.499857408
1000 150 1903 430.0797050880001
1000 131 2003 452.6797946880001
1000 155 2089 472.11587174400006
1000 166 2096 473.6978780160001
1000 141 1945 439.5717427200001
1000 126 1943 439.1197409280001
1000 122 2006 453.35779737600006
1000 160 1969 444.9957642240001
1000 143 1955 441.8317516800001
1000 156 1980 447.48177408000004
1000 132 2002 452.45379379200006
1000 145 1999 451.77579110400006
1000 149 2037 460.36382515200006
1000 149 1993 450.419785728
1000 185 2084 470.98586726400003
1000 151 2029 458.5558179840001
1000 140 1971 445.4477660160001
1000 160 1995 450.87178752000005
1000 123 1914 432.5657149440001
1000 163 1901 429.62770329600005
1000 150 1997 451.3237893120001
1000 156 2110 476.86189056000006
1000 156 2033 459.45982156800005
1000 174 2009 454.03580006400006
2000 568 3957 894.2855454720001
2000 654 4169 942.1977354240001
2000 571 3887 878.4654827520001
2000 550 4054 916.2076323840001
2000 600 3975 898.3535616000001
2000 663 4081 922.3096565760001
2000 597 3917 885.2455096320001
2000 613 3968 896.7715553280002
2000 562 4012 906.7155947520001
2000 582 4041 913.2696207360002
2000 590 3902 881.8554961920001
2000 586 4014 907.1675965440002
2000 544 4058 917.1116359680002
2000 545 3955 893.8335436800002
2000 600 4025 909.6536064000001
2000 587 4058 917.1116359680002
2000 565 4038 912.5916180480001
2000 551 4039 912.8176189440002
2000 564 3974 898.1275607040001
2000 559 4019 908.2976010240002
2000 617 4006 905.3595893760001
2000 525 3832 866.0354334720001
2000 603 4110 928.8636825600001
2000 557 3934 889.0875248640001
2000 579 3984 900.3875696640001
2000 572 3959 894.7375472640002
2000 611 4011 906.4895938560002
2000 576 4009 906.0375920640001
2000 601 4080 922.0836556800002
2000 559 4049 915.0776279040001
2000 570 3961 895.1895490560001
2000 627 4081 922.3096565760001
2000 631 4148 937.4517166080002
2000 547 3971 897.4495580160002
2000 577 3957 894.2855454720001
2000 546 4096 925.6996700160001
2000 681 4110 928.8636825600001
2000 600 3981 899.7095669760002
2000 554 3882 877.3354782720002
2000 670 4105 927.7336780800001
2000 575 3981 899.7095669760002
2000 590 4050 915.3036288000002
2000 629 4089 924.1176637440002
2000 527 3855 871.2334540800001
2000 617 4033 911.4616135680002
2000 631 4057 916.8856350720001
2000 596 3974 898.1275607040001
2000 623 4037 912.3656171520001
2000 570 4010 906.2635929600002
2000 585 4017 907.8455992320002
2000 548 4034 911.6876144640001
2000 589 3991 901.9695759360001
2000 619 3976 898.5795624960002
2000 562 4035 911.9136153600001
2000 624 3971 897.4495580160002
2000 572 3968 896.7715553280002
2000 610 4060 917.5636377600001
2000 541 3944 891.3475338240002
2000 606 4038 912.5916180480001
2000 566 3946 891.7995356160002
2000 575 3909 883.4375024640001
2000 616 4048 914.8516270080002
2000 626 4068 919.3716449280001
2000 584 4042 913.495621632
2000 563 3903 882.0814970880002
2000 576 3923 886.6015150080001
2000 594 4012 906.7155947520001
2000 603 4034 911.6876144640001
2000 559 3989 901.5175741440002
2000 573 4003 904.681586688
2000 553 3945 891.5735347200001
2000 532 3899 881.1774935040002
2000 519 3897 880.7254917120001
2000 555 4024 909.4276055040002
2000 538 3989 901.5175741440002
2000 644 4044 913.9476234240002
2000 599 3978 899.0315642880001
2000 579 3986 900.839571456
2000 555 3907 882.9855006720002
2000 584 3983 900.1615687680002
2000 616 3981 899.7095669760002
2000 614 4075 920.9536512000002
2000 617 4011 906.4895938560002
2000 644 4049 915.0776279040001
2000 590 4052 915.7556305920001
2000 651 4069 919.5976458240001
2000 592 4063 918.2416404480002
2000 597 4049 915.0776279040001
2000 560 4017 907.8455992320002
2000 635 4073 920.5016494080002
2000 564 3972 897.6755589120002
2000 659 4022 908.9756037120002
2000 613 4014 907.1675965440002
2000 595 4043 913.7216225280001
2000 575 4017 907.8455992320002
2000 560 4020 908.5236019200001
2000 663 4111 929.0896834560001
2000 596 3984 900.3875696640001
2000 565 3983 900.1615687680002
2000 597 4041 913.2696207360002
3000 1252 6086 1375.4414530560002
3000 1344 6205 1402.3355596800004
3000 1341 6261 1414.9916098560002
3000 1218 6061 1369.791430656
3000 1286 6054 1368.2094243840004
3000 1266 5969 1348.9993482240002
3000 1186 5914 1336.5692989440001
3000 1409 6169 1394.1995274240003
3000 1282 5947 1344.0273285120004
3000 1288 5996 1355.1013724160002
3000 1285 6046 1366.4014172160003
3000 1308 6093 1377.0234593280004
3000 1320 6056 1368.661426176
3000 1309 6049 1367.0794199040004
3000 1406 6062 1370.0174315520003
3000 1143 5859 1324.1392496640003
3000 1279 6136 1386.7414978560003
3000 1298 5993 1354.4233697280001
3000 1292 6100 1378.6054656000001
3000 1365 6068 1371.3734369280003
3000 1272 5932 1340.6373150720003
3000 1358 6020 1360.5253939200004
3000 1338 6077 1373.4074449920001
3000 1235 5933 1340.8633159680003
3000 1264 6102 1379.0574673920003
3000 1322 6086 1375.4414530560002
3000 1289 5951 1344.9313320960002
3000 1249 5972 1349.6773509120003
3000 1341 6094 1377.2494602240001
3000 1308 5966 1348.3213455360003
3000 1422 6214 1404.3695677440003
3000 1254 6102 1379.0574673920003
3000 1288 6034 1363.6894064640003
3000 1216 5883 1329.5632711680003
3000 1319 6034 1363.6894064640003
3000 1234 6055 1368.4354252800001
3000 1271 5923 1338.6033070080002
3000 1289 6084 1374.989451264
3000 1328 6040 1365.04541184
3000 1326 6188 1398.4935444480002
3000 1277 5979 1351.2593571840002
3000 1314 6138 1387.1934996480002
3000 1348 6085 1375.2154521600003
3000 1303 5985 1352.6153625600002
3000 1245 6087 1375.6674539520002
3000 1309 6073 1372.5034414080003
3000 1269 6027 1362.1074001920001
3000 1245 5984 1352.3893616640003
3000 1266 5963 1347.6433428480002
3000 1270 5907 1334.9872926720002
3000 1259 6029 1362.5594019840003
3000 1243 6044 1365.9494154240003
3000 1349 6113 1381.543477248
3000 1273 6090 1376.34545664
3000 1358 6024 1361.4293975040002
3000 1202 5847 1321.4272389120001
3000 1292 5982 1351.9373598720001
3000 1265 6025 1361.6553984000002
3000 1363 6158 1391.7135175680003
3000 1344 6111 1381.0914754560004
3000 1306 6072 1372.2774405120003
3000 1300 6134 1386.289496064
3000 1246 5971 1349.4513500160003
3000 1283 6059 1369.3394288640004
3000 1334 6113 1381.543477248
3000 1371 6257 1414.0876062720004
3000 1208 5955 1345.8353356800003
3000 1319 6090 1376.34545664
3000 1343 6112 1381.3174763520003
3000 1238 6036 1364.1414082560002
3000 1445 6151 1390.1315112960003
3000 1194 6002 1356.4573777920002
3000 1267 6075 1372.9554432000002
3000 1242 6025 1361.6553984000002
3000 1293 6052 1367.7574225920002
3000 1252 5983 1352.163360768
3000 1317 6038 1364.5934100480001
3000 1315 6003 1356.6833786880002
3000 1244 5917 1337.2473016320002
3000 1305 6035 1363.9154073600002
3000 1276 6043 1365.7234145280001
3000 1350 6156 1391.2615157760004
3000 1260 5944 1343.349325824
3000 1218 5969 1348.9993482240002
3000 1242 5968 1348.7733473280002
3000 1191 5898 1332.9532846080003
3000 1221 6067 1371.1474360320003
3000 1351 6058 1369.1134279680002
3000 1299 6191 1399.171547136
3000 1256 6040 1365.04541184
3000 1344 6151 1390.1315112960003
3000 1275 6073 1372.5034414080003
3000 1272 6004 1356.9093795840001
3000 1236 6094 1377.2494602240001
3000 1263 5999 1355.779375104
3000 1280 6007 1357.5873822720002
3000 1239 6049 1367.0794199040004
3000 1268 6058 1369.1134279680002
3000 1280 5946 1343.8013276160002
3000 1301 6175 1395.5555328000003
4000 2214 8083 1826.7652423680004
4000 2260 8076 1825.1832360960002
4000 2068 7961 1799.1931330560003
4000 2219 8041 1817.2732047360003
4000 2101 8076 1825.1832360960002
4000 2191 8053 1819.9852154880004
4000 2166 7995 1806.8771635200003
4000 2132 7915 1788.7970918400003
4000 2217 7995 1806.8771635200003
4000 2254 8155 1843.0373068800004
4000 2165 7930 1792.1871052800002
4000 2129 8034 1815.6911984640003
4000 2211 7992 1806.1991608320002
4000 2167 8073 1824.5052334080003
4000 2159 8042 1817.4992056320002
4000 2175 8047 1818.6292101120002
4000 2037 7932 1792.6391070720003
4000 2191 8079 1825.8612387840003
4000 2151 8050 1819.3072128000001
4000 2283 8174 1847.3313239040003
4000 2216 7996 1807.1031644160003
4000 2243 8058 1821.1152199680002
4000 2262 8162 1844.6193131520001
4000 2081 8057 1820.8892190720003
4000 2173 7974 1802.1311447040002
4000 2162 7973 1801.9051438080003
4000 2175 8086 1827.4432450560003
4000 2169 7903 1786.0850810880004
4000 2278 8065 1822.6972262400002
4000 2210 8235 1861.1173785600001
4000 2178 7958 1798.5151303680002
4000 2118 7933 1792.865107968
4000 2247 8031 1815.0131957760002
4000 2226 8015 1811.3971814400004
4000 2383 8182 1849.1393310720002
4000 2189 8006 1809.363173376
4000 2216 8072 1824.2792325120004
4000 2112 7954 1797.6111267840001
4000 2211 8083 1826.7652423680004
4000 2079 7915 1788.7970918400003
4000 2208 8069 1823.6012298240003
4000 2246 8185 1849.8173337600003
4000 2050 7823 1768.0050094080002
4000 2120 7967 1800.549138432
4000 2181 8070 1823.8272307200002
4000 2258 8060 1821.5672217600002
4000 2213 8089 1828.1212477440001
4000 2039 7841 1772.0730255360002
4000 2238 8082 1826.5392414720004
4000 2107 7932 1792.6391070720003
4000 2251 8045 1818.17720832
4000 2252 8133 1838.0652871680002
4000 2206 7936 1793.5431106560004
4000 2170 7925 1791.0571008000002
4000 2132 7883 1781.5650631680003
4000 2224 7992 1806.1991608320002
4000 2168 7866 1777.7230479360003
4000 2177 8011 1810.493177856
4000 2327 8209 1855.2413552640003
4000 2215 8092 1828.7992504320002
4000 2183 8034 1815.6911984640003
4000 2178 7939 1794.2211133440003
4000 2159 7953 1797.3851258880002
4000 2069 7924 1790.8310999040002
4000 2149 8025 1813.6571904000004
4000 2217 8005 1809.1371724800003
4000 2289 8059 1821.3412208640004
4000 2249 8060 1821.5672217600002
4000 2255 8073 1824.5052334080003
4000 2158 8045 1818.17720832
4000 2077 7825 1768.4570112000004
4000 2085 7888 1782.6950676480003
4000 2116 7990 1805.7471590400003
4000 2232 8098 1830.1552558080002
4000 2237 8060 1821.5672217600002
4000 2074 7914 1788.5710909440002
4000 2135 8000 1808.0071680000003
4000 2232 8149 1841.6813015040002
4000 2140 7904 1786.311081984
4000 2257 8068 1823.3752289280003
4000 2082 7962 1799.4191339520005
4000 2237 8020 1812.5271859200004
4000 2308 8097 1829.9292549120003
4000 2292 8076 1825.1832360960002
4000 2024 7788 1760.0949780480003
4000 2225 8031 1815.0131957760002
4000 2271 8090 1828.3472486400003
4000 2129 8050 1819.3072128000001
4000 2252 8034 1815.6911984640003
4000 2263 8082 1826.5392414720004
4000 2161 8108 1832.4152647680003
4000 2123 8013 1810.9451796480002
4000 2259 8085 1827.2172441600003
4000 2219 8026 1813.8831912960002
4000 2218 8047 1818.6292101120002
4000 2109 7983 1804.1651527680003
4000 2199 8034 1815.6911984640003
4000 2274 8060 1821.5672217600002
4000 2247 8057 1820.8892190720003
4000 2224 7970 1801.2271411200004
5000 3330 10073 2276.5070254080006
5000 3351 10109 2284.6430576640005
5000 3159 9876 2231.9848488960006
5000 3178 9911 2239.8948802560003
5000 3210 9950 2248.7089152000003
5000 3309 10070 2275.8290227200005
5000 3284 9936 2245.544902656
5000 3229 9948 2248.2569134080004
5000 3489 10200 2305.2091392
5000 3186 10021 2264.7549788160004
5000 3253 10070 2275.8290227200005
5000 3257 9949 2248.4829143040006
5000 3400 10158 2295.7171015680005
5000 3323 10091 2280.5750415360003
5000 3329 10115 2285.9990630400002
5000 3322 10062 2274.0210155520003
5000 3429 10203 2305.8871418880003
5000 3240 10012 2262.7209707520005
5000 3398 10085 2279.2190361600005
5000 3418 10195 2304.07913472
5000 3522 10228 2311.5371642880004
5000 3413 10116 2286.2250639360004
5000 3237 9973 2253.9069358080005
5000 3349 10016 2263.6249743360004
5000 3278 10076 2277.185028096
5000 3469 10098 2282.1570478080007
5000 3353 10061 2273.795014656
5000 3349 10108 2284.4170567680003
5000 3247 9992 2258.2009528320004
5000 3259 9842 2224.300818432
5000 3373 10125 2288.2590720000003
5000 3316 10220 2309.7291571200003
5000 3360 10036 2268.1449922560005
5000 3276 10010 2262.2689689600006
5000 3136 9864 2229.2728381440006
5000 3290 10034 2267.692990464
5000 3308 10027 2266.1109841920006
5000 3475 10239 2314.0231741440007
5000 3230 9964 2251.872927744
5000 3337 10096 2281.7050460160003
5000 3277 9891 2235.3748623360007
5000 3311 10223 2310.4071598080004
5000 3262 10089 2280.1230397440004
5000 3291 10059 2273.3430128640002
5000 3057 9957 2250.2909214720003
5000 3282 10084 2278.9930352640004
5000 3370 10099 2282.3830487040004
5000 3324 10144 2292.553089024
5000 3327 10103 2283.2870522880007
5000 3270 10047 2270.6310021120003
5000 3425 10088 2279.8970388480006
5000 3271 9990 2257.7489510400005
5000 3275 10057 2272.8910110720003
5000 3199 9911 2239.8948802560003
5000 3255 10022 2264.9809797120006
5000 3328 10076 2277.185028096
5000 3369 10112 2285.321060352
5000 3079 9950 2248.7089152000003
5000 3306 10085 2279.2190361600005
5000 3342 10084 2278.9930352640004
5000 3229 9929 2243.9628963840005
5000 3327 10029 2266.562985984
5000 3205 10025 2265.6589824000007
5000 3199 9956 2250.064920576
5000 3352 10075 2276.9590272000005
5000 3298 10006 2261.3649653760003
5000 3182 10018 2264.0769761280003
5000 3304 10122 2287.581069312
5000 3359 9986 2256.844947456
5000 3337 10105 2283.73905408
5000 3343 10102 2283.061051392
5000 3200 9957 2250.2909214720003
5000 3261 10070 2275.8290227200005
5000 3292 10031 2267.0149877760005
5000 3211 10107 2284.191055872
5000 3174 10017 2263.8509752320006
5000 3165 9872 2231.0808453120003
5000 3388 10078 2277.6370298880006
500 0 1026 231.87691929600004
5000 3310 10156 2295.2650997760006
5000 3227 10009 2262.042968064
500 0 1002 226.45289779200002
500 0 1028 232.32892108800002
5000 3233 10019 2264.302977024
5000 3301 10033 2267.4669895680004
500 0 1045 236.17093632
5000 3158 9957 2250.2909214720003
500 0 977 220.80287539200003
500 0 1030 232.78092288000002
500 0 1009 228.03490406400005
500 0 1059 239.334948864
500 0 1038 234.58893004800004
500 0 980 221.48087808000005
5000 3428 10148 2293.4570926080005
500 0 1022 230.97291571200003
500 0 994 224.64489062400006
500 0 1044 235.94493542400002
500 0 1036 234.13692825600003
500 0 963 217.63886284800003
500 0 988 223.288885248
500 0 1010 228.26090496000003
500 0 974 220.124872704
500 0 1043 235.71893452800003
500 0 1046 236.39693721600005
500 0 982 221.93287987200003
500 0 988 223.288885248
500 0 923 208.59882700800006
500 0 1017 229.84291123200003
500 0 951 214.92685209600003
500 0 1012 228.71290675200004
500 0 1050 237.30094080000003
5000 3249 9866 2229.7248399360005
500 0 1069 241.59495782400003
500 0 975 220.35087360000003
500 0 1010 228.26090496000003
500 0 988 223.288885248
5000 3227 10035 2267.9189913600003
500 0 1011 228.48690585600005
500 0 1026 231.87691929600004
5000 3123 9775 2209.1587584000004
500 0 1017 229.84291123200003
5000 3426 10030 2266.7889868800003
500 0 1019 230.29491302400004
500 0 986 222.83688345600004
5000 3355 10039 2268.822994944
5000 3200 9970 2253.2289331200004
500 0 1011 228.48690585600005
500 0 960 216.96086016000004
500 0 984 222.38488166400003
500 0 1018 230.06891212800002
500 0 1027 232.10292019200003
500 0 1004 226.90489958400002
500 0 992 224.19288883200005
500 0 1005 227.13090048000004
500 0 998 225.54889420800004
500 0 980 221.48087808000005
500 0 985 222.61088256000002
500 0 983 222.15888076800005
500 0 1000 226.00089600000004
500 0 1001 226.22689689600003
500 0 979 221.25487718400004
500 0 997 225.32289331200005
500 0 1043 235.71893452800003
500 0 1034 233.68492646400006
500 0 985 222.61088256000002
500 0 1026 231.87691929600004
500 0 1046 236.39693721600005
500 0 955 215.83085568000004
500 0 995 224.87089152000004
500 0 1059 239.334948864
500 0 952 215.15285299200005
500 0 1012 228.71290675200004
500 0 986 222.83688345600004
500 0 1043 235.71893452800003
500 0 1010 228.26090496000003
500 0 993 224.41888972800004
500 0 1022 230.97291571200003
500 0 1006 227.35690137600005
500 0 979 221.25487718400004
500 0 1000 226.00089600000004
500 0 975 220.35087360000003
500 0 957 216.28285747200005
5000 3390 10120 2287.1290675200003
500 0 991 223.96688793600006
500 0 982 221.93287987200003
500 0 1023 231.19891660800005
500 0 1012 228.71290675200004
500 0 1042 235.49293363200002
500 0 989 223.51488614400003
500 0 1007 227.58290227200004
500 0 957 216.28285747200005
500 0 1044 235.94493542400002
500 0 1011 228.48690585600005
500 0 996 225.09689241600003
500 0 977 220.80287539200006
500 0 1006 227.35690137600005
500 0 974 220.124872704
500 0 1033 233.45892556800004
500 0 1001 226.22689689600003
500 0 967 218.54286643200004
500 0 979 221.25487718400004
500 0 988 223.288885248
500 0 1033 233.45892556800004
500 0 983 222.15888076800005
500 0 993 224.41888972800004
500 0 1066 240.91695513600004
500 0 1007 227.58290227200004
500 0 1031 233.00692377600004
500 0 1017 229.84291123200003
500 0 948 214.248849408
1000 0 1929 435.95572838400005
1000 0 1987 449.06378035200004
1000 0 2046 462.3978332160001
1000 0 2104 475.5058851840001
5000 3395 10116 2286.2250639360004
1000 0 2030 458.78181888000006
1000 0 2028 458.3298170880001
1000 0 1996 451.09778841600007
1000 0 2039 460.8158269440001
1000 0 2003 452.6797946880001
1000 0 1929 435.95572838400005
1000 0 2029 458.5558179840001
1000 0 1999 451.77579110400006
1000 0 1930 436.18172928000007
1000 0 2065 466.69185024000006
1000 0 2048 462.84983500800007
1000 0 2017 455.8438072320001
1000 0 1935 437.31173376000004
1000 0 1937 437.76373555200007
1000 0 2064 466.4658493440001
1000 0 2032 459.23382067200004
1000 0 2028 458.3298170880001
1000 0 1994 450.6457866240001
1000 0 1951 440.9277480960001
1000 0 1990 449.7417830400001
1000 0 2012 454.7138027520001
1000 0 1991 449.96778393600005
1000 0 1913 432.339714048
1000 0 1924 434.82572390400003
1000 0 1982 447.933775872
5000 3218 10108 2284.4170567680003
1000 0 1945 439.5717427200001
1000 0 2031 459.0078197760001
1000 0 2118 478.669897728
1000 0 1986 448.8377794560001
1000 0 2009 454.03580006400006
1000 0 2038 460.5898260480001
5000 3379 10107 2284.191055872
1000 0 2092 472.7938744320001
1000 0 1916 433.01771673600007
1000 0 1915 432.7917158400001
1000 0 2057 464.8838430720001
1000 0 2081 470.3078645760001
1000 0 1951 440.9277480960001
1000 0 2012 454.7138027520001
5000 3240 10034 2267.692990464
5000 3325 10139 2291.423084544
1000 0 2033 459.45982156800005
1000 0 2030 458.78181888000006
1000 0 1996 451.09778841600007
1000 0 2099 474.37588070400005
1000 0 2055 464.43184128000007
1000 0 1986 448.8377794560001
1000 0 1982 447.9337758720001
1000 0 1916 433.01771673600007
5000 3172 9912 2240.1208811520005
1000 0 2050 463.30183680000005
1000 0 2004 452.90579558400003
1000 0 1976 446.577770496
1000 0 1965 444.09176064
1000 0 2009 454.03580006400006
1000 0 2006 453.35779737600006
5000 3473 10260 2318.7691929600005
1000 0 2011 454.4878018560001
1000 0 1970 445.22176512000004
1000 0 1894 428.04569702400005
1000 0 2126 480.4779048960001
1000 0 1986 448.8377794560001
1000 0 1962 443.4137579520001
1000 0 1931 436.4077301760001
1000 0 1992 450.19378483200006
1000 0 2035 459.9118233600001
1000 0 2069 467.5958538240001
1000 0 1972 445.6737669120001
5000 3201 9856 2227.4648309760005
1000 0 2003 452.67979468800016
1000 0 2023 457.1998126080001
1000 0 2049 463.07583590400003
1000 0 1973 445.8997678080001
1000 0 2047 462.62383411200005
1000 0 2002 452.45379379200006
1000 0 2030 458.78181888000006
1000 0 1971 445.4477660160001
1000 0 1942 438.89374003200004
1000 0 2067 467.14385203200004
1000 0 1996 451.09778841600007
1000 0 2058 465.10984396800006
5000 3338 10065 2274.6990182400004
1000 0 2023 457.1998126080001
1000 0 2007 453.5837982720001
1000 0 1932 436.6337310720001
1000 0 2020 456.52180992000007
1000 0 1936 437.53773465600005
1000 0 2067 467.14385203200004
1000 0 1917 433.2437176320001
1000 0 1962 443.4137579520001
1000 0 2026 457.87781529600005
1000 0 1951 440.9277480960001
1000 0 1992 450.19378483200006
1000 0 1987 449.06378035200004
1000 0 1944 439.3457418240001
1000 0 2091 472.5678735360001
1000 0 2016 455.61780633600006
1000 0 1992 450.19378483200006
1000 0 1992 450.19378483200006
1000 0 1955 441.8317516800001
1000 0 2041 461.26782873600007
2000 0 4039 912.8176189440002
2000 0 3984 900.3875696640001
2000 0 4043 913.7216225280001
2000 0 3955 893.8335436800002
2000 0 3959 894.7375472640002
2000 0 4076 921.1796520960002
2000 0 4061 917.7896386560002
2000 0 3919 885.6975114240001
2000 0 3964 895.8675517440003
2000 0 3930 888.18352128
2000 0 3985 900.6135705600002
2000 0 3991 901.9695759360001
2000 0 4023 909.2016046080001
2000 0 3976 898.5795624960002
2000 0 3975 898.3535616000001
2000 0 3977 898.8055633920001
2000 0 4090 924.3436646400002
2000 0 3981 899.7095669760002
2000 0 4087 923.6656619520002
2000 0 4004 904.9075875840001
2000 0 4078 921.6316538880002
2000 0 3955 893.8335436800002
2000 0 3975 898.3535616000001
2000 0 4058 917.1116359680002
2000 0 3947 892.025536512
2000 0 4089 924.1176637440002
2000 0 4001 904.2295848960001
2000 0 4052 915.7556305920001
2000 0 4132 933.8357022720002
2000 0 4107 928.1856798720002
2000 0 4045 914.1736243200002
2000 0 4168 941.9717345280001
2000 0 3904 882.3074979840001
2000 0 3976 898.5795624960002
2000 0 3934 889.0875248640001
2000 0 3958 894.5115463680002
2000 0 4027 910.1056081920002
2000 0 4075 920.9536512000002
2000 0 4061 917.7896386560002
2000 0 3997 903.3255813120002
2000 0 3981 899.7095669760002
2000 0 3943 891.1215329280001
2000 0 4023 909.2016046080001
2000 0 4066 918.9196431360001
2000 0 4025 909.6536064000001
2000 0 4125 932.2536960000001
2000 0 3968 896.7715553280002
2000 0 3966 896.3195535360002
2000 0 3974 898.1275607040001
2000 0 4131 933.6097013760002
2000 0 4092 924.7956664320002
2000 0 4069 919.5976458240001
2000 0 4059 917.3376368640002
2000 0 3904 882.3074979840001
2000 0 4084 922.9876592640002
2000 0 4074 920.7276503040001
2000 0 4012 906.7155947520001
2000 0 3943 891.1215329280001
2000 0 4175 943.5537408000002
2000 0 4053 915.9816314880002
2000 0 4068 919.3716449280001
2000 0 4132 933.8357022720002
2000 0 4058 917.1116359680002
2000 0 3926 887.2795176960001
2000 0 3996 903.0995804160001
2000 0 3970 897.2235571200001
2000 0 3945 891.5735347200001
2000 0 3962 895.4155499520001
2000 0 4016 907.6195983360001
2000 0 3966 896.3195535360002
2000 0 4059 917.3376368640002
2000 0 4073 920.5016494080002
2000 0 4032 911.2356126720001
2000 0 4056 916.6596341760002
2000 0 4036 912.1396162560002
2000 0 4085 923.2136601600001
2000 0 3993 902.4215777280002
2000 0 4027 910.1056081920002
2000 0 4074 920.7276503040001
2000 0 4028 910.3316090880002
2000 0 4037 912.3656171520001
2000 0 3765 850.8933734400002
2000 0 4015 907.3935974400001
2000 0 4054 916.2076323840001
2000 0 4012 906.7155947520001
2000 0 3953 893.3815418880001
2000 0 3985 900.6135705600002
2000 0 3924 886.8275159040002
2000 0 3976 898.5795624960002
2000 0 4063 918.2416404480002
2000 0 3949 892.4775383040002
2000 0 4018 908.0716001280001
2000 0 4060 917.5636377600001
2000 0 3998 903.5515822080001
2000 0 3954 893.6075427840002
2000 0 4037 912.3656171520001
2000 0 4103 927.2816762880001
2000 0 4104 927.5076771840002
2000 0 4066 918.9196431360001
3000 0 5973 1349.9033518080003
3000 0 6072 1372.2774405120003
3000 0 5969 1348.9993482240002
3000 0 5978 1351.033356288
3000 0 5886 1330.2412738560001
3000 0 6043 1365.7234145280001
3000 0 6043 1365.7234145280001
3000 0 6104 1379.5094691840002
3000 0 6022 1360.977395712
3000 0 5969 1348.9993482240002
3000 0 5955 1345.8353356800003
3000 0 6028 1362.3334010880003
3000 0 5971 1349.4513500160003
3000 0 6127 1384.7074897920004
3000 0 6022 1360.977395712
3000 0 5992 1354.1973688320002
3000 0 6080 1374.0854476800002
3000 0 6255 1413.6356044800002
3000 0 6012 1358.717386752
3000 0 6139 1387.4195005440001
3000 0 6124 1384.0294871040003
3000 0 5882 1329.3372702720003
3000 0 6107 1380.1874718720003
3000 0 5946 1343.8013276160002
3000 0 5961 1347.1913410560003
3000 0 5975 1350.3553536000002
3000 0 5988 1353.293365248
3000 0 6105 1379.7354700800001
3000 0 5934 1341.0893168640002
3000 0 6134 1386.289496064
3000 0 5884 1329.7892720640002
3000 0 6110 1380.8654745600002
3000 0 6074 1372.729442304
3000 0 5978 1351.033356288
3000 0 6049 1367.0794199040004
3000 0 6033 1363.4634055680003
3000 0 6030 1362.7854028800002
3000 0 5891 1331.3712783360002
3000 0 5888 1330.6932756480003
3000 0 6071 1372.0514396160002
3000 0 6010 1358.2653849600003
3000 0 6101 1378.8314664960003
3000 0 6091 1376.5714575360003
3000 0 6005 1357.1353804800003
3000 0 6047 1366.6274181120002
3000 0 6096 1377.7014620160003
3000 0 6086 1375.4414530560002
3000 0 6013 1358.9433876480002
3000 0 5980 1351.4853580800002
3000 0 6032 1363.2374046720001
3000 0 5986 1352.8413634560002
3000 0 6074 1372.729442304
3000 0 5936 1341.5413186560002
3000 0 5982 1351.9373598720001
3000 0 6255 1413.6356044800002
3000 0 6003 1356.6833786880002
3000 0 6017 1359.847391232
3000 0 6052 1367.7574225920002
3000 0 5843 1320.5232353280003
3000 0 6036 1364.1414082560002
3000 0 5994 1354.6493706240003
3000 0 6100 1378.6054656000001
3000 0 6128 1384.9334906880001
3000 0 6070 1371.8254387200002
3000 0 6049 1367.0794199040004
3000 0 5974 1350.1293527040002
3000 0 5944 1343.349325824
3000 0 6118 1382.673481728
3000 0 6005 1357.1353804800003
3000 0 6084 1374.989451264
3000 0 5977 1350.807355392
3000 0 5925 1339.0553088000001
3000 0 6083 1374.7634503680003
3000 0 6010 1358.2653849600003
3000 0 6025 1361.6553984000002
3000 0 6045 1366.17541632
3000 0 6080 1374.0854476800002
3000 0 6074 1372.729442304
3000 0 5749 1299.279151104
3000 0 6017 1359.847391232
3000 0 6011 1358.491385856
3000 0 6021 1360.7513948160001
3000 0 5993 1354.4233697280001
3000 0 5985 1352.6153625600002
3000 0 5935 1341.3153177600002
3000 0 6020 1360.5253939200004
3000 0 6049 1367.0794199040004
3000 0 6051 1367.531421696
3000 0 6148 1389.4535086080002
3000 0 5944 1343.349325824
3000 0 5968 1348.7733473280002
3000 0 6061 1369.791430656
3000 0 5922 1338.3773061120003
3000 0 5993 1354.4233697280001
3000 0 5976 1350.5813544960004
3000 0 6012 1358.717386752
3000 0 5999 1355.779375104
3000 0 6040 1365.04541184
3000 0 5894 1332.0492810240003
4000 0 8010 1810.2671769600004
4000 0 8185 1849.8173337600003
4000 0 8002 1808.4591697920002
4000 0 7990 1805.7471590400003
4000 0 8175 1847.5573248000003
4000 0 8105 1831.7372620800002
4000 0 7958 1798.5151303680002
4000 0 7943 1795.1251169280001
4000 0 7981 1803.7131509760004
4000 0 8049 1819.0812119040004
4000 0 7998 1807.5551662080002
4000 0 8246 1863.6033884160004
4000 0 8023 1813.2051886080003
4000 0 8103 1831.2852602880002
4000 0 7883 1781.5650631680003
4000 0 8025 1813.6571904000004
4000 0 8055 1820.4372172800001
4000 0 7962 1799.4191339520005
4000 0 8128 1836.9352826880001
4000 0 8031 1815.0131957760002
4000 0 7885 1782.0170649600002
4000 0 8071 1824.0532316160002
4000 0 8256 1865.8633973760004
4000 0 8041 1817.2732047360003
4000 0 8111 1833.0932674560004
4000 0 7925 1791.0571008000002
4000 0 8027 1814.1091921920004
4000 0 8185 1849.8173337600003
4000 0 8095 1829.4772531200003
4000 0 8028 1814.3351930880003
4000 0 7983 1804.1651527680003
4000 0 8045 1818.17720832
4000 0 8096 1829.7032540160003
4000 0 7832 1770.0390174720003
4000 0 8133 1838.0652871680002
4000 0 8161 1844.3933122560002
4000 0 7977 1802.809147392
4000 0 8028 1814.3351930880003
4000 0 8030 1814.7871948800002
4000 0 8046 1818.4032092160003
4000 0 8098 1830.1552558080002
4000 0 8040 1817.0472038400003
4000 0 8060 1821.5672217600002
4000 0 7823 1768.0050094080002
4000 0 7976 1802.5831464960004
4000 0 7993 1806.4251617280001
4000 0 8071 1824.0532316160002
4000 0 8114 1833.7712701440003
4000 0 8056 1820.6632181760003
4000 0 8013 1810.9451796480002
4000 0 8158 1843.7153095680003
4000 0 7953 1797.3851258880002
4000 0 7990 1805.7471590400003
4000 0 8192 1851.3993400320003
4000 0 7937 1793.7691115520004
4000 0 8168 1845.9753185280003
4000 0 8031 1815.0131957760002
4000 0 8148 1841.4553006080002
4000 0 8038 1816.5952020480004
4000 0 8055 1820.4372172800001
4000 0 8214 1856.3713597440003
4000 0 8098 1830.1552558080002
4000 0 7948 1796.2551214080002
4000 0 7935 1793.3171097600002
4000 0 8068 1823.3752289280003
4000 0 7833 1770.2650183680003
4000 0 8009 1810.0411760640004
4000 0 7971 1801.4531420160004
4000 0 7932 1792.6391070720003
4000 0 8210 1855.4673561600002
4000 0 8057 1820.8892190720003
4000 0 8107 1832.1892638720003
4000 0 7929 1791.9611043840002
4000 0 7955 1797.8371276800003
4000 0 7981 1803.7131509760004
4000 0 8283 1871.9654215680002
4000 0 7917 1789.2490936320003
4000 0 7995 1806.8771635200003
4000 0 8034 1815.6911984640003
4000 0 8109 1832.6412656640002
4000 0 7914 1788.5710909440002
4000 0 8008 1809.8151751680002
4000 0 7911 1787.8930882560003
4000 0 7966 1800.3231375360003
4000 0 8033 1815.4651975680003
4000 0 8204 1854.1113507840005
4000 0 8016 1811.6231823360001
4000 0 8049 1819.0812119040004
4000 0 7914 1788.5710909440002
4000 0 7966 1800.3231375360003
4000 0 7973 1801.9051438080003
4000 0 7998 1807.5551662080002
4000 0 7854 1775.0110371840003
4000 0 8148 1841.4553006080002
4000 0 8244 1863.1513866240002
4000 0 8058 1821.1152199680002
4000 0 7915 1788.7970918400003
4000 0 8045 1818.17720832
4000 0 8001 1808.2331688960003
5000 0 10137 2290.9710827520003
5000 0 10067 2275.1510200320004
5000 0 10160 2296.16910336
5000 0 9909 2239.4428784640004
5000 0 9987 2257.0709483520004
5000 0 10139 2291.423084544
5000 0 10213 2308.1471508480004
5000 0 9872 2231.0808453120003
5000 0 10015 2263.3989734400006
5000 0 9807 2216.3907870720004
5000 0 10188 2302.4971284480002
5000 0 10063 2274.2470164480005
5000 0 10085 2279.2190361600005
5000 0 9926 2243.2848936960004
5000 0 10140 2291.6490854400004
5000 0 10205 2306.3391436800002
5000 0 10043 2269.7269985280004
5000 0 9965 2252.0989286400004
5000 0 10001 2260.2349608960003
5000 0 9860 2228.3688345600003
5000 0 10029 2266.562985984
5000 0 9965 2252.0989286400004
5000 0 10007 2261.5909662720005
5000 0 9990 2257.7489510400005
5000 0 10063 2274.2470164480005
5000 0 10110 2284.86905856
5000 0 9879 2232.6628515840002
5000 0 9913 2240.346882048
5000 0 10126 2288.4850728960005
5000 0 10049 2271.083003904
5000 0 10101 2282.8350504960003
5000 0 10133 2290.0670791680004
5000 0 10043 2269.7269985280004
5000 0 10112 2285.321060352
5000 0 9985 2256.6189465600005
5000 0 9874 2231.5328471040007
5000 0 10055 2272.4390092800004
5000 0 10157 2295.4911006720004
5000 0 10061 2273.795014656
5000 0 10084 2278.9930352640004
5000 0 9992 2258.2009528320004
5000 0 10075 2276.9590272000005
5000 0 9889 2234.9228605440003
5000 0 9957 2250.2909214720003
5000 0 10075 2276.9590272000005
5000 0 10037 2268.370993152
5000 0 10000 2260.0089600000006
5000 0 10119 2286.9030666240005
5000 0 10108 2284.4170567680003
5000 0 9716 2195.8247055360002
5000 0 9947 2248.0309125120007
5000 0 10086 2279.4450370560003
5000 0 10080 2278.0890316800005
5000 0 9954 2249.6129187840006
5000 0 9971 2253.454934016
5000 0 9942 2246.9009080320006
5000 0 9887 2234.4708587520004
5000 0 10160 2296.16910336
5000 0 10077 2277.4110289920004
5000 0 9921 2242.1548892160004
5000 0 9938 2245.9969044480004
5000 0 9903 2238.086873088
5000 0 10054 2272.213008384
5000 0 10036 2268.1449922560005
5000 0 9872 2231.0808453120003
5000 0 10032 2267.240988672
5000 0 10114 2285.7730621440005
5000 0 9991 2257.9749519360003
5000 0 10123 2287.8070702080004
5000 0 9964 2251.872927744
5000 0 10054 2272.213008384
5000 0 10170 2298.42911232
5000 0 9810 2217.06878976
5000 0 9891 2235.3748623360007
5000 0 10096 2281.7050460160003
5000 0 9886 2234.2448578560006
5000 0 10169 2298.2031114240003
5000 0 9916 2241.0248847360003
5000 0 9997 2259.3309573120005
5000 0 9907 2238.9908766720005
5000 0 10034 2267.692990464
5000 0 9998 2259.556958208
5000 0 10086 2279.4450370560003
5000 0 10038 2268.5969940480004
5000 0 10084 2278.9930352640004
5000 0 10241 2314.475175936
5000 0 10016 2263.6249743360004
5000 0 9914 2240.5728829440004
5000 0 10069 2275.6030218240003
5000 0 9941 2246.674907136
5000 0 10091 2280.5750415360003
5000 0 10082 2278.541033472
5000 0 9934 2245.0929008640005
5000 0 9939 2246.2229053440005
5000 0 10028 2266.3369850880003
5000 0 10029 2266.562985984
5000 0 10007 2261.5909662720005
5000 0 9898 2236.956868608
5000 0 10074 2276.7330263040003
5000 0 10010 2262.2689689600006
500 69 1571 355.04740761600004
500 96 1587 358.6634219520001
500 69 1581 357.30741657600004
500 64 1582 357.53341747200005
500 68 1620 366.12145152000005
500 75 1639 370.4154685440001
500 68 1614 364.76544614400007
500 82 1679 379.45550438400005
500 76 1730 390.98155008000003
500 72 1622 366.573453312
500 95 1590 359.34142464000007
500 86 1731 391.20755097600005
500 59 1642 371.09347123200007
500 96 1737 392.56355635200003
500 65 1605 362.73143808000003
500 55 1638 370.18946764800006
500 106 1751 395.7275688960001
500 80 1655 374.03148288000006
500 105 1604 362.5054371840001
500 101 1769 399.79558502400005
500 74 1720 388.72154112000004
500 84 1749 395.2755671040001
500 68 1608 363.4094407680001
500 92 1750 395.5015680000001
500 70 1652 373.353480192
500 84 1640 370.64146944000004
500 82 1594 360.245428224
500 79 1694 382.84551782400007
500 89 1646 371.997474816
500 84 1700 384.20152320000005
500 75 1649 372.67547750400007
500 79 1725 389.85154560000007
500 86 1687 381.26351155200007
500 77 1747 394.823565312
500 90 1657 374.48348467200003
500 105 1694 382.84551782400007
500 69 1586 358.43742105600006
500 76 1599 361.37543270400005
500 91 1604 362.5054371840001
500 92 1652 373.35348019200006
500 86 1676 378.77750169600006
500 91 1746 394.59756441600007
500 90 1762 398.2135787520001
500 61 1670 377.4214963200001
500 84 1706 385.55752857600004
500 84 1686 381.03751065600005
500 78 1601 361.827434496
500 67 1710 386.4615321600001
500 84 1642 371.09347123200007
500 80 1674 378.325499904
500 76 1729 390.7555491840001
500 88 1666 376.51749273600007
500 68 1619 365.8954506240001
500 93 1733 391.6595527680001
500 68 1615 364.9914470400001
500 102 1655 374.03148288000006
500 68 1684 380.5855088640001
500 92 1702 384.65352499200003
500 83 1689 381.71551334400004
500 79 1615 364.9914470400001
500 67 1546 349.3973852160001
500 103 1698 383.7495214080001
500 85 1599 361.37543270400005
500 80 1666 376.51749273600007
500 97 1700 384.20152320000005
500 80 1752 395.95356979200005
500 97 1806 408.1576181760001
500 80 1683 380.35950796800006
500 87 1641 370.8674703360001
500 97 1646 371.997474816
500 86 1624 367.02545510400006
500 82 1633 369.05946316800004
500 78 1605 362.73143808000003
500 102 1744 394.1455626240001
500 85 1641 370.8674703360001
500 79 1707 385.78352947200005
500 90 1646 371.997474816
500 46 1599 361.37543270400005
500 82 1689 381.71551334400004
500 97 1620 366.12145152000005
500 105 1781 402.5075957760001
500 88 1665 376.29149184000005
500 85 1629 368.155459584
500 73 1687 381.26351155200007
500 92 1815 410.19162624000006
500 71 1654 373.8054819840001
500 68 1618 365.669449728
500 100 1766 399.1175823360001
500 75 1648 372.44947660800005
500 90 1710 386.4615321600001
500 89 1646 371.997474816
500 109 1801 407.02761369600006
500 89 1712 386.9135339520001
500 91 1757 397.0835742720001
500 66 1750 395.5015680000001
500 80 1690 381.94151424000006
500 104 1668 376.96949452800004
500 78 1710 386.4615321600001
500 79 1609 363.63544166400004
500 60 1617 365.44344883200006
1000 300 3222 728.174886912
1000 314 3369 761.3970186240001
1000 319 3342 755.2949944320002
1000 302 3364 760.2670141440002
1000 352 3353 757.7810042880001
1000 300 3263 737.4409236480001
1000 321 3234 730.8868976640001
1000 306 3393 766.8210401280002
1000 337 3380 763.8830284800001
1000 342 3357 758.6850078720001
1000 315 3385 765.0130329600001
1000 372 3457 781.2850974720001
1000 331 3381 764.1090293760002
1000 325 3380 763.8830284800001
1000 287 3231 730.2088949760001
1000 332 3351 757.3290024960002
1000 348 3301 746.0289576960001
1000 294 3263 737.4409236480001
1000 310 3342 755.2949944320002
1000 345 3358 758.9110087680001
1000 366 3376 762.9790248960002
1000 344 3392 766.5950392320001
1000 303 3260 736.7629209600002
1000 292 3200 723.2028672000001
1000 293 3206 724.5588725760001
1000 331 3295 744.6729523200001
1000 306 3327 751.9049809920001
1000 296 3344 755.7469962240001
1000 346 3322 750.7749765120001
1000 299 3213 726.1408788480002
1000 331 3299 745.5769559040002
1000 311 3289 743.3169469440002
1000 357 3423 773.6010670080001
1000 328 3379 763.6570275840002
1000 341 3346 756.1989980160001
1000 355 3378 763.4310266880001
1000 364 3450 779.7030912000001
1000 302 3311 748.2889666560002
1000 298 3233 730.6608967680002
1000 354 3497 790.3251333120002
1000 334 3340 754.8429926400001
1000 353 3332 753.0349854720001
1000 345 3443 778.1210849280001
1000 326 3412 771.1150571520001
1000 292 3294 744.4469514240002
1000 306 3260 736.7629209600002
1000 306 3327 751.9049809920001
1000 309 3274 739.9269335040001
1000 298 3275 740.1529344
1000 278 3224 728.6268887040001
1000 370 3295 744.6729523200001
1000 377 3419 772.6970634240001
1000 299 3353 757.7810042880001
1000 354 3398 767.9510446080002
1000 367 3452 780.155092992
1000 324 3441 777.6690831360002
1000 332 3332 753.0349854720001
1000 278 3215 726.5928806400001
1000 341 3356 758.4590069760001
1000 330 3516 794.6191503360001
1000 340 3468 783.7711073280001
1000 310 3326 751.678980096
1000 348 3395 767.2730419200001
1000 317 3280 741.2829388800001
1000 355 3515 794.3931494400002
1000 323 3298 745.3509550080001
1000 341 3380 763.8830284800001
1000 384 3484 787.3871216640001
1000 318 3300 745.8029568000001
1000 348 3396 767.4990428160002
1000 333 3389 765.9170365440001
1000 343 3444 778.3470858240001
1000 305 3229 729.7568931840001
1000 349 3385 765.0130329600001
1000 333 3402 768.8550481920001
1000 362 3356 758.4590069760001
1000 319 3393 766.8210401280002
1000 316 3216 726.8188815360002
1000 290 3363 760.0410132480001
1000 303 3187 720.2648555520002
1000 317 3341 755.0689935360001
1000 326 3418 772.4710625280001
1000 344 3332 753.0349854720001
1000 268 3244 733.146906624
1000 293 3315 749.1929702400001
1000 395 3467 783.5451064320001
1000 357 3402 768.8550481920001
1000 332 3411 770.8890562560001
1000 305 3453 780.3810938880001
1000 335 3337 754.1649899520002
1000 275 3220 727.7228851200001
1000 324 3271 739.2489308160001
1000 321 3306 747.1589621760002
1000 325 3288 743.0909460480001
1000 329 3370 761.6230195200001
1000 307 3194 721.8468618240001
1000 281 3257 736.0849182720001
1000 391 3511 793.4891458560002
1000 389 3470 784.2231091200001
1000 333 3420 772.9230643200002
2000 1209 6545 1479.17586432
2000 1258 6646 1502.0019548160003
2000 1266 6755 1526.6360524800002
2000 1393 6999 1581.7802711040003
2000 1270 6780 1532.2860748800003
2000 1375 6920 1563.9262003200001
2000 1338 6784 1533.1900784640002
2000 1216 6770 1530.0260659200003
2000 1251 6697 1513.5280005120003
2000 1330 6800 1536.8060928000002
2000 1257 6710 1516.4660121600002
2000 1265 6609 1493.6399216640002
2000 1224 6519 1473.2998410240002
2000 1093 6594 1490.2499082240001
2000 1178 6562 1483.0178795520003
2000 1359 6836 1544.9421250560001
2000 1218 6677 1509.0079825920002
2000 1296 6767 1529.3480632320004
2000 1270 6579 1486.859894784
2000 1209 6692 1512.3979960320003
2000 1255 6644 1501.5499530240002
2000 1226 6680 1509.6859852800003
2000 1230 6676 1508.7819816960002
2000 1097 6583 1487.7638983680004
2000 1177 6573 1485.5038894080003
2000 1193 6370 1439.6257075200003
2000 1277 6706 1515.5620085760002
2000 1255 6685 1510.8159897600003
2000 1314 6798 1536.354091008
2000 1244 6740 1523.2460390400001
2000 1282 6598 1491.1539118080004
2000 1192 6594 1490.2499082240001
2000 1220 6656 1504.2619637760004
2000 1305 6838 1545.3941268480003
2000 1234 6581 1487.3118965760002
2000 1203 6450 1457.7057792000003
2000 1247 6620 1496.1259315200002
2000 1462 7157 1617.488412672
2000 1367 6856 1549.4621429760002
2000 1164 6698 1513.7540014080002
2000 1333 6827 1542.9081169920003
2000 1360 6802 1537.2580945920001
2000 1200 6675 1508.5559808000003
2000 1277 6663 1505.8439700480003
2000 1120 6628 1497.9339386880001
2000 1187 6427 1452.5077585920003
2000 1238 6655 1504.0359628800004
2000 1214 6598 1491.1539118080004
2000 1240 6627 1497.7079377920004
2000 1261 6656 1504.2619637760004
2000 1230 6663 1505.8439700480003
2000 1172 6614 1494.7699261440002
2000 1194 6563 1483.2438804480003
2000 1154 6385 1443.0157209600002
2000 1308 6738 1522.7940372480002
2000 1201 6640 1500.6459494400003
2000 1281 6692 1512.3979960320003
2000 1223 6553 1480.9838714880002
2000 1317 6955 1571.8362316800003
2000 1214 6660 1505.1659673600002
2000 1196 6584 1487.989899264
2000 1146 6463 1460.6437908480002
2000 1296 6754 1526.4100515840003
2000 1186 6456 1459.0617845760003
2000 1359 6859 1550.1401456640003
2000 1327 6686 1511.041990656
2000 1306 6804 1537.7100963840003
2000 1352 6797 1536.1280901120003
2000 1271 6771 1530.2520668160003
2000 1273 6714 1517.3700157440003
2000 1220 6708 1516.0140103680003
2000 1274 6640 1500.6459494400003
2000 1181 6462 1460.4177899520002
2000 1256 6681 1509.9119861760003
2000 1267 6823 1542.0041134080002
2000 1240 6673 1508.1039790080001
2000 1325 6899 1559.180181504
2000 1176 6593 1490.0239073280004
2000 1366 6774 1530.9300695040001
2000 1128 6521 1473.7518428160001
2000 1315 6744 1524.1500426240002
2000 1242 6674 1508.3299799040003
2000 1196 6572 1485.2778885120003
2000 1263 6805 1537.9360972800002
2000 1375 6939 1568.2202173440003
2000 1271 6809 1538.8401008640003
2000 1345 6762 1528.2180587520004
2000 1207 6522 1473.977843712
2000 1157 6542 1478.4978616320002
2000 1245 6745 1524.3760435200002
2000 1194 6520 1473.5258419200004
2000 1298 6746 1524.6020444160001
2000 1188 6513 1471.9438356480002
2000 1289 6758 1527.3140551680003
2000 1222 6585 1488.2159001600003
2000 1191 6668 1506.9739745280003
2000 1261 6897 1558.7281797120004
2000 1357 7076 1599.1823400960002
2000 1176 6608 1493.413920768
2000 1282 6756 1526.8620533760002
3000 2605 9870 2230.6288435200004
3000 2620 9918 2241.4768865280003
3000 2631 9885 2234.0188569600004
3000 2737 9992 2258.2009528320004
3000 2600 9820 2219.32879872
3000 2812 10230 2311.9891660800004
3000 2621 9948 2248.2569134080004
3000 2573 9831 2221.8148085760004
3000 2797 10315 2331.1992422400003
3000 2680 9999 2259.7829591040004
3000 2497 9781 2210.5147637760006
3000 2578 9814 2217.9727933440004
3000 2630 9854 2227.0128291840006
3000 2589 9965 2252.0989286400004
3000 2606 9985 2256.6189465600005
3000 2605 9896 2236.5048668160007
3000 2628 9887 2234.4708587520004
3000 2736 10136 2290.7450818560005
3000 2699 10067 2275.1510200320004
3000 2838 10203 2305.8871418880003
3000 2678 9883 2233.566855168
3000 2476 9643 2179.3266401280002
3000 2788 10027 2266.1109841920006
3000 2583 9828 2221.1368058880007
3000 2842 10090 2280.3490406400006
3000 2805 10146 2293.0050908160006
3000 2710 10127 2288.711073792
3000 2812 10161 2296.3951042560006
3000 2692 10007 2261.5909662720005
3000 2733 10162 2296.6211051520004
3000 2651 9858 2227.9168327680004
3000 2793 10161 2296.3951042560006
3000 2784 10189 2302.7231293440004
3000 2608 9876 2231.9848488960006
3000 2668 10194 2303.8531338240005
3000 2590 9656 2182.2646517760004
3000 2684 9922 2242.3808901120005
3000 2449 9805 2215.93878528
3000 2575 9625 2175.2586240000005
3000 2645 9868 2230.176841728
3000 2688 10041 2269.2749967360005
3000 2667 9958 2250.5169223680005
3000 2770 10119 2286.9030666240005
3000 2656 9986 2256.844947456
3000 2678 9893 2235.826864128
3000 2766 10115 2285.9990630400002
3000 2673 10095 2281.47904512
3000 2746 10042 2269.5009976320002
3000 2561 9902 2237.8608721920004
3000 2686 9936 2245.544902656
3000 3021 10359 2341.1432816640004
3000 2675 9938 2245.9969044480004
3000 2773 9865 2229.4988390400003
3000 2747 10001 2260.2349608960003
3000 2726 10109 2284.6430576640005
3000 2719 10162 2296.6211051520004
3000 2892 10307 2329.3912350720007
3000 2709 9970 2253.2289331200004
3000 2728 10139 2291.423084544
3000 2435 9610 2171.8686105600004
3000 2630 9797 2214.1307781120004
3000 2678 9987 2257.0709483520004
3000 2658 9984 2256.3929456640003
3000 2792 10058 2273.1170119680005
3000 2715 9963 2251.6469268480005
3000 2618 10002 2260.4609617920005
3000 2504 9915 2240.79888384
3000 2984 10348 2338.6572718080006
3000 2565 9901 2237.6348712960003
3000 2687 9925 2243.0588928
3000 2723 9991 2257.9749519360003
3000 2612 9990 2257.7489510400005
3000 2704 9970 2253.2289331200004
3000 2570 9918 2241.4768865280003
3000 2754 10126 2288.4850728960005
3000 2605 9846 2225.2048220160004
3000 2843 10268 2320.577200128
3000 2916 10288 2325.0972180480003
3000 2712 10046 2270.4050012160005
3000 2704 9916 2241.0248847360003
3000 2734 10331 2334.815256576
3000 2661 9910 2239.66887936
3000 2710 10065 2274.6990182400004
3000 2567 9890 2235.1488614400005
3000 2586 9944 2247.3529098240006
3000 2744 10031 2267.0149877760005
3000 2810 10178 2300.237119488
3000 2748 10044 2269.952999424
3000 2998 10496 2372.1054044160005
3000 2685 10039 2268.822994944
3000 2828 10092 2280.801042432
3000 2753 9964 2251.872927744
3000 2672 9983 2256.1669447680006
3000 2726 10121 2287.3550684160004
3000 2789 10245 2315.3791795200004
3000 2719 9726 2198.0847144960003
3000 2681 9843 2224.5268193280003
3000 2658 10094 2281.2530442240004
3000 2658 10033 2267.4669895680004
3000 2810 10088 2279.8970388480006
4000 4572 13040 2947.051683840001
4000 4593 13448 3039.2600494080007
4000 4701 13570 3066.8321587200003
4000 4727 13714 3099.3762877440004
4000 4598 13451 3039.938052096001
4000 4600 13371 3021.8579804160004
4000 4771 13365 3020.5019750400006
4000 4486 13312 3008.5239275520007
4000 4732 13656 3086.2682357760004
4000 4896 13708 3098.0202823680006
4000 4666 13469 3044.0060682240005
4000 4579 13313 3008.7499284480004
4000 4577 13453 3040.3900538880007
4000 4433 13207 2984.7938334720006
4000 4601 13541 3060.2781327360003
4000 4496 13100 2960.6117376
4000 4673 13480 3046.4920780800003
4000 4793 13582 3069.5441694720007
4000 4559 13325 3011.4619392000004
4000 4784 13560 3064.5721497600007
4000 4896 13662 3087.6242411520006
4000 4462 13192 2981.4038200320006
4000 4643 13506 3052.3681013760006
4000 4594 13427 3034.5140305920004
4000 4723 13328 3012.1399418880005
4000 4977 14047 3174.6345861120003
4000 4576 13290 3003.5519078400007
4000 4605 13182 2979.1438110720005
4000 4311 12888 2912.699547648
4000 4423 13040 2947.051683840001
4000 4543 13324 3011.2359383040002
4000 4833 13687 3093.2742635520003
4000 4583 13373 3022.3099822080007
4000 4602 13519 3055.3061130240008
4000 4740 13426 3034.2880296960006
4000 4422 13120 2965.1317555200003
4000 4562 13296 3004.9079132160005
4000 4689 13420 3032.9320243200004
4000 4533 13273 2999.7098926080002
4000 4416 13253 2995.1898746880006
4000 4764 13589 3071.1261757440006
4000 4463 13330 3012.5919436800004
4000 4550 13256 2995.8678773760003
4000 4401 13199 2982.9858263040005
4000 4508 13467 3043.5540664320006
4000 4614 13369 3021.4059786240005
4000 4686 13446 3038.8080476160007
4000 4629 13472 3044.6840709120006
4000 4510 13373 3022.3099822080007
4000 4683 13495 3049.8820915200004
4000 4585 13507 3052.5941022720003
4000 4599 13360 3019.3719705600006
4000 4389 13108 2962.419744768001
4000 4655 13309 3007.845924864
4000 4705 13415 3031.8020198400004
4000 4609 13422 3033.3840261120004
4000 4864 13726 3102.0882984960003
4000 4729 13585 3070.2221721600004
4000 4634 13423 3033.6100270080005
4000 4661 13341 3015.0779535360007
4000 4700 13502 3051.4640977920003
4000 4406 13145 2970.7817779200004
4000 4640 13528 3057.340121088
4000 4871 13484 3047.3960816640006
4000 4503 13175 2977.5618048000006
4000 4460 13169 2976.2057994240004
4000 4469 13207 2984.7938334720006
4000 4663 13367 3020.9539768320005
4000 4468 13114 2963.7757501440005
4000 4382 13286 3002.6479042560004
4000 4581 13275 3000.1618944000006
4000 4439 13183 2979.3698119680002
4000 4809 13610 3075.8721945600005
4000 4581 13444 3038.3560458240004
4000 4825 13618 3077.6802017280006
4000 4663 13434 3036.0960368640003
4000 4367 13148 2971.459780608
4000 4717 13641 3082.8782223360004
4000 4634 13404 3029.3160099840006
4000 4602 13383 3024.569991168001
4000 4860 13778 3113.8403450880005
4000 4629 13462 3042.4240619520006
4000 4733 13548 3061.8601390080003
4000 4624 13330 3012.5919436800004
4000 4572 13349 3016.8859607040004
4000 4707 13349 3016.8859607040004
4000 4681 13317 3009.6539320320007
4000 4702 13382 3024.343990272
4000 4717 13532 3058.2441246720005
4000 4569 13247 2993.8338693120004
4000 4789 13556 3063.6681461760004
4000 4586 13375 3022.7619840000007
4000 4580 13263 2997.4498836480007
4000 4701 13394 3027.0560010240006
4000 4638 13387 3025.473994752
4000 4458 13220 2987.7318451200003
4000 4442 13139 2969.4257725440007
4000 4692 13538 3059.600130048
4000 4735 13585 3070.2221721600004
4000 4639 13373 3022.3099822080007
5000 6833 16599 3751.3888727040003
5000 6875 16802 3797.2670545920005
5000 6861 16768 3789.583024128001
5000 6759 16514 3732.1787965440008
5000 7172 16894 3818.059137024001
5000 6798 16562 3743.0268395520006
5000 7212 17088 3861.9033108480007
5000 6789 16469 3722.0087562240005
5000 6998 16841 3806.081089536001
5000 6970 16778 3791.843033088001
5000 6624 16404 3707.3186979840007
5000 6908 16631 3758.6209013760003
5000 6995 16808 3798.6230599680002
5000 6866 16480 3724.4947660800003
5000 6927 16897 3818.737139712001
5000 6643 16596 3750.7108700160006
5000 6845 16579 3746.868854784
5000 6844 16570 3744.8348467200008
5000 6679 16385 3703.0246809600003
5000 6617 16517 3732.856799232001
5000 6932 16940 3828.455178240001
5000 6814 16633 3759.0729031680007
5000 6743 16566 3743.9308431360005
5000 6831 16482 3724.9467678720007
5000 7032 16774 3790.9390295040007
5000 6704 16446 3716.810735616001
5000 6578 16388 3703.702683648001
5000 6813 16645 3761.7849139200007
5000 7257 16932 3826.6471710720007
5000 6931 16717 3778.0569784320005
5000 6789 16508 3730.8227911680005
5000 7215 16951 3830.9411880960006
5000 6931 16982 3837.9472158720005
5000 6858 16871 3812.8611164160006
5000 7227 17042 3851.5072696320003
5000 6912 16670 3767.434936320001
5000 7196 17116 3868.231335936001
5000 6740 16664 3766.0789309440006
5000 6414 16153 3650.5924730880006
5000 6763 16383 3702.572679168001
5000 6901 16633 3759.0729031680007
5000 7232 16929 3825.9691683840006
5000 7066 16861 3810.6011074560006
5000 7031 16902 3819.8671441920005
5000 7028 16899 3819.189141504001
5000 6900 16763 3788.453019648001
5000 6619 16237 3669.576548352001
5000 6786 16651 3763.1409192960004
5000 6849 16644 3761.5589130240005
5000 6905 16699 3773.9889623040003
5000 7042 16873 3813.3131182080006
5000 6737 16545 3739.1848243200006
5000 7414 17406 3933.7715957760006
5000 6893 16711 3776.7009730560007
5000 6867 16768 3789.583024128001
5000 6976 16836 3804.951085056001
5000 6742 16555 3741.4448332800007
5000 7244 17132 3871.8473502720008
5000 7069 16858 3809.9231047680005
5000 6844 16562 3743.0268395520006
5000 7084 16805 3797.9450572800006
5000 7144 16936 3827.5511746560005
5000 6456 16329 3690.3686307840003
5000 7076 16764 3788.6790205440007
5000 6992 16739 3783.0289981440005
5000 7039 16811 3799.301062656001
5000 7171 17060 3855.5752857600005
5000 6937 16803 3797.493055488
5000 7169 16976 3836.5912104960007
5000 6722 16454 3718.6187427840005
5000 7125 17013 3844.953243648001
5000 7035 16744 3784.1590026240005
5000 6877 16762 3788.2270187520007
5000 6716 16482 3724.9467678720007
5000 6838 16618 3755.6828897280006
5000 7060 16868 3812.1831137280005
5000 7029 16813 3799.7530644480003
5000 6618 16257 3674.096566272001
5000 6759 16568 3744.3828449280004
5000 7114 17027 3848.1172561920007
5000 7090 16884 3815.799128064001
5000 6919 16865 3811.5051110400004
5000 7212 16943 3829.1331809280005
5000 6922 16710 3776.474972160001
5000 7123 17018 3846.083248128001
5000 6509 16340 3692.854640640001
5000 7069 16843 3806.5330913280004
5000 6864 16572 3745.2868485120007
5000 6787 16628 3757.9428986880007
5000 6649 16385 3703.0246809600003
5000 7005 16946 3829.8111836160006
5000 6636 16479 3724.2687651840006
5000 6749 16441 3715.6807311360008
5000 6737 16386 3703.2506818560005
5000 6840 16721 3778.960982016001
5000 7249 17064 3856.479289344001
5000 6791 16479 3724.2687651840006
5000 7057 17000 3842.0152320000007
5000 6915 16840 3805.8550886400008
5000 6968 16828 3803.1430778880003
500 0 1009 228.03490406400005
5000 0 9907 2238.9908766720005
5000 3195 9855 2227.2388300800003
5000 1555 9986 2256.844947456
5000 124 9907 2238.9908766720005
500 0 975 220.35087360000003
500 18 967 218.54286643200004
500 42 988 223.288885248
500 26 958 216.50885836800003
500 40 986 222.83688345600004
500 45 996 225.09689241600003
500 40 995 224.87089152000004
500 45 998 225.54889420800004
500 44 994 224.64489062400006
500 50 1021 230.74691481600004
500 68 1035 233.91092736000004
500 50 1022 230.97291571200003
500 51 1076 243.17696409600003
500 42 941 212.66684313600004
500 40 1042 235.49293363200002
500 32 962 217.41286195200001
500 42 1034 233.68492646400006
500 40 1014 229.16490854400004
500 24 964 217.86486374400005
500 22 976 220.57687449600002
500 30 997 225.32289331200005
500 40 1018 230.06891212800002
500 28 989 223.51488614400003
500 38 1020 230.52091392000005
500 42 1012 228.71290675200004
500 46 1045 236.17093632
500 54 1066 240.91695513600004
500 32 976 220.57687449600002
500 30 1002 226.45289779200002
500 44 997 225.32289331200005
500 52 1021 230.74691481600004
500 46 1042 235.49293363200002
500 36 1034 233.68492646400006
500 43 1066 240.91695513600004
500 18 1028 232.32892108800002
500 34 1043 235.71893452800003
500 34 975 220.35087360000003
500 42 994 224.64489062400006
500 50 1000 226.00089600000004
500 41 973 219.89887180800002
500 38 983 222.15888076800005
500 34 1031 233.00692377600004
500 69 1069 241.59495782400003
500 29 970 219.22086912000003
500 22 1031 233.00692377600004
500 22 989 223.51488614400003
500 32 984 222.38488166400003
500 39 1035 233.91092736000004
500 26 1009 228.03490406400005
500 32 910 205.66081536000004
500 30 996 225.09689241600003
500 49 1040 235.04093184000004
500 34 992 224.19288883200005
500 50 1044 235.94493542400002
500 32 1040 235.04093184000004
500 44 970 219.22086912000003
500 34 999 225.77489510400002
500 36 1020 230.52091392000005
500 39 1059 239.334948864
500 28 1005 227.13090048000004
500 36 1011 228.48690585600005
500 42 1041 235.26693273600003
500 42 1018 230.06891212800002
500 36 1044 235.94493542400002
500 34 961 217.18686105600003
500 46 1027 232.10292019200003
500 51 1029 232.55492198400003
500 46 1017 229.84291123200003
500 22 1024 231.42491750400004
500 22 1019 230.29491302400004
500 50 1063 240.23895244800005
500 26 1013 228.93890764800003
500 58 966 218.31686553600005
500 38 990 223.74088704000002
500 34 1006 227.35690137600005
500 42 1027 232.10292019200003
500 43 974 220.124872704
500 32 994 224.64489062400006
500 34 1012 228.71290675200004
500 38 1034 233.68492646400006
500 40 1004 226.90489958400002
500 46 1027 232.10292019200003
500 42 982 221.93287987200003
500 28 1038 234.58893004800004
500 30 970 219.22086912000003
500 22 991 223.966887936
500 40 941 212.66684313600004
500 42 1042 235.49293363200002
500 32 1013 228.93890764800003
500 62 1011 228.48690585600005
500 43 1025 231.65091840000002
500 53 1039 234.81493094400003
500 42 1015 229.39090944000003
500 36 1016 229.61691033600002
500 31 1009 228.03490406400005
500 43 1016 229.61691033600002
500 27 962 217.41286195200001
500 48 988 223.288885248
500 50 1045 236.17093632
500 36 1038 234.58893004800004
500 36 954 215.60485478400003
1000 145 2027 458.10381619200007
1000 138 2042 461.4938296320001
1000 170 2011 454.4878018560001
1000 208 2043 461.71983052800005
1000 141 2014 455.1658045440001
1000 149 2040 461.0418278400001
1000 147 2096 473.6978780160001
1000 141 2024 457.4258135040001
1000 168 2073 468.499857408
1000 143 1947 440.02374451200006
1000 168 2039 460.8158269440001
1000 120 1984 448.3857776640001
1000 117 1965 444.09176064
1000 162 1954 441.60575078400007
1000 170 2001 452.2277928960001
1000 171 1938 437.9897364480001
1000 179 1960 442.9617561600001
1000 137 1933 436.85973196800006
1000 139 1910 431.6617113600001
1000 162 2069 467.5958538240001
1000 132 2016 455.61780633600006
1000 180 2081 470.3078645760001
1000 170 2003 452.6797946880001
1000 135 1954 441.60575078400007
1000 135 1990 449.7417830400001
1000 156 1946 439.79774361600005
1000 137 2039 460.8158269440001
1000 147 1985 448.61177856000006
1000 176 2038 460.5898260480001
1000 144 2002 452.45379379200006
1000 154 2045 462.1718323200001
1000 148 1984 448.3857776640001
1000 142 1970 445.22176512000004
1000 153 2009 454.03580006400006
1000 177 2021 456.747810816
1000 147 2034 459.68582246400007
1000 158 2003 452.6797946880001
1000 142 1970 445.22176512000004
1000 130 1899 429.1757015040001
1000 179 2041 461.26782873600007
1000 178 2054 464.20584038400006
1000 183 1985 448.61177856000006
1000 163 2053 463.9798394880001
1000 165 2087 471.6638699520001
1000 140 2108 476.4098887680001
1000 146 2014 455.1658045440001
1000 145 1993 450.419785728
1000 117 1953 441.37974988800005
1000 134 1955 441.8317516800001
1000 147 2017 455.8438072320001
1000 147 2023 457.1998126080001
1000 136 2038 460.5898260480001
1000 138 1965 444.09176064
1000 150 1977 446.8037713920001
1000 144 1983 448.1597767680001
1000 195 2015 455.39180544000004
1000 143 2001 452.2277928960001
1000 164 1959 442.73575526400003
1000 164 2086 471.43786905600007
1000 165 2009 454.03580006400006
1000 154 1948 440.249745408
1000 152 1916 433.01771673600007
1000 142 2032 459.23382067200004
1000 143 2006 453.35779737600006
1000 168 1945 439.5717427200001
1000 167 2031 459.0078197760001
1000 172 1915 432.7917158400001
1000 160 1960 442.9617561600001
1000 184 1928 435.7297274880001
1000 168 2018 456.0698081280001
1000 135 1917 433.2437176320001
1000 198 2032 459.23382067200004
1000 155 1972 445.6737669120001
1000 171 2105 475.73188608000004
1000 143 1998 451.54979020800005
1000 138 2015 455.39180544000004
1000 152 2040 461.0418278400001
1000 166 2066 466.9178511360001
1000 135 1931 436.4077301760001
1000 159 2038 460.5898260480001
1000 142 1975 446.35176960000007
1000 132 1963 443.63975884800004
1000 161 2034 459.68582246400007
1000 165 1966 444.3177615360001
1000 146 2007 453.5837982720001
1000 151 2004 452.90579558400003
1000 118 1986 448.8377794560001
1000 168 2032 459.23382067200004
1000 162 2024 457.4258135040001
1000 131 1973 445.8997678080001
1000 143 2064 466.4658493440001
1000 152 1998 451.54979020800005
1000 179 2083 470.7598663680001
1000 135 1922 434.37372211200005
1000 190 1984 448.3857776640001
1000 120 1914 432.5657149440001
1000 136 1988 449.2897812480001
1000 143 1890 427.14169344000004
1000 141 1981 447.70777497600005
1000 140 1971 445.4477660160001
2000 585 4014 907.1675965440002
2000 586 4071 920.0496476160001
2000 556 3981 899.7095669760002
2000 633 4137 934.9657067520001
2000 584 4059 917.337636864
2000 572 4041 913.2696207360002
2000 566 4022 908.9756037120002
2000 612 4159 939.9377264640001
2000 590 3991 901.9695759360001
2000 596 3937 889.7655275520002
2000 638 4091 924.5696655360001
2000 595 4062 918.0156395520002
2000 571 3970 897.2235571200001
2000 630 4102 927.0556753920002
2000 581 4031 911.0096117760002
2000 574 4018 908.0716001280001
2000 615 4013 906.9415956480001
2000 585 3959 894.7375472640002
2000 586 3992 902.1955768320001
2000 595 3960 894.9635481600001
2000 611 3983 900.1615687680002
2000 632 4053 915.9816314880002
2000 611 4096 925.6996700160001
2000 586 4028 910.3316090880002
2000 643 4032 911.2356126720001
2000 599 3996 903.0995804160001
2000 576 3923 886.6015150080001
2000 660 4038 912.5916180480001
2000 595 4030 910.7836108800001
2000 598 4001 904.2295848960001
2000 564 4018 908.0716001280001
2000 609 4073 920.5016494080002
2000 555 4000 904.0035840000002
2000 545 3930 888.18352128
2000 602 4085 923.2136601600001
2000 545 4019 908.2976010240002
2000 545 4066 918.9196431360001
2000 586 4061 917.7896386560002
2000 593 3995 902.8735795200001
2000 561 3993 902.4215777280002
2000 553 3952 893.155540992
2000 614 4027 910.1056081920002
2000 600 4012 906.7155947520001
2000 586 4009 906.0375920640001
2000 578 3915 884.7935078400002
2000 606 4101 926.8296744960002
2000 640 4033 911.4616135680002
2000 584 3982 899.9355678720001
2000 615 3996 903.0995804160001
2000 563 4083 922.7616583680001
2000 693 4100 926.6036736000001
2000 629 4131 933.6097013760002
2000 539 3946 891.7995356160002
2000 629 4066 918.9196431360001
2000 599 4062 918.0156395520002
2000 583 4083 922.7616583680001
2000 531 3869 874.3974666240002
2000 658 4134 934.2877040640001
2000 601 3979 899.2575651840001
2000 604 4073 920.5016494080002
2000 537 3851 870.3294504960002
2000 625 4034 911.6876144640001
2000 591 3912 884.1155051520002
2000 624 4091 924.5696655360001
2000 668 4136 934.7397058560002
2000 614 4050 915.3036288000002
2000 580 4105 927.7336780800001
2000 538 3936 889.5395266560001
2000 645 4153 938.5817210880002
2000 589 3999 903.7775831040001
2000 572 3930 888.18352128
2000 596 4155 939.0337228800001
2000 572 3995 902.8735795200001
2000 544 4012 906.7155947520001
2000 526 4009 906.0375920640001
2000 544 3987 901.0655723520001
2000 598 4103 927.2816762880001
2000 598 4093 925.0216673280001
2000 564 3880 876.8834764800001
2000 544 3968 896.7715553280002
2000 596 3966 896.3195535360002
2000 569 4022 908.9756037120002
2000 507 3876 875.9794728960002
2000 617 4031 911.0096117760002
2000 652 4049 915.0776279040001
2000 597 3963 895.6415508480002
2000 553 3880 876.8834764800001
2000 532 3986 900.839571456
2000 590 4035 911.9136153600001
2000 627 3931 888.4095221760001
2000 551 4089 924.1176637440002
2000 579 3975 898.3535616000001
2000 606 4055 916.4336332800001
2000 603 4008 905.8115911680001
2000 535 3983 900.1615687680002
2000 626 4181 944.9097461760001
2000 619 3983 900.1615687680002
2000 660 4085 923.2136601600001
2000 597 4042 913.495621632
2000 574 3970 897.2235571200001
3000 1263 5991 1353.9713679360002
3000 1289 6075 1372.9554432000002
3000 1305 5993 1354.4233697280001
3000 1214 5984 1352.3893616640003
3000 1149 5830 1317.5852236800004
3000 1226 6105 1379.7354700800001
3000 1370 6051 1367.531421696
3000 1269 5970 1349.2253491200001
3000 1228 6074 1372.729442304
3000 1258 6046 1366.4014172160003
3000 1205 5989 1353.5193661440003
3000 1395 6113 1381.543477248
3000 1334 6155 1391.0355148800002
3000 1246 5990 1353.7453670400002
3000 1224 5994 1354.6493706240003
3000 1248 6065 1370.6954342400002
3000 1191 5905 1334.53529088
3000 1326 6095 1377.47546112
3000 1337 6050 1367.3054208
3000 1327 6048 1366.8534190080002
3000 1241 5895 1332.2752819200002
3000 1228 6045 1366.17541632
3000 1306 6168 1393.973526528
3000 1239 6036 1364.1414082560002
3000 1275 6123 1383.803486208
3000 1258 5924 1338.8293079040002
3000 1198 5985 1352.6153625600002
3000 1221 5966 1348.3213455360003
3000 1339 6042 1365.4974136320002
3000 1296 6061 1369.791430656
3000 1264 6113 1381.543477248
3000 1275 6034 1363.6894064640003
3000 1221 5999 1355.779375104
3000 1215 5973 1349.903351808
3000 1344 6132 1385.8374942720004
3000 1322 6019 1360.2993930240002
3000 1228 5959 1346.7393392640001
3000 1308 6041 1365.2714127360002
3000 1211 5973 1349.9033518080003
3000 1294 5982 1351.9373598720001
3000 1312 6005 1357.1353804800003
3000 1285 6177 1396.0075345920002
3000 1271 6092 1376.7974584320002
3000 1346 6138 1387.1934996480002
3000 1322 6085 1375.2154521600003
3000 1267 6070 1371.8254387200002
3000 1340 6109 1380.6394736640002
3000 1259 5929 1339.9593123840002
3000 1255 5779 1306.0591779840001
3000 1399 6089 1376.119455744
3000 1297 6065 1370.6954342400002
3000 1393 6219 1405.4995722240003
3000 1299 6075 1372.9554432000002
3000 1329 6197 1400.5275525120003
3000 1178 5984 1352.3893616640003
3000 1208 5998 1355.5533742080002
3000 1244 6118 1382.673481728
3000 1332 6155 1391.0355148800002
3000 1400 6228 1407.5335802880002
3000 1302 5996 1355.1013724160002
3000 1279 6070 1371.8254387200002
3000 1306 5982 1351.9373598720001
3000 1201 6040 1365.04541184
3000 1312 6081 1374.3114485760002
3000 1271 6029 1362.5594019840003
3000 1374 6140 1387.6455014400003
3000 1329 6082 1374.5374494720002
3000 1359 5996 1355.1013724160002
3000 1246 6010 1358.2653849600003
3000 1342 6184 1397.5895408640004
3000 1201 5994 1354.6493706240003
3000 1323 6149 1389.6795095040002
3000 1303 5981 1351.7113589760004
3000 1262 6023 1361.2033966080003
3000 1359 6101 1378.8314664960003
3000 1260 5980 1351.4853580800002
3000 1185 5937 1341.7673195520003
3000 1239 6030 1362.7854028800002
3000 1285 6146 1389.0015068160003
3000 1286 6033 1363.4634055680003
3000 1419 6101 1378.8314664960003
3000 1199 5936 1341.5413186560002
3000 1349 6016 1359.621390336
3000 1238 6003 1356.6833786880002
3000 1266 5947 1344.0273285120004
3000 1192 5987 1353.0673643520001
3000 1283 6127 1384.7074897920004
3000 1298 6046 1366.4014172160003
3000 1356 6071 1372.0514396160002
3000 1276 6002 1356.4573777920002
3000 1242 5901 1333.6312872960002
3000 1269 5890 1331.1452774400002
3000 1287 6052 1367.7574225920002
3000 1377 6136 1386.7414978560003
3000 1296 5941 1342.6713231360002
3000 1324 5908 1335.2132935680004
3000 1245 5946 1343.8013276160002
3000 1332 6065 1370.6954342400002
3000 1295 6060 1369.5654297600001
3000 1223 6070 1371.8254387200002
4000 2168 7948 1796.2551214080002
4000 2291 8070 1823.8272307200002
4000 2092 7936 1793.5431106560004
4000 2151 8009 1810.0411760640004
4000 2175 8003 1808.6851706880002
4000 2206 8160 1844.1673113600004
4000 2199 8062 1822.0192235520003
4000 2182 7989 1805.5211581440003
4000 2205 7891 1783.3730703360002
4000 2258 8058 1821.1152199680002
4000 2122 7997 1807.3291653120002
4000 2207 8194 1851.8513418240004
4000 2257 8020 1812.5271859200004
4000 2130 7997 1807.3291653120002
4000 2107 8091 1828.5732495360003
4000 2253 8092 1828.7992504320005
4000 2201 8048 1818.8552110080004
4000 2215 8015 1811.3971814400004
4000 2049 7970 1801.2271411200004
4000 2192 7982 1803.9391518720001
4000 2161 8009 1810.0411760640004
4000 2215 8049 1819.0812119040004
4000 2150 7994 1806.6511626240003
4000 2270 8116 1834.2232719360004
4000 2153 8044 1817.9512074240004
4000 2162 8024 1813.4311895040003
4000 2258 8055 1820.4372172800001
4000 2149 8042 1817.4992056320002
4000 2152 8061 1821.7932226560004
4000 2121 8000 1808.0071680000003
4000 2112 7883 1781.5650631680003
4000 2144 8093 1829.0252513280002
4000 2157 7887 1782.4690667520003
4000 2043 7901 1785.6330792960002
4000 2213 8009 1810.0411760640004
4000 1986 7833 1770.2650183680003
4000 2224 8079 1825.8612387840003
4000 2202 8065 1822.6972262400002
4000 2282 8178 1848.2353274880004
4000 2277 8162 1844.6193131520001
4000 2170 8118 1834.675273728
4000 2280 8080 1826.0872396800003
4000 2180 8108 1832.4152647680003
4000 2161 8124 1836.0312791040003
4000 2145 8045 1818.17720832
4000 2294 8092 1828.7992504320005
4000 2154 8003 1808.6851706880002
4000 2163 8006 1809.363173376
4000 2193 7996 1807.1031644160003
4000 2174 7993 1806.4251617280001
4000 2092 7895 1784.2770739200002
4000 2296 8185 1849.8173337600003
4000 2261 8091 1828.5732495360003
4000 2147 8015 1811.3971814400004
4000 2129 8055 1820.4372172800001
4000 2218 8067 1823.1492280320003
4000 2131 8016 1811.6231823360001
4000 2139 7863 1777.0450452480004
4000 2123 8055 1820.4372172800001
4000 2125 7931 1792.4131061760004
4000 2143 7970 1801.2271411200004
4000 2178 8022 1812.9791877120003
4000 2291 8179 1848.4613283840004
4000 2087 7951 1796.9331240960003
4000 2167 8002 1808.4591697920002
4000 2265 8147 1841.2292997120003
4000 2156 8131 1837.6132853760002
4000 2157 8023 1813.2051886080003
4000 2174 7945 1795.5771187200003
4000 2304 8145 1840.7772979200004
4000 2109 7832 1770.0390174720003
4000 2151 8024 1813.4311895040003
4000 2302 8241 1862.4733839360003
4000 2242 8045 1818.17720832
4000 2210 7955 1797.8371276800003
4000 2171 7930 1792.1871052800002
4000 2180 7987 1805.0691563520002
4000 2337 8212 1855.9193579520004
4000 2107 8078 1825.6352378880003
4000 2129 8003 1808.6851706880002
4000 2327 8162 1844.6193131520001
4000 2142 7970 1801.2271411200004
4000 2233 7958 1798.5151303680002
4000 2181 7878 1780.4350586880003
4000 2155 8016 1811.6231823360001
4000 2240 8140 1839.6472934400003
4000 2231 8107 1832.1892638720003
4000 2136 8030 1814.7871948800002
4000 2161 8014 1811.1711805440004
4000 2138 8047 1818.6292101120002
4000 2236 8082 1826.5392414720004
4000 2271 8096 1829.7032540160003
4000 2232 8154 1842.8113059840002
4000 2095 8009 1810.0411760640004
4000 2188 7878 1780.4350586880003
4000 2232 8127 1836.7092817920002
4000 2112 7915 1788.7970918400003
4000 2198 8002 1808.4591697920002
4000 2203 8065 1822.6972262400002
4000 2285 8093 1829.0252513280002
5000 3404 10247 2315.8311813120004
5000 3236 9943 2247.1269089280004
5000 3241 9950 2248.7089152000003
5000 3078 9871 2230.8548444160006
5000 3273 10118 2286.6770657280003
5000 3301 10127 2288.711073792
5000 3396 10136 2290.7450818560005
5000 3409 10129 2289.1630755840006
5000 3371 10198 2304.7571374080003
5000 3394 10126 2288.4850728960005
5000 3376 10060 2273.5690137600004
5000 3251 10190 2302.94913024
5000 3199 9973 2253.9069358080005
5000 3344 10050 2271.3090048000004
5000 3301 9991 2257.9749519360003
5000 3322 9965 2252.0989286400004
5000 3483 10167 2297.7511096320004
5000 3317 10137 2290.9710827520003
5000 3338 10094 2281.2530442240004
5000 3314 10055 2272.4390092800004
5000 3351 10145 2292.7790899200004
5000 3416 10145 2292.7790899200004
5000 3255 10046 2270.4050012160005
5000 3116 9801 2215.0347816960007
5000 3214 9911 2239.8948802560003
5000 3335 10168 2297.977110528
5000 3234 10033 2267.4669895680004
5000 3169 9983 2256.166944768
5000 3283 9971 2253.454934016
5000 3234 9966 2252.324929536
5000 3155 9975 2254.3589376000004
5000 3342 10050 2271.3090048000004
5000 3211 9924 2242.8328919040005
5000 3320 10002 2260.4609617920005
5000 3267 10081 2278.3150325760002
5000 3176 9905 2238.53887488
5000 3187 9919 2241.7028874240004
5000 3323 10003 2260.686962688
5000 3356 10179 2300.4631203840004
5000 3351 10004 2260.9129635840004
5000 3133 9900 2237.4088704000005
5000 3335 10007 2261.5909662720005
5000 3280 9929 2243.9628963840005
5000 3292 10059 2273.3430128640002
5000 3270 10119 2286.9030666240005
5000 3286 10124 2288.0330711040006
5000 3329 10050 2271.3090048000004
5000 3334 9990 2257.7489510400005
5000 3152 9881 2233.1148533760006
5000 3323 9831 2221.8148085760004
5000 3334 10130 2289.3890764800003
5000 3169 9910 2239.66887936
5000 3177 10108 2284.4170567680003
5000 3240 9984 2256.3929456640003
5000 3289 10189 2302.7231293440004
5000 3406 10135 2290.5190809600003
5000 3270 10017 2263.8509752320006
5000 3293 10179 2300.4631203840004
5000 3322 10067 2275.1510200320004
5000 3133 9844 2224.7528202240005
5000 3350 10134 2290.293080064
5000 3322 10012 2262.7209707520005
5000 3321 10095 2281.47904512
5000 3279 9942 2246.9009080320006
5000 3223 9825 2220.4588032
5000 3325 10080 2278.0890316800005
5000 3369 10106 2283.9650549760004
5000 3287 9993 2258.426953728
5000 3191 9940 2246.4489062400003
5000 3361 10100 2282.6090496
5000 3243 9874 2231.5328471040007
5000 3306 10064 2274.4730173440003
5000 3401 10064 2274.4730173440003
5000 3199 10002 2260.4609617920005
5000 3307 9899 2237.1828695040003
5000 3305 10207 2306.791145472
5000 3342 10092 2280.801042432
5000 3451 10174 2299.3331159040004
5000 3369 10211 2307.6951490560004
5000 3185 9931 2244.414898176
5000 3294 9989 2257.5229501440003
5000 3350 9963 2251.6469268480005
5000 3343 10162 2296.6211051520004
5000 3254 10053 2271.9870074880005
5000 3343 10175 2299.5591168
5000 3264 10038 2268.5969940480004
5000 3215 9969 2253.0029322240002
5000 3357 10103 2283.2870522880007
5000 3291 10014 2263.172972544
5000 3377 10045 2270.1790003200003
5000 3391 10098 2282.1570478080007
5000 3280 9923 2242.6068910080003
5000 3380 10194 2303.8531338240005
5000 3249 10021 2264.7549788160004
5000 3369 10090 2280.3490406400006
5000 3373 10017 2263.8509752320006
500 22 984 222.38488166400003
500 10 1026 231.87691929600004
500 20 974 220.124872704
500 24 1049 237.07493990400005
500 26 992 224.19288883200005
500 10 1011 228.48690585600005
500 16 1008 227.80890316800003
500 18 958 216.50885836800003
500 20 1029 232.55492198400003
500 16 978 221.02887628800005
500 16 977 220.80287539200003
500 28 1019 230.29491302400004
500 14 937 211.76283955200006
500 18 1047 236.62293811200004
500 10 926 209.27682969600005
500 20 991 223.96688793600006
500 22 1047 236.62293811200004
500 8 984 222.38488166400003
500 10 993 224.41888972800004
500 18 1033 233.45892556800004
500 24 981 221.70687897600004
500 18 1004 226.90489958400002
500 12 1010 228.26090496000003
500 16 974 220.124872704
500 26 1012 228.71290675200004
500 16 982 221.93287987200003
500 16 1013 228.93890764800003
500 8 983 222.15888076800005
500 12 942 212.89284403200003
500 18 1015 229.39090944000003
500 12 964 217.86486374400005
500 10 962 217.41286195200001
500 20 980 221.48087808000005
500 14 983 222.15888076800005
500 8 970 219.22086912000003
500 14 959 216.73485926400002
500 14 950 214.70085120000005
500 26 984 222.38488166400003
500 14 1028 232.32892108800002
5000 3256 9993 2258.426953728
5000 3245 10035 2267.9189913600003
500 25 984 222.38488166400003
500 22 1006 227.35690137600005
500 22 1029 232.55492198400003
5000 3134 9756 2204.8647413760004
5000 3252 10006 2261.3649653760003
500 17 1002 226.45289779200002
500 20 967 218.54286643200004
500 28 1046 236.39693721600005
500 12 1058 239.10894796800002
500 10 1000 226.00089600000004
500 16 992 224.19288883200005
500 12 974 220.124872704
500 22 986 222.83688345600004
500 26 1054 238.20494438400004
500 26 1051 237.52694169600005
500 28 1094 247.24498022400005
500 15 1049 237.07493990400005
500 26 1035 233.91092736000004
500 18 1046 236.39693721600005
500 22 1011 228.48690585600005
500 24 978 221.02887628800005
500 17 1004 226.90489958400002
500 22 1057 238.88294707200004
500 18 1023 231.19891660800005
500 16 951 214.92685209600003
500 14 1025 231.65091840000002
500 14 1016 229.61691033600002
500 14 978 221.02887628800005
500 18 977 220.80287539200003
500 12 1005 227.13090048000004
500 8 943 213.11884492800004
500 18 1013 228.93890764800003
500 12 929 209.95483238400004
500 20 1083 244.75897036800004
500 10 941 212.66684313600004
500 16 1077 243.40296499200005
500 12 991 223.966887936
500 19 1028 232.32892108800002
500 14 1042 235.49293363200002
500 22 979 221.25487718400004
500 16 1015 229.39090944000003
500 26 975 220.35087360000003
500 16 1036 234.13692825600003
500 23 1046 236.39693721600005
500 14 989 223.51488614400003
500 7 962 217.41286195200001
500 26 1020 230.52091392000005
500 23 1014 229.16490854400004
500 16 1006 227.35690137600005
500 8 963 217.63886284800003
500 24 994 224.64489062400006
500 18 1022 230.97291571200003
500 14 1001 226.22689689600003
500 18 978 221.02887628800005
500 18 922 208.372826112
500 18 1021 230.74691481600004
500 18 1007 227.58290227200004
500 12 1010 228.26090496000003
500 20 1000 226.00089600000004
500 12 1033 233.45892556800004
500 20 980 221.48087808000005
500 22 1063 240.23895244800005
1000 77 1984 448.3857776640001
1000 65 1935 437.31173376000004
1000 78 1987 449.06378035200004
1000 68 1972 445.6737669120001
1000 62 1999 451.77579110400006
1000 62 1987 449.06378035200004
1000 83 2012 454.7138027520001
1000 89 2042 461.4938296320001
1000 68 2000 452.0017920000001
1000 88 2031 459.0078197760001
1000 94 2040 461.0418278400001
1000 68 2049 463.07583590400003
1000 80 2042 461.4938296320001
1000 93 2118 478.669897728
1000 74 1960 442.9617561600001
1000 84 2065 466.69185024000006
1000 93 2078 469.62986188800005
1000 60 1940 438.44173824000006
1000 66 2021 456.747810816
1000 66 2032 459.23382067200004
1000 80 2068 467.3698529280001
1000 71 2011 454.4878018560001
1000 86 1968 444.76976332800007
1000 66 1981 447.70777497600005
1000 67 2048 462.84983500800007
1000 46 1988 449.2897812480001
1000 64 2067 467.14385203200004
1000 48 2015 455.39180544000004
1000 64 2026 457.87781529600005
1000 102 2055 464.43184128000007
1000 69 2095 473.47187712000004
1000 54 1944 439.3457418240001
1000 82 1985 448.61177856000006
1000 53 2034 459.68582246400007
1000 62 2008 453.80979916800004
1000 73 1987 449.06378035200004
1000 81 2002 452.45379379200006
1000 94 2035 459.9118233600001
1000 68 2009 454.03580006400006
1000 70 2047 462.62383411200005
1000 82 2130 481.3819084800001
1000 69 1992 450.19378483200006
1000 58 1950 440.70174720000006
1000 53 1965 444.09176064
1000 74 2029 458.5558179840001
1000 52 1887 426.4636907520001
1000 74 1960 442.9617561600001
1000 80 1982 447.9337758720001
1000 77 1962 443.4137579520001
1000 48 1977 446.8037713920001
1000 70 2009 454.03580006400006
1000 75 2085 471.2118681600001
1000 60 1971 445.4477660160001
1000 70 2082 470.53386547200006
1000 73 1995 450.87178752000005
1000 82 2002 452.45379379200006
1000 78 1991 449.96778393600005
1000 84 1976 446.577770496
1000 56 1986 448.8377794560001
1000 60 1980 447.48177408000004
1000 58 1982 447.9337758720001
1000 78 2000 452.0017920000001
1000 99 1969 444.9957642240001
1000 57 1989 449.51578214400007
1000 55 1981 447.70777497600005
1000 83 2051 463.5278376960001
1000 88 2060 465.56184576000004
1000 81 2049 463.07583590400003
1000 87 1974 446.12576870400005
1000 71 2072 468.27385651200007
1000 67 1974 446.12576870400005
1000 65 1936 437.53773465600005
1000 52 1974 446.12576870400005
1000 59 2045 462.1718323200001
1000 87 1961 443.18775705600007
1000 60 2044 461.94583142400006
1000 65 1991 449.96778393600005
1000 87 2054 464.20584038400006
1000 72 1939 438.21573734400005
1000 75 1969 444.9957642240001
1000 69 1942 438.89374003200004
1000 48 1916 433.01771673600007
1000 51 1923 434.59972300800007
1000 76 1973 445.8997678080001
1000 62 1984 448.3857776640001
1000 64 2030 458.78181888000006
1000 70 2029 458.5558179840001
1000 86 2010 454.2618009600001
1000 60 1968 444.76976332800007
1000 77 1944 439.3457418240001
1000 59 2034 459.68582246400007
1000 68 1969 444.9957642240001
1000 78 2011 454.4878018560001
1000 76 1942 438.89374003200004
1000 56 1984 448.3857776640001
1000 67 2082 470.53386547200006
1000 46 1944 439.3457418240001
1000 72 2017 455.8438072320001
1000 83 1975 446.35176960000007
1000 75 1991 449.96778393600005
2000 315 4078 921.6316538880002
2000 318 4036 912.1396162560002
2000 303 3984 900.3875696640001
2000 308 3989 901.5175741440002
2000 306 4097 925.9256709120002
2000 262 3943 891.1215329280001
2000 283 3961 895.1895490560001
2000 253 4090 924.3436646400002
2000 278 3949 892.4775383040002
2000 322 4076 921.1796520960002
2000 289 4004 904.9075875840001
2000 249 3951 892.9295400960002
2000 282 4049 915.0776279040001
2000 288 4070 919.8236467200002
2000 318 4073 920.5016494080002
2000 269 4060 917.5636377600001
2000 277 4050 915.3036288000002
2000 227 3944 891.3475338240002
2000 304 4059 917.3376368640002
2000 296 3944 891.3475338240002
2000 288 4086 923.4396610560001
2000 274 3962 895.4155499520001
2000 333 4106 927.9596789760002
2000 296 4048 914.8516270080002
2000 257 3975 898.3535616000001
2000 253 3952 893.155540992
2000 276 3944 891.3475338240002
2000 322 4029 910.5576099840001
2000 249 4016 907.6195983360001
2000 233 4037 912.3656171520001
2000 246 4091 924.5696655360001
2000 312 4064 918.4676413440001
2000 280 4073 920.5016494080002
2000 311 4038 912.5916180480001
2000 267 4105 927.7336780800001
2000 277 4001 904.2295848960001
2000 276 3974 898.1275607040001
2000 281 3962 895.4155499520001
2000 257 3997 903.3255813120002
2000 272 4052 915.7556305920001
2000 291 4036 912.1396162560002
2000 304 3957 894.2855454720001
2000 260 3974 898.1275607040001
2000 328 4132 933.8357022720002
2000 289 3972 897.6755589120002
2000 320 4113 929.5416852480001
2000 284 4081 922.3096565760001
2000 326 4033 911.4616135680002
2000 271 3929 887.9575203840002
2000 304 4064 918.4676413440001
2000 268 3964 895.8675517440003
2000 328 4034 911.6876144640001
2000 284 4036 912.1396162560002
2000 242 3973 897.9015598080001
2000 270 3984 900.3875696640001
2000 253 4015 907.3935974400001
2000 264 3955 893.8335436800002
2000 279 4099 926.3776727040001
2000 304 4031 911.0096117760002
2000 282 4096 925.6996700160001
2000 297 3933 888.8615239680001
2000 240 3954 893.6075427840002
2000 298 3977 898.8055633920001
2000 256 3991 901.9695759360001
2000 295 4109 928.6376816640002
2000 297 4011 906.4895938560002
2000 270 4010 906.2635929600002
2000 298 3996 903.0995804160001
2000 335 4121 931.3496924160002
2000 311 4027 910.1056081920002
2000 292 3908 883.2115015680001
2000 250 3960 894.9635481600001
2000 305 3930 888.18352128
2000 295 3971 897.4495580160002
2000 328 4039 912.8176189440002
2000 301 3995 902.8735795200001
2000 256 3979 899.2575651840001
2000 297 4015 907.3935974400001
2000 299 4044 913.9476234240002
2000 280 4024 909.4276055040002
2000 294 4027 910.1056081920002
2000 289 3935 889.3135257600001
2000 328 4144 936.5477130240001
2000 228 3903 882.0814970880002
2000 278 3898 880.9514926080002
2000 328 4105 927.7336780800001
2000 282 3925 887.0535168000002
2000 258 4004 904.9075875840001
2000 298 3975 898.3535616000001
2000 291 4071 920.0496476160001
2000 297 4141 935.8697103360003
2000 277 4013 906.9415956480001
2000 313 4079 921.8576547840001
2000 299 3983 900.1615687680002
2000 261 3991 901.9695759360001
2000 265 3931 888.4095221760001
2000 259 3905 882.5334988800001
2000 257 4017 907.8455992320002
2000 270 3981 899.7095669760002
2000 252 3954 893.6075427840002
3000 603 5865 1325.4952550400003
3000 574 6027 1362.1074001920001
3000 643 6033 1363.4634055680003
3000 638 6065 1370.6954342400002
3000 665 6084 1374.989451264
3000 584 5857 1323.6872478720002
3000 579 5970 1349.2253491200001
3000 631 6117 1382.4474808320003
3000 651 6070 1371.8254387200002
3000 622 6063 1370.2434324480002
3000 669 6042 1365.4974136320002
3000 704 6104 1379.5094691840002
3000 557 5897 1332.7272837120001
3000 565 6024 1361.4293975040002
3000 663 6125 1384.2554880000002
3000 622 6071 1372.0514396160002
3000 573 5974 1350.1293527040002
3000 571 5975 1350.3553536000002
3000 618 5960 1346.9653401600003
3000 614 6018 1360.0733921280003
3000 682 5999 1355.779375104
3000 646 6076 1373.1814440960002
3000 625 6057 1368.8874270720003
3000 624 5990 1353.7453670400002
3000 650 6047 1366.6274181120002
3000 598 6011 1358.491385856
3000 627 6064 1370.4694333440002
3000 556 5891 1331.3712783360002
3000 604 6051 1367.531421696
3000 611 5942 1342.8973240320004
3000 596 6003 1356.6833786880002
3000 648 5997 1355.3273733120002
3000 682 6153 1390.5835130880002
3000 670 5987 1353.0673643520001
3000 592 6009 1358.0393840640002
3000 618 6048 1366.8534190080002
3000 595 6031 1363.0114037760002
3000 633 5982 1351.9373598720001
3000 628 5990 1353.7453670400002
3000 599 5904 1334.3092899840003
3000 551 6003 1356.6833786880002
3000 637 6047 1366.6274181120002
3000 579 6023 1361.2033966080003
3000 607 6063 1370.2434324480002
3000 602 5967 1348.5473464320003
3000 667 6063 1370.2434324480002
3000 541 5979 1351.2593571840002
3000 618 6111 1381.0914754560004
3000 673 6084 1374.989451264
3000 669 5957 1346.2873374720002
3000 662 5957 1346.2873374720002
3000 642 5954 1345.609334784
3000 578 5889 1330.9192765440002
3000 606 6035 1363.9154073600002
3000 650 6032 1363.2374046720001
3000 591 6019 1360.2993930240002
3000 628 6042 1365.4974136320002
3000 615 5999 1355.779375104
3000 596 5912 1336.1172971520002
3000 624 5885 1330.0152729600002
3000 617 5976 1350.5813544960004
3000 711 6141 1387.8715023360003
3000 621 6040 1365.04541184
3000 615 6019 1360.2993930240002
3000 603 5991 1353.9713679360002
3000 634 6074 1372.729442304
3000 674 6118 1382.673481728
3000 651 6042 1365.4974136320002
3000 659 6040 1365.04541184
3000 654 6152 1390.357512192
3000 610 5991 1353.9713679360002
3000 709 6116 1382.2214799360002
3000 593 5895 1332.2752819200002
3000 562 5826 1316.6812200960003
3000 644 6029 1362.5594019840003
3000 649 6075 1372.9554432000002
3000 625 6047 1366.6274181120002
3000 609 5960 1346.9653401600003
3000 600 6029 1362.5594019840003
3000 625 6041 1365.2714127360002
3000 581 5997 1355.3273733120002
3000 578 6136 1386.7414978560003
3000 559 5951 1344.9313320960002
3000 631 6111 1381.0914754560004
3000 620 5976 1350.5813544960004
3000 663 6060 1369.5654297600001
3000 570 5991 1353.9713679360002
3000 604 6085 1375.2154521600003
3000 603 5946 1343.8013276160002
3000 592 6138 1387.1934996480002
3000 586 6037 1364.3674091520002
3000 612 5895 1332.2752819200002
3000 584 5973 1349.9033518080003
3000 606 6010 1358.2653849600003
3000 641 5970 1349.2253491200001
3000 553 6016 1359.621390336
3000 569 6059 1369.3394288640004
3000 625 5971 1349.4513500160003
3000 559 5949 1344.479330304
3000 593 5939 1342.219321344
4000 1066 7995 1806.8771635200003
4000 1098 8102 1831.0592593920003
4000 1036 8005 1809.1371724800003
4000 1074 8056 1820.6632181760003
4000 1122 8048 1818.8552110080004
4000 1062 7886 1782.2430658560002
4000 1056 8056 1820.6632181760003
4000 1083 8063 1822.2452244480003
4000 1048 7857 1775.6890398720002
4000 1148 8208 1855.0153543680003
4000 1044 8003 1808.6851706880002
4000 1103 8045 1818.17720832
4000 1139 8105 1831.7372620800004
4000 1102 7851 1774.3330344960002
4000 978 8092 1828.7992504320005
4000 1063 8087 1827.6692459520004
4000 1080 8032 1815.2391966720002
4000 1155 8082 1826.5392414720004
4000 1080 8016 1811.6231823360001
4000 1052 7957 1798.2891294720005
4000 1045 7960 1798.9671321600003
4000 1092 8019 1812.3011850240002
4000 1164 7871 1778.8530524160003
4000 1114 8090 1828.3472486400003
4000 1174 8196 1852.3033436160001
4000 1033 7911 1787.8930882560003
4000 1008 7971 1801.4531420160004
4000 1050 8105 1831.7372620800004
4000 1013 7982 1803.9391518720001
4000 1116 8082 1826.5392414720004
4000 958 7978 1803.0351482880003
4000 1159 8216 1856.8233615360002
4000 1068 8154 1842.8113059840002
4000 993 8011 1810.493177856
4000 1118 7951 1796.9331240960003
4000 1079 7997 1807.3291653120002
4000 1019 8006 1809.363173376
4000 1097 8027 1814.1091921920004
4000 1174 8143 1840.3252961280002
4000 992 7830 1769.5870156800004
4000 1001 7974 1802.1311447040002
4000 1018 8009 1810.0411760640004
4000 1116 7997 1807.3291653120002
4000 1081 8040 1817.0472038400003
4000 1088 7992 1806.1991608320002
4000 1050 7844 1772.7510282240003
4000 1035 7932 1792.6391070720003
4000 1040 8141 1839.8732943360003
4000 1082 8023 1813.2051886080003
4000 1016 7856 1775.4630389760002
4000 1047 8105 1831.7372620800004
4000 1062 8061 1821.7932226560004
4000 979 7832 1770.0390174720003
4000 1051 8054 1820.2112163840004
4000 981 7878 1780.4350586880003
4000 1159 8155 1843.0373068800004
4000 1115 8090 1828.3472486400003
4000 1053 8063 1822.2452244480003
4000 1106 8103 1831.2852602880002
4000 1046 8014 1811.1711805440004
4000 1038 7973 1801.9051438080003
4000 1048 8022 1812.9791877120003
4000 1123 8100 1830.6072576000004
4000 1087 8124 1836.0312791040003
4000 1153 8059 1821.3412208640004
4000 1135 7995 1806.8771635200003
4000 1178 8127 1836.7092817920002
4000 1062 8063 1822.2452244480003
4000 1072 8031 1815.0131957760002
4000 1122 8061 1821.7932226560004
4000 1202 8189 1850.7213373440004
4000 1032 8015 1811.3971814400004
4000 1001 7927 1791.5091025920003
4000 1051 8033 1815.4651975680003
4000 1093 8093 1829.0252513280002
4000 1145 8158 1843.7153095680003
4000 1128 8053 1819.9852154880004
4000 1078 8097 1829.9292549120003
4000 982 8090 1828.3472486400003
4000 983 8035 1815.9171993600003
4000 1090 8134 1838.2912880640004
4000 999 8004 1808.9111715840004
4000 1134 8091 1828.5732495360003
4000 997 7857 1775.6890398720002
4000 1068 8035 1815.9171993600003
4000 1093 8046 1818.4032092160003
4000 1077 7907 1786.9890846720002
4000 1082 8081 1826.3132405760002
4000 1020 8147 1841.2292997120003
4000 1106 8007 1809.5891742720003
4000 1121 8084 1826.991243264
4000 1075 8067 1823.1492280320003
4000 1120 7987 1805.0691563520002
4000 1053 8076 1825.1832360960002
4000 1018 7877 1780.2090577920003
4000 1024 7942 1794.8991160320004
4000 1100 8092 1828.7992504320005
4000 1042 8053 1819.9852154880004
4000 1214 8234 1860.8913776640002
4000 1097 7998 1807.5551662080002
5000 1674 10154 2294.8130979840003
5000 1610 10022 2264.9809797120006
5000 1577 9980 2255.4889420800005
5000 1604 9936 2245.544902656
5000 1708 10133 2290.0670791680004
5000 1606 9875 2231.7588480000004
5000 1658 10171 2298.6551132160007
5000 1692 10071 2276.055023616
5000 1609 10047 2270.6310021120003
5000 1724 10140 2291.6490854400004
5000 1684 10092 2280.801042432
5000 1759 10144 2292.553089024
5000 1690 10141 2291.8750863360005
5000 1703 10087 2279.671037952
5000 1640 10069 2275.6030218240003
5000 1730 10080 2278.0890316800005
5000 1624 10098 2282.1570478080007
5000 1606 10005 2261.1389644800006
5000 1624 10166 2297.5251087360007
5000 1645 9981 2255.714942976
5000 1650 9940 2246.4489062400003
5000 1712 10018 2264.0769761280003
5000 1686 10092 2280.801042432
5000 1626 10068 2275.3770209280005
5000 1735 10070 2275.8290227200005
5000 1652 9865 2229.4988390400003
5000 1587 10052 2271.7610065920003
5000 1567 9886 2234.2448578560006
5000 1609 9871 2230.8548444160006
5000 1600 9956 2250.064920576
5000 1692 10069 2275.6030218240003
5000 1681 9998 2259.556958208
5000 1532 9908 2239.216877568
5000 1679 9995 2258.8789555200005
5000 1696 10104 2283.5130531840005
5000 1657 10206 2306.5651445760004
5000 1640 10061 2273.795014656
5000 1712 10093 2281.0270433280007
5000 1748 10007 2261.5909662720005
5000 1641 10007 2261.5909662720005
5000 1638 10109 2284.6430576640005
5000 1587 9974 2254.1329367040003
5000 1640 10074 2276.7330263040003
5000 1682 9937 2245.7709035520006
5000 1574 9930 2244.18889728
5000 1684 10221 2309.9551580160005
5000 1583 9897 2236.7308677120004
5000 1671 10098 2282.1570478080007
5000 1568 9988 2257.296949248
5000 1550 9872 2231.0808453120003
5000 1674 10135 2290.5190809600003
5000 1646 9851 2226.3348264960005
5000 1661 9972 2253.6809349120003
5000 1684 10000 2260.0089600000006
5000 1616 10101 2282.8350504960003
5000 1643 10017 2263.8509752320006
5000 1702 10087 2279.671037952
5000 1627 9982 2255.9409438720004
5000 1684 9914 2240.5728829440004
5000 1579 9956 2250.064920576
5000 1653 9914 2240.5728829440004
5000 1665 10012 2262.7209707520005
5000 1540 9733 2199.6667207680002
5000 1628 10071 2276.055023616
5000 1531 9898 2236.956868608
5000 1652 10032 2267.240988672
5000 1578 10010 2262.2689689600006
5000 1622 10154 2294.8130979840003
5000 1694 10045 2270.1790003200003
5000 1644 10049 2271.083003904
5000 1662 10183 2301.367123968
5000 1626 9929 2243.9628963840005
5000 1678 10204 2306.1131427840005
5000 1675 10038 2268.5969940480004
5000 1571 10006 2261.3649653760003
5000 1613 9869 2230.4028426240006
5000 1630 9982 2255.9409438720004
5000 1644 9898 2236.956868608
5000 1625 10082 2278.541033472
5000 1623 10056 2272.665010176
5000 1744 10251 2316.735184896
5000 1661 10139 2291.423084544
5000 1654 10167 2297.7511096320004
5000 1677 9965 2252.0989286400004
5000 1553 9885 2234.0188569600004
5000 1604 9958 2250.5169223680005
5000 1560 10049 2271.083003904
5000 1671 10117 2286.451064832
5000 1706 9990 2257.7489510400005
5000 1518 9951 2248.934916096
5000 1671 10117 2286.451064832
5000 1606 9943 2247.1269089280004
5000 1682 10086 2279.4450370560003
5000 1708 10185 2301.81912576
500 0 1005 227.13090048000004
500 0 1023 231.19891660800005
500 2 1059 239.334948864
500 0 1008 227.80890316800003
500 2 1014 229.16490854400004
500 0 1023 231.19891660800005
500 0 1033 233.45892556800004
500 2 982 221.93287987200003
500 0 1001 226.22689689600003
500 0 1038 234.58893004800004
500 0 958 216.50885836800003
500 0 1050 237.30094080000003
500 2 1010 228.26090496000003
500 2 964 217.86486374400005
500 0 974 220.124872704
500 0 1040 235.04093184000004
500 0 1071 242.04695961600004
500 0 1091 246.56697753600005
500 0 969 218.99486822400004
500 2 978 221.02887628800005
500 0 1007 227.58290227200004
500 4 976 220.57687449600002
500 0 1004 226.90489958400002
500 4 1013 228.93890764800003
5000 1617 10090 2280.3490406400006
500 0 1075 242.95096320000005
500 4 990 223.74088704000002
500 2 1036 234.13692825600003
5000 1611 10119 2286.9030666240005
500 0 1026 231.87691929600004
500 0 1043 235.71893452800003
500 0 1005 227.13090048000004
500 2 1062 240.01295155200003
500 0 1007 227.58290227200004
500 2 988 223.288885248
500 0 1033 233.45892556800004
500 0 1014 229.16490854400004
500 0 1006 227.35690137600005
500 4 1028 232.32892108800002
500 0 1029 232.55492198400003
500 2 1089 246.11497574400005
500 0 950 214.70085120000005
500 0 1000 226.00089600000004
500 0 1032 233.23292467200005
500 0 1031 233.00692377600004
500 0 1015 229.39090944000003
500 0 985 222.61088256000002
500 0 1022 230.97291571200003
500 0 1024 231.42491750400004
500 2 1042 235.49293363200002
500 0 1031 233.00692377600004
500 2 1030 232.78092288000002
500 2 1002 226.45289779200002
500 2 1016 229.61691033600002
500 0 948 214.248849408
500 0 1012 228.71290675200004
500 0 1047 236.62293811200004
500 4 1022 230.97291571200003
500 0 945 213.57084672000002
5000 1566 9791 2212.7747727360006
500 0 1029 232.55492198400003
500 2 990 223.74088704000002
500 6 977 220.80287539200003
500 2 1027 232.10292019200003
5000 1597 9976 2254.584938496
5000 1683 10060 2273.5690137600004
500 0 950 214.70085120000005
500 2 1039 234.81493094400003
500 0 997 225.32289331200005
500 0 985 222.61088256000002
500 0 1010 228.26090496000003
500 6 1014 229.16490854400004
500 2 1053 237.97894348800003
500 0 1036 234.13692825600003
500 0 949 214.47485030400003
500 0 989 223.51488614400003
500 0 1010 228.26090496000003
500 0 1039 234.81493094400003
500 2 985 222.61088256000002
500 6 1048 236.84893900800006
500 0 995 224.87089152000004
500 4 993 224.41888972800004
500 0 1004 226.90489958400002
500 0 1051 237.52694169600005
500 2 1045 236.17093632
500 0 989 223.51488614400003
500 0 984 222.38488166400003
500 0 997 225.32289331200005
500 2 1018 230.06891212800002
500 0 972 219.67287091200004
500 2 1002 226.45289779200002
500 2 1019 230.29491302400004
500 0 1038 234.58893004800004
500 2 1015 229.39090944000003
500 4 984 222.38488166400003
500 0 985 222.61088256000002
500 0 991 223.966887936
500 0 1040 235.04093184000004
500 2 1031 233.00692377600004
5000 1614 9909 2239.4428784640004
500 0 1000 226.00089600000004
500 6 1054 238.20494438400004
500 4 1001 226.22689689600003
500 0 1031 233.00692377600004
500 2 1027 232.10292019200003
500 0 972 219.67287091200004
1000 6 2036 460.13782425600004
1000 2 1997 451.3237893120001
1000 6 2019 456.29580902400005
1000 10 2043 461.71983052800005
1000 6 2004 452.90579558400003
1000 8 1961 443.18775705600007
1000 2 2018 456.0698081280001
1000 4 1976 446.577770496
1000 4 1910 431.6617113600001
1000 8 1984 448.3857776640001
1000 12 2015 455.39180544000004
1000 2 2021 456.747810816
1000 8 1990 449.7417830400001
1000 14 2068 467.3698529280001
1000 4 2004 452.90579558400003
1000 4 2011 454.4878018560001
1000 12 1979 447.2557731840001
1000 10 2023 457.19981260800006
1000 4 1902 429.85370419200007
1000 0 1971 445.4477660160001
1000 4 2018 456.0698081280001
1000 2 1979 447.2557731840001
1000 2 2013 454.93980364800007
1000 10 1946 439.79774361600005
1000 6 2002 452.45379379200006
1000 0 2076 469.1778600960001
1000 8 2024 457.4258135040001
1000 2 2024 457.4258135040001
1000 4 2048 462.84983500800007
1000 4 2003 452.6797946880001
1000 2 2065 466.69185024000006
1000 10 2026 457.87781529600005
1000 8 2000 452.0017920000001
1000 12 1963 443.63975884800004
1000 18 2073 468.499857408
1000 4 1961 443.18775705600007
1000 10 2010 454.2618009600001
1000 16 2029 458.5558179840001
1000 12 2025 457.6518144000001
1000 6 2111 477.0878914560001
1000 10 2001 452.2277928960001
1000 4 2062 466.0138475520001
1000 4 1998 451.54979020800005
1000 6 2043 461.71983052800005
1000 4 2024 457.4258135040001
1000 4 2048 462.84983500800007
1000 4 1919 433.69571942400006
1000 8 2072 468.27385651200007
1000 6 2004 452.90579558400003
1000 8 2022 456.9738117120001
1000 10 2009 454.03580006400006
1000 4 1994 450.6457866240001
1000 2 2092 472.7938744320001
1000 2 2052 463.7538385920001
1000 2 2007 453.5837982720001
1000 4 2015 455.39180544000004
1000 6 2025 457.6518144000001
1000 2 2072 468.27385651200007
1000 2 2071 468.04785561600005
1000 6 1937 437.76373555200007
1000 8 2010 454.2618009600001
1000 10 2092 472.7938744320001
1000 2 1958 442.5097543680001
1000 0 1963 443.63975884800004
1000 2 1981 447.70777497600005
1000 2 1947 440.02374451200006
1000 10 2014 455.1658045440001
1000 16 1966 444.3177615360001
1000 6 1989 449.51578214400007
1000 2 2013 454.93980364800007
1000 6 2020 456.52180992000007
1000 2 1968 444.76976332800007
1000 2 2046 462.3978332160001
1000 2 1964 443.86575974400006
1000 6 2003 452.6797946880001
1000 6 1990 449.7417830400001
1000 12 2023 457.1998126080001
1000 2 2025 457.6518144000001
1000 2 2061 465.78784665600006
1000 8 1991 449.96778393600005
1000 2 2018 456.0698081280001
1000 4 2009 454.03580006400006
1000 10 1961 443.18775705600007
1000 6 2007 453.5837982720001
1000 2 2064 466.4658493440001
1000 6 2005 453.1317964800001
1000 6 1974 446.12576870400005
1000 2 2050 463.30183680000005
1000 6 1962 443.4137579520001
1000 8 1952 441.15374899200003
1000 8 2033 459.45982156800005
1000 2 1999 451.77579110400006
1000 2 1984 448.3857776640001
1000 8 2091 472.5678735360001
1000 0 1963 443.63975884800004
1000 6 2033 459.45982156800005
1000 4 2039 460.8158269440001
1000 12 2069 467.5958538240001
1000 2 2073 468.499857408
1000 6 2009 454.03580006400006
2000 12 3983 900.1615687680002
2000 24 4094 925.2476682240001
2000 8 4005 905.1335884800002
2000 20 3987 901.0655723520001
2000 20 4060 917.5636377600001
2000 16 4119 930.8976906240002
2000 40 4041 913.2696207360002
2000 22 3956 894.0595445760001
2000 32 3983 900.1615687680002
2000 24 4051 915.5296296960001
2000 18 3942 890.8955320320002
2000 26 4101 926.8296744960002
2000 22 4058 917.1116359680002
2000 26 4095 925.4736691200001
2000 16 3994 902.6475786240002
2000 36 4027 910.1056081920002
2000 18 3911 883.8895042560001
2000 22 3982 899.9355678720001
2000 24 4154 938.8077219840001
2000 22 3994 902.6475786240002
2000 20 3954 893.6075427840002
2000 20 3970 897.2235571200001
2000 20 4014 907.1675965440002
2000 34 4061 917.7896386560002
2000 20 3987 901.0655723520001
2000 34 4079 921.8576547840001
2000 14 3974 898.1275607040001
2000 18 4062 918.0156395520002
2000 22 3917 885.2455096320001
2000 26 4003 904.681586688
2000 20 4180 944.68374528
2000 16 4091 924.5696655360001
2000 24 4034 911.6876144640001
2000 22 4023 909.2016046080001
2000 36 4006 905.3595893760001
2000 32 4077 921.4056529920001
2000 22 4033 911.4616135680002
2000 12 3939 890.2175293440001
2000 24 3962 895.4155499520001
2000 32 4028 910.3316090880002
2000 22 4084 922.9876592640002
2000 24 4035 911.9136153600001
2000 10 3995 902.8735795200001
2000 24 4035 911.9136153600001
2000 18 4021 908.7496028160001
2000 24 3997 903.3255813120002
2000 24 4051 915.5296296960001
2000 18 4090 924.3436646400002
2000 14 3942 890.8955320320002
2000 16 3971 897.4495580160002
2000 22 4048 914.8516270080002
2000 16 4064 918.4676413440001
2000 22 4095 925.4736691200001
2000 18 3983 900.1615687680002
2000 20 4075 920.9536512000002
2000 30 4081 922.3096565760001
2000 22 3969 896.997556224
2000 31 4053 915.9816314880002
2000 22 4044 913.9476234240002
2000 20 4034 911.6876144640001
2000 24 4053 915.9816314880002
2000 16 3960 894.9635481600001
2000 20 4011 906.4895938560002
2000 14 3985 900.6135705600002
2000 26 3901 881.6294952960001
2000 22 4013 906.9415956480001
2000 28 4136 934.7397058560002
2000 24 4126 932.4796968960002
2000 22 4036 912.1396162560002
2000 22 4008 905.8115911680001
2000 10 4102 927.0556753920002
2000 6 3954 893.6075427840002
2000 18 4044 913.9476234240002
2000 18 4011 906.4895938560002
2000 14 4008 905.8115911680001
2000 26 4072 920.2756485120001
2000 26 3920 885.9235123200002
2000 20 4112 929.3156843520001
2000 14 4018 908.0716001280001
2000 24 4001 904.2295848960001
2000 8 3971 897.4495580160002
2000 18 3977 898.8055633920001
2000 27 4067 919.1456440320002
2000 16 4014 907.1675965440002
2000 32 4012 906.7155947520001
2000 24 4105 927.7336780800001
2000 14 3936 889.5395266560001
2000 30 4057 916.8856350720001
2000 34 4053 915.9816314880002
2000 28 3994 902.6475786240002
2000 18 3992 902.1955768320001
2000 18 3950 892.7035392000001
2000 24 3907 882.9855006720002
2000 28 4124 932.0276951040001
2000 18 3963 895.6415508480002
2000 20 4013 906.9415956480001
2000 20 4051 915.5296296960001
2000 14 3964 895.8675517440003
2000 23 4028 910.3316090880002
2000 18 4001 904.2295848960001
3000 52 6109 1380.6394736640002
3000 46 6022 1360.977395712
3000 28 5971 1349.4513500160003
3000 40 6002 1356.4573777920002
3000 36 6073 1372.5034414080003
3000 38 6025 1361.6553984000002
3000 44 5977 1350.807355392
3000 62 6081 1374.3114485760002
3000 54 5992 1354.1973688320002
3000 40 5894 1332.0492810240003
3000 58 6042 1365.4974136320002
3000 42 5975 1350.3553536000002
3000 38 5917 1337.2473016320002
3000 48 6190 1398.9455462400003
3000 42 6070 1371.8254387200002
3000 52 6122 1383.5774853120004
3000 42 6015 1359.3953894400004
3000 50 5966 1348.3213455360003
3000 50 6040 1365.04541184
3000 46 5956 1346.0613365760003
3000 68 5979 1351.2593571840002
3000 30 5924 1338.8293079040002
3000 56 6066 1370.9214351360001
3000 42 6033 1363.4634055680003
3000 60 6020 1360.5253939200004
3000 24 6188 1398.4935444480002
3000 52 6064 1370.4694333440002
3000 58 5955 1345.8353356800003
3000 46 5984 1352.3893616640003
3000 44 6026 1361.8813992960002
3000 52 6026 1361.8813992960002
3000 44 6082 1374.5374494720002
3000 66 6036 1364.1414082560002
3000 50 6005 1357.1353804800003
3000 28 5871 1326.851260416
3000 52 6057 1368.8874270720003
3000 44 5962 1347.4173419520002
3000 42 6074 1372.729442304
3000 38 6019 1360.2993930240002
3000 76 5938 1341.9933204480003
3000 34 6140 1387.6455014400003
3000 58 6139 1387.4195005440001
3000 48 5991 1353.9713679360002
3000 44 6030 1362.7854028800002
3000 48 6045 1366.17541632
3000 52 5988 1353.293365248
3000 66 6016 1359.621390336
3000 50 5999 1355.779375104
3000 42 6018 1360.0733921280003
3000 44 6033 1363.4634055680003
3000 40 5943 1343.123324928
3000 36 6017 1359.847391232
3000 32 5913 1336.3432980480002
3000 62 6034 1363.6894064640003
3000 52 5931 1340.4113141760001
3000 58 5941 1342.6713231360002
3000 50 6124 1384.0294871040003
3000 41 6104 1379.5094691840002
3000 49 5978 1351.033356288
3000 42 6070 1371.8254387200002
3000 62 6004 1356.9093795840001
3000 36 5987 1353.0673643520001
3000 54 6002 1356.4573777920002
3000 56 5979 1351.2593571840002
3000 48 5948 1344.2533294080001
3000 48 6050 1367.3054208
3000 30 5959 1346.7393392640001
3000 46 6060 1369.5654297600001
3000 36 6059 1369.3394288640004
3000 40 6015 1359.3953894400004
3000 48 6169 1394.1995274240003
3000 34 6034 1363.6894064640003
3000 38 5984 1352.3893616640003
3000 54 6030 1362.7854028800002
3000 50 6090 1376.34545664
3000 60 6125 1384.2554880000002
3000 40 5983 1352.163360768
3000 54 6140 1387.6455014400003
3000 24 5951 1344.9313320960002
3000 48 6020 1360.5253939200004
3000 64 5957 1346.2873374720002
3000 53 6088 1375.8934548480004
3000 54 6104 1379.5094691840002
3000 47 5989 1353.5193661440003
3000 52 6041 1365.2714127360002
3000 48 6083 1374.7634503680003
3000 50 6002 1356.4573777920002
3000 34 6019 1360.2993930240002
3000 46 6070 1371.8254387200002
3000 50 6059 1369.3394288640004
3000 46 6033 1363.4634055680003
3000 34 5983 1352.163360768
3000 34 6101 1378.8314664960003
3000 40 6032 1363.2374046720001
3000 42 6013 1358.9433876480002
3000 38 5980 1351.4853580800002
3000 84 6023 1361.2033966080003
3000 37 6050 1367.3054208
3000 40 5885 1330.0152729600002
3000 52 6104 1379.5094691840002
4000 89 7801 1763.0329896960004
4000 112 8057 1820.8892190720003
4000 84 8033 1815.4651975680003
4000 100 8041 1817.2732047360003
4000 68 7959 1798.7411312640002
4000 66 7863 1777.0450452480004
4000 82 8141 1839.8732943360003
4000 65 8042 1817.4992056320002
4000 80 8057 1820.8892190720003
4000 86 7995 1806.8771635200003
4000 62 7902 1785.8590801920004
4000 76 8046 1818.4032092160003
4000 88 7914 1788.5710909440002
4000 85 8049 1819.0812119040004
4000 78 7973 1801.9051438080003
4000 73 8003 1808.6851706880002
4000 66 8046 1818.4032092160003
4000 88 7978 1803.0351482880003
4000 100 8097 1829.9292549120003
4000 82 7946 1795.8031196160002
4000 110 8192 1851.3993400320003
4000 86 7996 1807.1031644160003
4000 64 8167 1845.7493176320002
4000 86 8035 1815.9171993600003
4000 78 7990 1805.7471590400003
4000 77 7979 1803.2611491840003
4000 106 7841 1772.0730255360002
4000 115 7962 1799.4191339520005
4000 74 8125 1836.2572800000003
4000 60 7987 1805.0691563520002
4000 72 7990 1805.7471590400003
4000 92 8108 1832.4152647680003
4000 98 7993 1806.4251617280001
4000 88 8005 1809.1371724800003
4000 100 8127 1836.7092817920002
4000 82 7813 1765.7450004480002
4000 94 8122 1835.5792773120004
4000 54 7987 1805.0691563520002
4000 68 8074 1824.7312343040003
4000 85 8032 1815.2391966720002
4000 83 7996 1807.1031644160003
4000 99 8015 1811.3971814400004
4000 86 7955 1797.8371276800003
4000 72 8071 1824.0532316160002
4000 78 8088 1827.8952468480004
4000 98 7813 1765.7450004480002
4000 82 8165 1845.2973158400005
4000 72 7924 1790.8310999040002
4000 83 7993 1806.4251617280001
4000 76 8066 1822.9232271360004
4000 61 8115 1833.9972710400002
4000 82 8131 1837.6132853760002
4000 79 7920 1789.9270963200001
4000 92 8024 1813.4311895040003
4000 98 8053 1819.9852154880004
4000 95 8071 1824.0532316160002
4000 104 8031 1815.0131957760002
4000 94 8041 1817.2732047360003
4000 78 8145 1840.7772979200004
4000 76 8013 1810.9451796480002
4000 75 8129 1837.1612835840003
4000 106 8013 1810.9451796480002
4000 75 8097 1829.9292549120003
4000 76 7946 1795.8031196160002
4000 71 8016 1811.6231823360001
4000 92 8056 1820.6632181760003
4000 77 8010 1810.2671769600004
4000 74 7921 1790.1530972160003
4000 84 8109 1832.6412656640002
4000 68 8009 1810.0411760640004
4000 88 7951 1796.9331240960003
4000 78 8011 1810.493177856
4000 74 7996 1807.1031644160003
4000 76 8003 1808.6851706880002
4000 99 7985 1804.6171545600002
4000 95 8032 1815.2391966720002
4000 80 8100 1830.6072576000004
4000 68 7820 1767.3270067200003
4000 84 8050 1819.3072128000001
4000 76 7900 1785.4070784000003
4000 88 8238 1861.7953812480005
4000 76 7971 1801.4531420160004
4000 82 7993 1806.4251617280001
4000 82 8047 1818.6292101120002
4000 74 8038 1816.5952020480004
4000 74 8117 1834.4492728320004
4000 85 8073 1824.5052334080003
4000 78 8030 1814.7871948800002
4000 104 8307 1877.3894430720002
4000 82 8162 1844.6193131520001
4000 100 8035 1815.9171993600003
4000 92 8019 1812.3011850240002
4000 76 8024 1813.4311895040003
4000 64 8031 1815.0131957760002
4000 102 8199 1852.9813463040005
4000 86 7991 1805.9731599360005
4000 95 8144 1840.5512970240002
4000 64 8115 1833.9972710400002
4000 62 7853 1774.7850362880004
4000 88 8041 1817.2732047360003
5000 126 9930 2244.18889728
5000 144 10049 2271.083003904
5000 143 9857 2227.690831872
5000 134 10173 2299.107115008
5000 130 10048 2270.8570030080004
5000 164 10109 2284.6430576640005
5000 121 9947 2248.0309125120007
5000 126 9884 2233.7928560640003
5000 132 9978 2255.0369402880006
5000 106 9955 2249.8389196800003
5000 146 10082 2278.541033472
5000 125 10175 2299.5591168
5000 148 10168 2297.977110528
5000 148 10075 2276.9590272000005
5000 142 10171 2298.6551132160007
5000 124 10141 2291.8750863360005
5000 134 9936 2245.544902656
5000 88 10053 2271.9870074880005
5000 131 10027 2266.1109841920006
5000 117 9930 2244.18889728
5000 117 10128 2288.9370746880004
5000 131 10068 2275.3770209280005
5000 140 10037 2268.370993152
5000 112 10015 2263.3989734400006
5000 126 10119 2286.9030666240005
5000 122 9981 2255.714942976
5000 141 10088 2279.8970388480006
5000 144 9956 2250.064920576
5000 150 10147 2293.2310917120003
5000 141 9990 2257.7489510400005
5000 141 9992 2258.2009528320004
5000 127 10033 2267.4669895680004
5000 142 9973 2253.9069358080005
5000 136 10044 2269.952999424
5000 150 9992 2258.2009528320004
5000 117 10134 2290.293080064
5000 142 10138 2291.1970836480004
5000 121 9949 2248.4829143040006
5000 147 10143 2292.3270881280005
5000 134 10077 2277.4110289920004
5000 138 9860 2228.3688345600003
5000 126 10103 2283.2870522880007
5000 124 10056 2272.665010176
5000 132 10005 2261.1389644800006
5000 160 9999 2259.7829591040004
5000 132 10130 2289.3890764800003
5000 148 10160 2296.16910336
5000 124 9942 2246.9009080320006
5000 153 9931 2244.414898176
5000 120 10026 2265.8849832960004
5000 131 9997 2259.3309573120005
5000 143 10169 2298.2031114240003
5000 126 10011 2262.4949698560004
5000 141 10243 2314.927177728
5000 109 9952 2249.1609169920007
5000 148 10097 2281.931046912
5000 138 10249 2316.2831831040007
5000 149 10165 2297.29910784
5000 136 9970 2253.2289331200004
5000 138 10056 2272.665010176
5000 96 9970 2253.2289331200004
5000 156 9952 2249.1609169920007
5000 127 9946 2247.804911616
5000 141 10145 2292.7790899200004
5000 139 10134 2290.293080064
5000 126 9918 2241.4768865280003
5000 126 9960 2250.9689241600004
5000 122 9970 2253.2289331200004
5000 128 10005 2261.1389644800006
5000 108 9957 2250.2909214720003
5000 147 10186 2302.0451266560003
5000 118 9951 2248.934916096
5000 140 10159 2295.9431024640003
5000 141 10045 2270.1790003200003
5000 96 9947 2248.0309125120007
5000 138 10093 2281.0270433280007
5000 144 9810 2217.06878976
5000 154 10013 2262.9469716480003
5000 137 10082 2278.541033472
5000 165 10016 2263.6249743360004
5000 149 10007 2261.5909662720005
5000 136 10108 2284.4170567680003
5000 108 10036 2268.1449922560005
5000 98 9911 2239.8948802560003
5000 120 10142 2292.1010872320003
5000 118 10118 2286.6770657280003
5000 160 10159 2295.9431024640003
5000 121 9967 2252.5509304320003
5000 132 9844 2224.7528202240005
5000 132 10026 2265.8849832960004
5000 145 10173 2299.107115008
5000 128 9927 2243.5108945920006
5000 136 10006 2261.3649653760003
5000 125 9984 2256.3929456640003
5000 132 10185 2301.81912576
5000 119 10156 2295.2650997760006
5000 144 10078 2277.6370298880006
5000 121 10137 2290.9710827520003
5000 126 9993 2258.426953728
5000 170 10093 2281.0270433280007