#nrNodes nrCollisions nrTransmissions OverallEnergy
200 0 695 1.6278535680000001
1000 2 3427 8.211734784
2000 8 6689 16.159756800000004
3000 10 10181 24.116691456000005
4000 16 13481 32.117310720000006
500 0 947 2.1839685120000003
500 0 1011 2.4227258880000004
500 2 1721 4.130573568000001
1000 0 2064 4.939156992000001
1000 0 2067 4.807140096000001
1000 0 3168 7.465176576000001
2000 4 4046 9.68546304
2000 0 4016 9.569818368
2000 10 6603 15.736190976000001
3000 6 5973 14.072196864000002
3000 0 5913 13.899012864000001
3000 136 10136 269.78394854400005
4000 110 8057 217.20439065600002
200 0 685 16.582815744
1000 6 3318 98.38828876800001
2000 32 6652 182.242570752
3000 94 9931 263.230268928
500 2 937 25.037438976
500 0 892 22.613437440000002
500 4 1677 41.229923328
1000 0 1920 48.134836992
1000 0 1978 52.316149248
1000 12 3514 96.34458240000001
2000 26 4072 110.66622336
2000 0 3931 111.589015296
2000 43 6584 178.351954176
3000 56 6014 164.541957888
3000 0 6046 156.263804928
4000 159 13375 350.373881088
3000 94 10106 273.42238387199995
4000 62 8040 206.325875712
4000 0 7996 211.249792512
4000 156 13483 362.473360128
5000 96 10005 260.474497536
5000 0 10048 270.98476416000005
5000 248 16692 425.818432512
500 2 1018 24.944992512000002
500 6 983 24.987139583999998
500 0 1025 25.467230976
500 0 1071 29.1312384
500 0 969 22.648158719999998
500 0 1021 25.074812928
500 2 1038 28.704732672000002
500 0 951 26.906618112
500 2 1043 29.664003072
500 2 1032 27.341977344
1000 2 2091 56.277348864
1000 0 2005 53.702415359999996
1000 6 2069 52.995250176
1000 4 2069 56.502234623999996
1000 6 2013 53.242793472
1000 6 2068 54.210503424
1000 6 1904 51.655329792
1000 8 2048 54.494221056
1000 4 2036 55.871380224
1000 4 1967 50.43320832
2000 16 4020 105.588198144
2000 27 4167 119.258211072
2000 20 4085 97.63719398399999
2000 36 4045 108.97683456
2000 18 4124 109.38325094400001
2000 16 4208 109.812037632
2000 18 3985 101.425530624
2000 14 4034 96.582832896
2000 24 4048 104.154065664
2000 29 3902 107.675344128
3000 50 6059 155.075695104
3000 56 6033 163.42450713600002
3000 38 5997 156.423987456
3000 50 5964 164.816948736
3000 57 6002 156.559966464
3000 30 5873 158.7370752
3000 55 6134 160.11392179199999
3000 60 6066 157.762649088
3000 30 5952 158.01608064
3000 52 6080 167.45310489599999
4000 63 8033 202.634784
4000 71 7995 211.022389248
4000 107 8217 218.3419392
4000 86 8053 219.652502784
4000 84 8108 212.129854464
4000 63 7998 202.064729856
4000 62 8272 209.91725568
4000 68 8068 216.60055296000002
4000 73 7942 200.718997248
4000 76 7993 214.084755456
5000 128 10150 273.37360512
5000 141 9912 259.202025984
5000 130 9877 259.21090483200004
5000 119 10094 273.216920064
5000 138 10061 265.94832844800004
5000 123 10068 275.466411264
500 0 1031 29.718213888
500 0 1061 32.404483584
500 0 1012 26.820144384
500 0 1002 28.372709376000003
500 0 968 25.759514879999998
500 0 1021 26.250588672000003
500 0 978 26.870612736
500 0 955 25.231633152
500 0 974 24.504032256000002
500 0 1007 26.509959168
5000 128 9845 270.947787264
5000 100 10029 257.359981824
1000 0 2114 55.897509888
5000 129 10033 264.295502592
1000 0 2034 55.066243584
1000 0 2013 50.260683264
1000 0 2005 51.813755136
1000 0 1949 51.972408576
1000 0 2035 49.068112895999995
1000 0 2061 54.152288256000006
1000 0 2061 53.91965568
5000 156 10042 273.637343232
1000 0 1955 56.167828992
1000 0 2038 58.338956544
2000 0 4177 105.582816768
2000 0 4093 110.588704512
2000 0 4048 108.446283264
2000 0 4036 107.79544934399999
2000 0 3839 93.408023808
2000 0 3934 104.044883712
2000 0 4090 110.138958336
2000 0 4035 112.494970368
2000 0 3963 99.18994483200001
2000 0 3967 101.29557504
3000 0 5983 160.452407808
3000 0 6113 160.270758912
3000 0 5964 152.80080076800002
3000 0 6023 161.95677696
3000 0 5992 163.197500928
3000 0 6047 168.516767232
3000 0 6110 154.694403072
3000 0 6095 161.201998848
3000 0 6092 163.01145062400002
3000 0 5927 159.074006784
4000 0 7949 218.396361216
4000 0 8147 209.605803264
4000 0 8120 215.18867251199998
4000 0 7894 208.679150592
4000 0 8045 212.626343424
4000 0 7928 210.62110924799998
4000 0 7978 211.24185984
4000 0 7984 206.715556608
4000 0 8180 215.344217088
4000 0 8080 213.066906624
5000 0 9948 258.882598656
5000 0 10110 267.673621248
5000 0 10108 276.906660096
5000 0 10097 272.054635776
5000 0 10214 268.77186969599995
5000 0 10015 263.721824256
5000 0 10240 275.940352512
5000 0 10197 260.630988288
5000 0 10042 258.294068736
5000 0 10007 261.822789888
500 2 1658 47.27593728
500 0 1548 34.70641152
500 4 1742 47.681466623999995
500 4 1696 34.594509312
500 6 1643 45.359981568
500 4 1771 46.352722944
500 0 1557 41.625002496
500 2 1760 55.205035776
500 6 1683 44.36862566400001
500 8 1664 43.592803584
1000 12 3334 90.802812672
1000 14 3377 93.337373184
1000 8 3518 92.53744051199999
1000 12 3263 91.32271104
1000 6 3362 91.842626304
1000 8 3381 100.026212352
1000 20 3344 95.865656832
1000 6 3312 83.89968998399999
1000 16 3257 80.081227776
1000 13 3521 91.40879616
2000 34 6599 175.217281536
2000 42 6749 180.061018368
2000 42 6457 177.474941952
2000 36 6582 174.122336256
2000 42 6820 174.169999872
2000 33 6656 169.983145728
2000 28 6668 169.492088832
2000 46 6713 174.90418176
2000 28 6865 179.217071616
2000 42 6803 180.362189568
3000 102 10028 262.56561408
3000 112 9982 259.635492864
3000 72 10005 261.426713856
3000 153 10159 264.393431808
3000 105 10081 266.786809344
3000 102 10066 269.87198515200004
3000 80 10222 264.2308416
3000 90 10072 262.354185984
3000 80 10155 252.080902656
3000 96 9992 273.405724416
4000 161 12942 358.81854412800004
4000 192 13482 357.59209728
4000 155 13624 365.509360128
4000 187 13100 341.335196928
4000 150 13223 332.34820608
4000 139 13378 339.763514112
4000 145 13228 337.12010956800003
4000 156 13449 351.798982656
4000 188 13545 369.030207744
4000 193 13710 370.966058496
500 2 1052 26.379665664
500 0 972 27.340363776
500 0 1028 25.915245312
500 0 976 28.69709568
500 0 1042 29.893788672000003
500 4 996 26.656210944
500 0 1081 28.510622976
500 4 991 25.799372544
500 0 1012 27.364440576
500 2 1000 24.696469248
1000 4 1996 50.423510016
1000 6 1866 51.300978432
1000 4 2052 55.09329408
1000 16 2057 53.631215616000006
1000 6 1962 49.084290816
1000 8 1909 50.89283020800001
1000 10 2004 50.074683648000004
1000 6 1969 52.974966528
1000 6 2062 50.701643520000005
1000 6 2034 53.746649088
2000 14 3993 98.90819558400001
2000 20 4078 111.854569728
2000 10 3897 104.7978624
2000 20 4048 98.762873088
2000 16 3963 106.548980736
2000 12 4100 107.09622528
2000 16 3934 107.920361472
2000 20 4072 105.238273536
2000 24 3923 109.625227008
2000 14 3925 103.932305664
3000 48 6030 162.538818816
3000 50 6017 156.627558912
3000 51 6137 163.92261811199998
3000 46 6173 166.41702528
3000 42 6054 161.82380544
3000 44 5908 161.150719488
3000 60 5928 160.34816793599998
3000 24 5918 157.10107775999998
3000 28 6076 156.64142208
3000 56 6050 165.731520768
4000 84 7996 216.454250496
4000 72 7861 203.52477235199999
4000 72 7996 208.98637056
4000 60 8021 208.320642816
4000 68 8066 208.981411584
4000 91 8082 218.365433088
4000 100 8168 210.976432128
4000 72 8093 212.17939353600002
4000 70 7941 208.443975168
4000 76 8003 215.053242624
5000 140 10103 267.1196352
5000 163 10023 262.380704256
5000 135 10081 259.55119027200004
5000 115 9919 258.132221952
5000 88 9760 247.39847193600002
5000 132 9915 264.3998016
500 0 963 25.024361472
500 0 961 25.627996416000002
500 0 982 27.403090176
500 0 1043 28.03418112
500 0 1012 25.795646976
500 0 981 24.888010752
500 0 1009 28.68873216
500 0 1035 28.628210688
500 0 997 30.289256448
500 0 995 26.763128832
1000 0 2006 53.330331648000005
5000 137 9910 255.431624448
1000 0 1976 51.820184064
1000 0 1934 55.54893696
1000 0 2005 50.40997632
1000 0 1971 49.664964096
1000 0 1953 54.954670848
1000 0 2102 57.194666495999996
1000 0 1998 53.025764351999996
1000 0 1944 50.285571072
1000 0 2028 51.641458176
2000 0 4195 106.57849804800001
2000 0 4020 109.631951616
2000 0 3935 107.364212736
5000 119 9988 260.512184064
2000 0 3925 97.247639808
2000 0 3982 103.15061222400001
2000 0 4037 109.393515264
2000 0 3951 106.911154944
2000 0 4008 104.229852672
2000 0 4097 109.35094579199999
2000 0 4025 117.408817152
3000 0 6041 159.792771072
3000 0 6044 158.18432256
3000 0 6028 162.74379264
3000 0 5998 160.92941568
3000 0 6047 166.62765081600003
5000 97 10019 263.615176704
3000 0 6203 163.199063808
3000 0 6088 155.43379737600003
3000 0 6011 158.23686067199998
3000 0 5977 161.210345472
3000 0 6078 160.44393446400002
5000 91 9935 259.482170112
4000 0 8005 206.368031232
4000 0 7982 204.87008256000001
4000 0 7980 210.047287296
4000 0 7953 205.16340556800003
4000 0 8025 209.008267776
4000 0 7920 206.790515712
4000 0 7924 208.340639232
4000 0 8072 215.526617856
4000 0 8063 206.882016
4000 0 7946 203.975329536
5000 0 10116 261.330702336
5000 0 10193 277.56351744
5000 0 9827 256.89789312
5000 0 10098 268.93149465600004
5000 0 10071 269.87258496
5000 0 9812 249.47928192
5000 0 10027 278.66940288
5000 0 9946 258.52464
5000 0 9847 253.175932416
5000 0 10174 253.79293209600002
500 2 1556 39.642341376000005
500 8 1625 46.392293376000005
500 2 1680 45.051443711999994
500 0 1773 51.818545152000006
500 4 1714 48.59399424
500 4 1641 49.287980544
500 4 1603 34.652994815999996
500 4 1720 48.830403071999996
500 4 1684 39.533776128
500 6 1804 51.711162623999996
1000 12 3405 95.05649049600001
1000 14 3330 85.21435084800001
1000 12 3291 95.6383296
1000 8 3324 84.473055744
1000 10 3309 80.74754688
1000 16 3379 93.46242048
1000 8 3394 86.696848128
1000 4 3471 90.332909568
1000 18 3326 87.38712576
1000 6 3572 88.727113728
2000 52 6682 172.202756352
2000 40 6603 176.64553420800002
2000 45 6811 184.715891712
2000 38 6848 185.08862592000003
2000 38 6647 186.252684288
2000 42 6691 182.67598694400002
2000 42 6633 177.69640627200002
2000 34 6578 163.432710144
2000 58 6617 188.592949248
2000 48 6524 168.596288256
3000 130 9934 277.10133580800004
3000 81 9884 259.48788096
3000 114 10138 264.487559424
3000 72 10066 263.510134272
3000 98 9879 269.288008704
3000 78 9990 261.923768832
3000 97 10306 267.522114816
3000 85 10072 251.084283648
3000 80 10132 263.857896192
3000 109 10054 266.57583744
4000 181 13158 356.45852774400004
4000 187 13460 371.414529024
4000 198 13595 376.36530201600004
4000 171 13384 347.229535488
4000 126 13236 341.85751987199995
4000 194 13395 356.996952576
4000 174 13479 355.77494092800004
4000 207 13826 372.119058432
4000 221 13580 372.27151104
4000 170 13486 359.76678144
5000 221 16364 424.820715264
5000 243 16541 438.21708902399996
5000 281 16499 450.05076864
5000 270 16604 429.112637184
5000 301 16838 436.966320384
5000 256 17096 459.149442048
5000 236 16466 430.28380032
500 0 1026 26.667953664000002
500 2 1004 27.053976576
500 0 1049 32.711010816
500 0 973 26.689403136
500 0 954 29.653730304
500 0 1046 30.745879296000002
500 2 1020 25.729389312
500 2 1055 28.142349312
500 0 974 24.916945152
500 0 976 27.228512256000002
1000 4 1998 48.250498560000004
1000 8 2056 55.831429632
1000 4 1953 51.551782656
1000 0 1997 51.946971648
1000 2 2012 54.150868992
1000 6 2116 54.935274240000005
1000 6 1962 49.532220672
1000 6 1982 53.289578496
1000 0 1903 47.857007616000004
1000 4 2039 53.958710784000004
2000 36 4076 107.490687744
2000 26 3978 101.88361497599999
2000 22 4021 102.839539968
2000 26 4128 108.001960704
2000 18 4010 103.868928768
2000 22 3949 107.287200768
2000 22 3977 104.995604736
2000 34 3947 109.74354969599999
2000 20 3984 107.82790656
2000 16 3954 101.32888550400001
3000 53 6067 170.48129049599999
3000 37 6115 160.333823232
3000 47 6008 155.588387328
3000 48 6036 156.797127168
3000 58 6152 164.85684864
3000 48 5914 150.980865024
3000 64 5931 155.216802048
3000 48 6254 163.804126464
3000 41 6034 154.074514176
3000 38 5946 157.98728985600002
4000 77 8051 212.431405824
4000 78 8034 215.86352409600002
4000 86 8007 204.524787456
4000 77 8004 210.307037952
4000 61 7985 204.38373120000003
4000 70 8023 217.035236352
4000 103 7998 215.06588928
4000 67 7920 204.89568844800002
4000 71 8005 215.89268659200002
4000 64 7850 203.81801088
5000 137 9979 269.197192704
5000 129 10007 264.59951232
5000 138 10032 261.33752832
5000 108 10027 264.24993408
5000 101 9966 274.26699801600006
5000 129 9859 263.524732416
500 0 1000 22.430563583999998
500 0 1045 27.983425536000002
500 0 1043 27.158596608
500 0 987 25.987323648
5000 127 10129 276.279624192
500 0 1019 26.116983552
500 0 986 26.082067968
500 0 972 26.664785664
500 0 1034 28.543663104000004
500 0 987 25.219239936
500 0 1003 24.655285248
1000 0 2073 54.229798656
5000 128 9990 267.775757568
1000 0 2026 53.737930752000004
1000 0 2012 54.282429696
1000 0 2092 53.985440256000004
1000 0 2085 57.0848256
1000 0 2017 51.92656128
1000 0 2061 55.884423936000005
1000 0 2030 55.167323904
1000 0 2011 54.172259328
1000 0 1978 50.24177664
2000 0 3859 99.862887168
2000 0 3988 105.549083904
2000 0 3994 101.53563340800001
2000 0 4156 110.049401088
5000 146 10111 264.521047296
2000 0 3947 107.01149184
2000 0 4073 115.13500416
2000 0 4064 110.48088268800001
2000 0 3932 111.35547878400001
5000 110 9919 266.006898432
2000 0 3994 106.216847616
3000 0 6074 161.131052544
3000 0 5906 160.654762752
3000 0 5987 151.77913344
3000 0 6110 162.246610944
3000 0 6025 160.955959296
3000 0 5924 157.511625216
3000 0 6029 156.072398592
3000 0 5839 150.911811072
3000 0 5859 145.204418304
3000 0 6082 163.13462246400002
4000 0 7968 209.075978496
4000 0 8143 216.17812761599998
4000 0 8008 205.281407232
4000 0 8156 225.897644544
4000 0 8035 211.11513984
4000 0 8117 215.744669184
4000 0 8012 209.35081728
4000 0 7981 206.82644505599998
4000 0 8191 221.31705446400002
4000 0 8043 218.40815462400002
5000 0 9996 252.968829696
5000 0 10085 268.667165184
5000 0 10082 266.500033536
5000 0 10125 267.179903232
5000 0 9915 252.03265612799999
5000 0 9987 276.908130048
5000 0 9948 256.102378752
5000 0 10135 271.48254566400004
5000 0 9988 250.383437568
5000 0 10004 258.100026624
500 0 1464 40.161124608
500 6 1572 41.760331008
500 2 1524 41.24934528
500 0 1587 42.567596544
500 0 1592 35.060796671999995
500 2 1665 46.570537728
500 4 1544 40.733535744
500 4 1619 37.097203968
500 4 1600 43.993644288000006
500 2 1530 39.809527296000006
1000 6 3004 76.446112512
1000 18 3057 86.717858304
1000 12 3307 97.489345536
1000 8 3116 87.511235328
1000 18 3264 88.4940672
1000 8 3258 82.657124352
1000 6 3267 83.38404940800001
1000 16 3319 77.349406464
1000 10 3180 87.511302912
1000 12 3422 86.440915968
2000 53 6450 175.48693324799999
2000 30 6526 175.96077312
2000 36 6618 171.18990028800002
2000 44 6441 168.21686323199998
2000 58 6638 175.551078912
2000 50 6782 186.651235584
2000 52 6739 172.759834368
2000 54 6519 168.31138790400001
2000 57 6423 173.899114752
2000 44 6653 182.610675456
3000 84 9590 246.683467008
3000 90 9740 244.745208576
3000 116 9719 250.342802688
3000 97 9834 263.187369984
3000 88 9664 269.821449216
3000 98 9550 258.76962355200004
3000 75 9607 251.11631846400002
3000 79 9841 260.182923264
3000 98 10026 264.400958976
3000 99 9846 264.56149632
4000 164 12996 335.705221632
4000 118 12734 326.360753664
4000 171 12942 358.01329766400005
4000 168 13334 341.15455334399996
4000 141 13055 339.186372096
4000 144 12591 321.90822681599997
4000 160 12979 346.208231424
4000 173 12973 338.93001753600004
4000 142 13079 338.411698944
4000 177 13069 331.75779225599996
5000 253 16217 429.458793984
5000 255 16486 428.375245056
5000 303 16290 445.92012748800005
5000 239 16232 423.35804544
5000 287 16344 454.119004416
5000 218 16354 433.417915392
5000 245 16198 425.47015526399997
5000 238 16250 404.320376064
5000 249 16012 427.90870425599996
5000 269 16160 415.934939904
500 0 997 23.986778112
500 2 1011 25.971956736000003
500 4 992 25.566587904
500 4 1009 27.628567296
500 0 966 25.658992128
500 0 1022 25.722630912
500 0 1016 26.397710592
500 4 1026 27.169959168000002
500 2 985 25.644748800000002
500 0 997 25.55917056
500 0 974 24.027362304
500 4 961 27.473250816
500 2 996 27.542237184
500 0 999 28.91480064
500 4 1003 25.464569855999997
500 2 1044 23.1846912
500 2 1024 28.288068864
500 0 993 24.133722624
500 2 990 26.218477824
500 2 997 29.011885056
500 0 991 26.938931712000002
500 0 1032 23.170430976
500 0 1067 25.150557696000003
500 0 1041 29.45914752
500 2 991 24.072331008000003
500 0 962 23.574414336
500 2 1056 27.426837504
500 0 1029 25.389120767999998
500 0 1027 26.810133504
500 2 1014 26.235103488
500 0 935 29.446543104000003
500 0 968 22.792712448
500 0 1001 25.303044096
500 0 1003 26.247065856
500 0 982 25.48934784
500 4 1008 27.156087552000002
500 0 1040 28.281259776
500 0 1038 25.333617408
500 2 1031 25.887257088
500 2 1029 32.042866944000004
500 2 999 26.43353856
500 0 1001 24.770896128
500 0 998 24.403889664
500 0 975 24.659027712
500 2 1049 27.5814528
500 2 938 27.58550784
500 2 1025 30.127333632
500 0 1042 28.998300672000003
500 2 990 24.651846912
500 0 998 26.325074688
500 2 1042 27.35078016
500 0 1011 25.354171392
500 4 985 25.092832512
500 2 973 27.673823232
500 0 1010 23.089989120000002
500 2 1027 25.645078272
500 6 972 27.654882816
500 2 1044 27.316658688
500 4 1019 27.873094656
500 0 994 30.500515584
500 0 974 28.05931392
500 2 1003 27.370565376000002
500 4 1033 25.93307904
500 2 1014 30.241863168000002
500 0 999 27.318559488000002
500 2 1044 29.74126848
500 0 1010 29.071181568
500 0 1005 27.199932672000003
500 0 1020 25.751185151999998
500 4 966 25.475881728
500 2 1037 26.058143232
500 0 985 28.913753088
500 0 1007 26.677584384
500 2 949 25.992307968000002
500 0 1036 25.704991488
500 4 1038 28.181294592
500 0 1049 28.245727488
500 0 998 26.187608832
500 2 1034 27.706930944000003
500 4 989 25.205174015999997
500 2 983 28.650775296
500 2 950 23.569565184000002
500 0 1006 27.048113664000002
500 2 986 26.49106944
500 0 994 25.196633088
500 4 1022 26.733645312
500 4 984 26.482275072
500 0 973 26.647729152
500 0 1047 27.301976063999998
500 0 1019 25.985532672
500 4 1057 24.965225472
500 4 1036 27.337128192
500 0 1028 23.550726144000002
500 6 985 26.625232128000004
500 2 1038 27.890827008000002
500 2 1042 28.302776832000003
500 4 1046 25.70950272
500 0 1010 28.967947008000003
500 2 967 26.143155456
500 0 1004 28.507505664
1000 2 2105 54.944212224
1000 4 2021 54.754047744000005
1000 10 2129 52.412921088
1000 8 2017 54.600302592
1000 0 2072 55.211422464
1000 10 1985 53.403896832
1000 8 2041 56.493913344000006
1000 8 2011 53.673362688000005
1000 2 1996 51.581950464
1000 6 2045 51.057988608
1000 8 1920 53.729938944
1000 10 2018 55.51784832
1000 2 2132 55.740427776
1000 4 2080 58.157577984
1000 12 2006 52.58803968
1000 10 2048 51.2238144
1000 4 1972 54.673563648000005
1000 10 1988 52.202667264
1000 8 1951 55.336647168
1000 8 1957 49.22484864
1000 10 2056 52.087892736
1000 10 2011 58.117602048
1000 8 2036 54.490419456
1000 4 2081 51.80393856
1000 0 1984 48.256826112000006
1000 6 1946 51.233073408
1000 8 2083 56.500823808
1000 4 2036 55.253434368
1000 0 2061 55.921105152
1000 8 2042 53.475248640000004
1000 6 2150 63.863720448
1000 4 1990 51.797594112000006
1000 4 1987 49.600210176
1000 2 2049 52.891762176
1000 6 2011 53.885973504
1000 4 2074 55.079811072000005
1000 8 1953 54.293091072
1000 2 1933 51.717861888
1000 6 2013 50.565495552
1000 4 2052 57.025191168
1000 4 1943 48.845263104000004
1000 8 1928 52.415692031999995
1000 6 2068 55.039623936000005
1000 6 2023 51.744481535999995
1000 10 1940 56.459006208000005
1000 4 1946 53.070412032
1000 6 2066 56.602368768
1000 2 2035 55.374308352
1000 6 1957 55.198150656
1000 2 2018 52.680258048
1000 0 1944 54.475432704000006
1000 4 2010 53.4249408
1000 6 2047 53.740346880000004
1000 2 2076 59.487707136
1000 8 1989 46.914582528000004
1000 8 1968 54.288275712
1000 6 1906 47.768447232
1000 2 2006 52.333780224
1000 4 2080 55.67451648
1000 14 2036 54.427878912
1000 8 1957 53.52450048000001
1000 4 2010 54.50886988800001
1000 6 2075 54.230609664000006
1000 2 2028 49.756785408
1000 0 2052 53.222408447999996
1000 6 1968 51.030676224
1000 6 2038 52.359487488
1000 0 2029 55.324473600000005
1000 5 1955 50.308549632
1000 0 2026 51.047411712
1000 12 1952 52.870659072
1000 10 1948 47.751052800000004
1000 8 2064 54.015058943999996
1000 10 2018 54.538877184
1000 4 2020 53.110404864
1000 0 2033 57.1515648
1000 4 2028 50.941634304
1000 2 1954 51.543554304
1000 2 2052 53.598859776
1000 2 2053 56.143439616
1000 2 2002 49.847652096
1000 4 2029 54.058025472000004
1000 2 2030 49.995973632
1000 6 2012 51.358788096
1000 4 2043 55.323096576
1000 2 2059 54.575406336
1000 2 2019 51.440919552000004
1000 6 2027 53.296286208000005
1000 4 2003 50.794275840000005
1000 8 1995 48.715273728
1000 6 1966 52.605256704000006
1000 0 2032 54.912878592
1000 10 1937 55.317309696
1000 4 2021 45.492758784
1000 4 2070 58.31509939200001
1000 6 2011 52.076335872
1000 8 2045 53.133332736
1000 4 2060 53.276703744
1000 2 1962 51.874622976000005
1000 0 1921 50.369062656000004
2000 32 4049 107.256348672
2000 22 4044 114.739316736
2000 14 4079 109.668151296
2000 18 4039 113.20241433599999
2000 20 4013 104.28073497599999
2000 18 4094 109.03711104000001
2000 12 4062 98.854348032
2000 18 4053 112.73021337600001
2000 26 4122 111.32743987200001
2000 18 4025 108.958772736
2000 16 4011 103.288872192
2000 30 4046 106.281449472
2000 27 4044 106.99725696
2000 18 4053 101.14147507199999
2000 16 4113 110.553214464
2000 18 3924 110.626323456
2000 24 4087 112.33395148800001
2000 24 3917 98.41206988799999
2000 18 3956 104.547860736
2000 29 4029 105.963466752
2000 28 4009 111.698644992
2000 26 3969 102.977774592
2000 23 3940 101.34061977600001
2000 34 4033 108.982038528
2000 14 4045 105.85360051200001
2000 16 4053 107.50008192
2000 26 4067 112.34576179199999
2000 23 3943 107.22367180799999
2000 18 3892 101.806856448
2000 23 4001 103.91280768
2000 4 4059 108.49516339200001
2000 28 4033 115.443550464
2000 22 4026 106.310164224
2000 14 3920 100.062327552
2000 10 3995 107.99467007999999
2000 25 4003 108.732129792
2000 22 4003 107.571112704
2000 22 3949 99.384544512
2000 28 4173 117.54564096000001
2000 25 4141 105.293202432
2000 24 4037 105.582242304
2000 26 4092 101.439258624
2000 4 4057 101.910074112
2000 26 4074 104.633092608
2000 24 4090 106.87239552
2000 23 4099 110.39690112000001
2000 6 3987 98.86194278400001
2000 12 4022 114.931339776
2000 18 4070 104.407243776
2000 16 4079 103.44337766400001
2000 16 3950 104.592499968
2000 18 4043 114.63168076800001
2000 28 3789 103.76454528000001
2000 22 3979 104.16426240000001
2000 18 4004 107.64292070399999
2000 16 3970 108.650429184
2000 12 3938 101.930340864
2000 30 3966 106.80185472
2000 18 3937 93.615067392
2000 20 4061 106.7596992
2000 34 4013 100.555428864
2000 28 3972 106.120962816
2000 12 3993 111.201074688
2000 22 4020 108.05374694400001
2000 24 4118 111.39104486400001
2000 20 4030 105.391021824
2000 20 4091 111.73003776
2000 28 3974 112.558642944
2000 8 3989 99.22124467200001
2000 24 4065 114.315201792
2000 8 3953 102.614949888
2000 18 3933 106.61718144
2000 12 4030 104.792869632
2000 35 4045 105.075193344
2000 18 3916 103.650049536
2000 20 4071 106.76443008
2000 20 4087 109.54021478400001
2000 20 4127 110.410679808
2000 12 3943 101.87409407999999
2000 20 3969 102.832359168
2000 30 4050 109.767178752
2000 20 3995 109.192866816
2000 23 3814 97.57425638400001
2000 22 4050 101.188048896
2000 18 4038 105.788508672
2000 10 4066 104.27615616
2000 18 3989 101.48507212800001
2000 26 4138 105.96827366400001
2000 24 4016 103.667672064
2000 24 4034 106.701010944
2000 12 4149 108.412753152
2000 12 3934 98.994753792
2000 26 3911 102.218468352
2000 22 3919 105.424822272
2000 26 3961 102.40365696
2000 12 4079 107.670123264
2000 18 3971 103.216320768
2000 13 4076 102.901548288
2000 22 4064 107.22842803200001
2000 16 4089 113.85857049600001
3000 56 6035 165.52369152
3000 46 6057 162.136178688
3000 63 5936 168.018411264
3000 56 6107 164.42780006400002
3000 46 6056 160.168191744
3000 42 5961 155.36266521599998
3000 68 6057 161.620394496
3000 46 6051 162.936263424
3000 44 5985 161.37567283200002
3000 45 5967 159.679221504
3000 50 6179 166.18373376
3000 48 6037 150.394050048
3000 45 5971 158.05603123199998
3000 30 5993 157.31019955200003
3000 48 5907 154.84689792
3000 34 6055 156.316359936
3000 64 6058 162.739027968
3000 42 5903 153.39143424000002
3000 38 6009 160.367251968
3000 52 5990 168.422403072
3000 53 6063 164.016407808
3000 44 6090 155.912520192
3000 54 6027 160.44427238400002
3000 28 5969 163.43023488
3000 62 6087 169.25001984
3000 52 5912 163.421609472
3000 30 6023 157.21148467199998
3000 50 6127 158.85389414399998
3000 54 6009 154.695712512
3000 46 6080 158.93297587200001
3000 44 5976 158.041728768
3000 42 6034 155.775426048
3000 42 5802 158.921444352
3000 36 5918 164.727197184
3000 48 6155 162.4220928
3000 38 6108 163.40103859200002
3000 40 5986 162.32998425600002
3000 26 5966 157.93362815999998
3000 58 6149 171.534409728
3000 46 6124 158.827502592
3000 50 6082 157.159259136
3000 38 5877 148.489583616
3000 48 5990 166.79874816
3000 52 5933 160.913710848
3000 44 5909 149.78862412799998
3000 48 6094 162.05135232
3000 56 6065 153.843638784
3000 44 6029 153.40793318400003
3000 50 6052 161.666985216
3000 52 6013 160.421927424
3000 38 5963 152.97183897600002
3000 58 6186 166.11332812799998
3000 38 5889 150.238395648
3000 32 6054 156.72819993599998
3000 63 5899 153.862545408
3000 38 6180 161.3496192
3000 38 6034 170.60061849599998
3000 38 5877 154.580929536
3000 52 5960 153.48765696
3000 32 6013 159.20544921599998
3000 31 6015 159.25084031999998
3000 44 5995 157.69661952
3000 28 5933 149.158361088
3000 38 6280 166.741960704
3000 46 6018 152.667499776
3000 42 6177 156.99007104
3000 38 5957 154.83431884799998
3000 58 6162 166.102269696
3000 22 6095 154.26377472
3000 41 6017 161.843033088
3000 48 5865 159.48624384000001
3000 50 6003 161.424882432
3000 30 5899 148.556660736
3000 30 5983 158.35376409600002
3000 44 5926 151.95624576
3000 50 6005 159.20373427200002
3000 30 6063 161.75919513600002
3000 47 6073 156.783652608
3000 43 6013 160.39926988800002
3000 49 6047 158.32065638400002
3000 32 5972 154.396847616
3000 40 6103 163.667817984
3000 44 6065 162.076992
3000 38 5944 149.236099584
3000 48 5838 158.65263744
3000 56 6119 157.995628032
3000 48 5972 160.73595648
3000 40 5988 158.648692224
3000 40 5980 162.147177984
3000 44 5988 157.796398848
3000 64 5960 161.374422528
3000 60 6033 159.862365696
3000 44 5966 152.521256448
3000 71 6082 164.710199808
3000 56 6070 158.378153472
3000 40 6000 165.1070784
3000 46 6053 156.128594688
3000 52 5979 157.75326336
3000 42 6002 155.993299968
3000 53 6024 153.205628928
4000 88 8029 201.61747584
4000 77 7787 212.346326016
4000 75 8098 209.166127104
4000 62 8131 202.40762572800003
4000 52 8019 215.32860518400003
4000 79 8084 221.26857139199998
4000 106 8025 212.117723136
4000 78 7828 207.727221504
4000 103 8004 219.54512025600002
4000 78 8031 215.98731264000003
4000 79 8201 209.094327552
4000 96 8035 204.304987392
4000 72 8118 211.01988864
4000 59 8070 204.993220608
4000 72 7883 209.24462592
4000 92 7989 209.717266176
4000 74 7891 200.54947968000002
4000 74 8099 215.361476352
4000 74 7851 203.03184
4000 117 7894 210.761303808
4000 66 8145 209.25968025600002
4000 79 7874 196.53479577599998
4000 86 8097 214.615289856
4000 64 8035 206.94804556800003
4000 84 7851 216.540774912
4000 82 8010 214.35831859200002
4000 65 7854 212.788502784
4000 94 8004 202.991492352
4000 64 8002 217.24766975999998
4000 82 8018 203.362638336
4000 92 7988 211.004099328
4000 61 8070 207.817285632
4000 62 8145 214.46481408000002
4000 74 8142 217.591934208
4000 68 8045 202.944200448
4000 78 8029 206.900745216
4000 85 8041 214.99549209600002
4000 82 8075 203.88736896
4000 76 8022 214.001534208
4000 81 8104 217.14613324799998
4000 84 7975 204.226201344
4000 89 8052 216.496118784
4000 70 8066 207.751213824
4000 74 7986 208.356665088
4000 65 7887 206.12406144
4000 66 8079 209.115151872
4000 78 8060 222.461766912
4000 72 7929 222.0140736
4000 75 8017 205.91708544
4000 55 8065 211.89337804800002
4000 92 8069 208.184156928
4000 94 8191 211.196848896
4000 61 8030 207.810442752
4000 55 7876 201.296012544
4000 96 8092 211.91461632
4000 74 7965 206.814077184
4000 71 8028 213.48309734400002
4000 103 7888 214.13344128
4000 72 8231 207.370403328
4000 78 8053 214.358952192
4000 111 7966 209.94512563199999
4000 75 7943 212.201155584
4000 99 8014 212.547853056
4000 104 8013 217.01720831999998
4000 71 8036 209.64869376
4000 90 7967 218.447192832
4000 84 7977 205.945267968
4000 72 8074 210.1668096
4000 54 8155 204.895037952
4000 90 7994 212.48843827200002
4000 83 8196 220.338260736
4000 68 7967 210.403657728
4000 76 8001 206.97687859200002
4000 82 8007 207.61238784
4000 73 8072 208.098511104
4000 94 7859 217.46272204800002
4000 90 8079 213.125104896
4000 77 8070 218.22707174400003
4000 65 8019 205.359458304
4000 93 8151 225.07408281600001
4000 80 8092 213.335848704
4000 80 8023 212.442726144
4000 89 7973 214.66385740799998
4000 70 8141 213.93014016
4000 70 7792 214.527599616
4000 88 8036 210.780244224
4000 69 8030 210.808587264
4000 92 8092 217.790318592
4000 87 8039 213.29862681600002
4000 64 7944 201.198894336
4000 70 8231 214.47212159999998
4000 75 8116 209.56721280000002
4000 62 8076 207.322368
4000 100 8106 211.17221452799998
4000 72 8002 210.73058688
4000 92 7952 210.184905216
4000 60 8016 200.86446336
4000 92 8205 224.939844096
4000 96 8214 218.624972544
4000 85 7920 217.414247424
5000 123 10028 261.896431104
5000 125 10093 265.55206656
5000 104 10084 259.906513152
5000 134 10031 259.948533504
5000 129 10048 266.319508224
5000 109 10147 261.759024384
5000 122 9935 259.72249881600004
5000 164 10240 276.23646336
5000 98 10154 269.35185024000003
5000 144 10276 279.560126208
5000 141 10205 274.721677824
5000 132 10008 272.55104025599996
5000 159 10208 263.33712768
5000 128 9875 254.19663667199998
5000 133 10010 272.636914176
5000 148 9981 265.14394368
5000 108 10079 268.975567872
5000 100 9978 265.76212608000003
5000 130 10086 258.835163136
5000 133 10145 271.29646156800004
5000 131 9886 267.571214592
5000 143 10017 270.447606528
5000 161 9909 274.909358592
5000 123 10014 272.955023616
5000 112 10030 263.706736128
5000 104 10079 259.338756864
5000 131 10008 265.399825152
5000 152 10167 272.01174528
5000 142 9960 262.448938752
5000 142 10044 257.530893312
5000 111 10076 259.400064
5000 118 9877 267.801819648
5000 126 10128 262.376851968
5000 123 10030 261.74979916800004
5000 157 9972 270.2147712
5000 118 10208 262.959552768
5000 157 10036 265.72753152
5000 139 10077 257.59181184
5000 106 9870 266.105140224
5000 142 10190 273.852615168
5000 121 10127 263.655836928
5000 123 9844 264.194574336
5000 144 9937 270.982601472
5000 144 10020 268.479188736
5000 108 10109 261.672018432
5000 141 10144 262.349488896
5000 154 10148 272.137122048
5000 117 9977 265.687597824
5000 130 9975 259.779784704
5000 119 10071 264.261617664
5000 140 10032 275.835005952
5000 97 10141 261.603108096
5000 163 9977 263.38953062400003
5000 153 9977 261.959613696
5000 129 10006 263.420771328
5000 111 9921 271.78772966400004
5000 130 10038 257.41317888
5000 137 10032 266.298345984
5000 140 10138 261.728104704
5000 141 10053 267.423940608
5000 131 9854 254.05026662400002
5000 148 10202 270.643118592
5000 114 10023 260.022250752
5000 138 10125 260.632728576
5000 125 10238 269.411864832
5000 128 9865 268.890994944
5000 140 10079 261.77857305599997
5000 137 10055 263.3332416
5000 135 10001 269.723638272
5000 102 10037 256.002185472
5000 142 9897 266.632700928
5000 112 10049 269.306281728
5000 95 10014 258.852304128
5000 114 9906 263.704725504
5000 130 10044 256.490893824
5000 106 10075 262.270660608
5000 111 10089 268.52883763200003
5000 139 9854 262.304841216
5000 108 9919 258.392547072
5000 141 10012 273.964720128
5000 129 10190 276.581842944
5000 126 10030 266.435279616
5000 131 9930 265.68001152
5000 129 10084 267.625814016
5000 128 10091 271.023050496
5000 151 10097 277.18808832
5000 115 9887 255.83488128
5000 153 10229 273.55595519999997
5000 104 9842 254.131080192
5000 140 10114 266.994917376
5000 127 10023 258.62407296000003
5000 117 10082 264.82934016
5000 129 10033 268.48598937599996
5000 143 10126 274.151226624
5000 140 9899 256.876460544
5000 116 9995 271.638233856
5000 160 10017 263.124060672
5000 129 10137 265.95623577599997
500 0 990 24.7327872
500 0 1038 27.231249408
500 0 1019 29.457635328000002
500 0 1016 26.832368640000002
5000 135 9997 268.68796416000004
500 0 1034 29.229074688
500 0 986 25.642569216000002
5000 121 9897 265.513729536
500 0 1016 23.891814144
500 0 1024 27.070331904
500 0 974 28.865523456000002
500 0 956 27.667292928
500 0 1032 21.900857088
500 0 1039 27.164400384
500 0 984 25.660749312
500 0 1067 26.247353088
500 0 1020 26.395590144
500 0 1002 27.697156608
500 0 977 23.622762240000004
500 0 988 24.653882879999998
500 0 1001 30.08244096
500 0 969 25.47447936
500 0 1038 27.057795072
500 0 1061 29.122021632
500 0 945 25.79077248
500 0 945 25.226294016
500 0 964 27.71222784
500 0 981 24.980136192000003
500 0 1010 28.975575552000002
500 0 1034 26.768788991999998
500 0 1027 26.215436544
500 0 1025 24.464816640000002
500 0 989 26.026353408
500 0 967 26.052516864
500 0 1001 26.629506816
500 0 1000 26.323908864
500 0 1048 27.828539904
500 0 1013 26.287160064
500 0 977 28.733025024
500 0 1001 27.369357311999998
500 0 1025 26.252649984
500 0 1000 26.71147776
500 0 973 25.69387392
500 0 1022 28.00233216
500 0 967 25.171162368
500 0 994 27.814490879999997
500 0 989 25.00540416
500 0 1011 25.3287936
500 0 991 24.974628096
500 0 1015 27.616816128000004
500 0 1023 29.987569920000002
500 0 997 25.68800256
500 0 1020 26.652079872
500 0 1040 29.569537536000002
500 0 994 25.026321408
500 0 941 26.46086784
500 0 1012 27.212680704
500 0 959 26.350114559999998
500 0 1019 26.074211328
500 0 1080 28.249529088
500 0 1047 28.968149760000003
500 0 1057 28.894702848
500 0 979 22.121510400000002
500 0 995 30.085456896
500 0 991 25.338145536000003
500 0 992 26.821251072
500 0 1035 23.809741824
500 0 989 25.950144
500 0 1061 29.480613888
500 0 1011 23.483277312
500 0 945 26.065999872000003
500 0 1031 28.230098688
500 0 981 25.903181568
500 0 958 24.711295488
500 0 1047 28.006530815999998
500 0 1013 24.765590784
500 0 1014 26.214177792
500 0 998 23.822574336
500 0 1053 26.826953472
500 0 1016 26.67439104
500 0 943 23.798531328000003
500 0 969 29.319113471999998
500 0 984 27.057220607999998
500 0 973 25.320810240000004
500 0 1019 25.148082432
500 0 1036 26.293453824
500 0 949 21.852238848000002
500 0 1025 24.176097792
500 0 989 26.983064064
500 0 1075 28.165564416000002
500 0 1003 22.048612608
500 0 988 24.174737664000002
500 0 977 28.05078144
500 0 979 23.855707392
500 0 1051 30.096261888
500 0 1007 26.75076096
500 0 995 29.109028608
500 0 987 26.6980032
500 0 946 26.937225216
500 0 1030 24.721230335999998
500 0 1060 27.249032447999998
500 0 985 26.312698368
1000 0 2041 51.008914176
1000 0 2083 56.470926336000005
1000 0 2030 53.331911424000005
1000 0 2010 54.758229504
1000 0 2022 51.786189312
1000 0 1987 56.021247744
1000 0 2003 56.9143872
1000 0 2010 54.223521792
1000 0 2018 47.899475712
1000 0 2026 50.791589376000005
1000 0 1987 51.887261184
1000 0 2038 55.365758976
1000 0 2002 52.728876288
1000 0 1901 51.6787392
1000 0 1956 50.80442188800001
1000 0 1984 50.45118566400001
1000 0 1997 53.329267200000004
1000 0 1976 46.19838643200001
1000 0 1942 56.37143424
1000 0 2053 57.586755072
1000 0 1983 52.280050943999996
1000 0 1967 54.34315392
1000 0 2032 52.161517056
1000 0 1979 52.71623808
1000 0 2009 53.639714303999995
1000 0 2039 53.149561344000006
1000 0 1998 51.272457984
1000 0 2016 49.781284608
1000 0 1975 53.846639616000004
1000 0 1982 46.413649920000005
1000 0 2062 53.28820992
1000 0 2019 53.6724672
1000 0 2068 54.685010688
1000 0 1981 51.653826048
1000 0 2038 53.850779136
1000 0 1986 53.147592960000004
1000 0 1957 45.893709312
1000 0 1986 55.515195648
1000 0 2008 50.375863296000006
1000 0 1944 49.222601472
1000 0 2028 47.703777792000004
1000 0 2048 54.468150528
1000 0 2031 57.633801983999994
1000 0 2154 55.158309888000005
1000 0 1955 52.395475968
1000 0 2001 48.758519039999996
1000 0 2012 51.381792
1000 0 2009 54.919898880000005
1000 0 2098 55.330902528
1000 0 1952 48.983480832000005
1000 0 2050 53.154511872
1000 0 1930 53.596545024
1000 0 1986 52.982299392
1000 0 2033 54.57889536
1000 0 2028 56.7456384
1000 0 1975 54.89311872
1000 0 1945 56.456218368
1000 0 1972 52.275919872
1000 0 2106 58.005623807999996
1000 0 2015 54.468066048
1000 0 2037 54.66143232
1000 0 2032 51.084540671999996
1000 0 2023 54.098829312
1000 0 1934 50.2049856
1000 0 2036 52.189302528000006
1000 0 2050 50.212529664
1000 0 2003 51.47531136
1000 0 1931 50.925507072
1000 0 2026 51.967610112
1000 0 2083 55.868769792
1000 0 2020 50.635943424000004
1000 0 2020 56.471306496
1000 0 1981 56.388389376
1000 0 1974 53.280125184
1000 0 2047 52.76465356800001
1000 0 2003 48.832118016
1000 0 2020 54.188825856
1000 0 2058 51.55934361600001
1000 0 2004 53.05994496
1000 0 1958 47.098816512
1000 0 1979 52.074587136
1000 0 1918 54.104143104
1000 0 2030 55.14596736
1000 0 2014 51.84609408
1000 0 2035 50.647483392
1000 0 1971 51.576915456
1000 0 1998 47.948220672
1000 0 1989 52.02126336
1000 0 2030 55.570006272
1000 0 2046 51.873195263999996
1000 0 1944 50.262651648
1000 0 1967 51.661648895999996
1000 0 2074 53.455531008
1000 0 1993 53.380656384000005
1000 0 2071 56.378716416
1000 0 2010 56.053291008
1000 0 2033 54.336572928
1000 0 1996 50.224010496
1000 0 1996 50.175214847999996
1000 0 2023 53.713566719999996
2000 0 4022 105.817628928
2000 0 4168 105.464713728
2000 0 3985 99.39936230400001
2000 0 3948 106.308221184
2000 0 4090 110.260862976
2000 0 4017 108.886322688
2000 0 3997 107.08479513600001
2000 0 3907 110.828416512
2000 0 3947 104.938445568
2000 0 3930 102.83839104
2000 0 4000 103.699064832
2000 0 3862 99.81562905599999
2000 0 4113 104.460677376
2000 0 4047 107.290630656
2000 0 4006 99.708145152
2000 0 4106 110.665691136
2000 0 3987 98.161054464
2000 0 4002 100.647588096
2000 0 3927 103.307990016
2000 0 4001 109.413072384
2000 0 4060 111.18442368000001
2000 0 4084 105.385868544
2000 0 3948 100.00127385600001
2000 0 4017 110.564940288
2000 0 4068 111.423620352
2000 0 4094 106.66753996800001
2000 0 3918 104.32706380799999
2000 0 4011 104.089472256
2000 0 4023 110.271845376
2000 0 4005 108.678231552
2000 0 4084 104.98185984
2000 0 3852 103.36858751999999
2000 0 3979 107.681485824
2000 0 3974 104.933740032
2000 0 3978 100.515123456
2000 0 3982 101.59452441600001
2000 0 4005 102.5295744
2000 0 4002 103.98858624
2000 0 3936 94.632671232
2000 0 4097 118.801115136
2000 0 4098 99.918348288
2000 0 3896 98.243380224
2000 0 4043 105.378358272
2000 0 3992 111.731279616
2000 0 4057 113.064855552
2000 0 4112 106.835089152
2000 0 3995 99.913279488
2000 0 3915 99.57598464
2000 0 4101 108.927768576
2000 0 4037 105.5393856
2000 0 3974 107.217302016
2000 0 4091 110.39641113600001
2000 0 4053 105.44999731200001
2000 0 4053 104.025030912
2000 0 3999 100.45774464
2000 0 3928 104.481037056
2000 0 4020 106.863094272
2000 0 4065 102.519242496
2000 0 4035 106.71100492800001
2000 0 4025 101.47446144
2000 0 4046 108.542489088
2000 0 4040 107.656817664
2000 0 3990 100.306381824
2000 0 3933 105.650358528
2000 0 3904 106.73008896
2000 0 4156 108.585075456
2000 0 4084 102.91539456
2000 0 3995 103.57291929600001
2000 0 4019 108.35159808
2000 0 3957 108.38390323200001
2000 0 4060 107.596625664
2000 0 4013 101.48700672
2000 0 3974 103.714043136
2000 0 4029 104.663674368
2000 0 4075 102.570825984
2000 0 4125 108.672605184
2000 0 4067 105.305240832
2000 0 3987 105.41362022400001
2000 0 3997 108.815190528
2000 0 3926 100.667347968
2000 0 4017 107.378532096
2000 0 3932 107.228470272
2000 0 3981 109.08399744
2000 0 4063 106.05061632
2000 0 4012 102.59670220800001
2000 0 4096 106.327930368
2000 0 4013 100.68841728
2000 0 4038 101.477773056
2000 0 3975 112.053444096
2000 0 4022 103.81769164800001
2000 0 3906 109.73874278400001
2000 0 4060 106.479622656
2000 0 3966 109.533591552
2000 0 4001 105.895282944
2000 0 3975 100.614902784
2000 0 4002 106.52603596800002
2000 0 3859 101.321316096
2000 0 3990 101.263067136
2000 0 4028 105.793560576
2000 0 4023 103.270953984
3000 0 6065 155.266265088
3000 0 5980 158.121021696
3000 0 6000 156.299751168
3000 0 5877 150.14147174400003
3000 0 6032 160.922386944
3000 0 5886 161.22615168000002
3000 0 6115 162.2926272
3000 0 5910 152.43630336
3000 0 5962 149.97900825600001
3000 0 5953 160.496954112
3000 0 6118 155.702697216
3000 0 5958 155.245077504
3000 0 6003 159.605732352
3000 0 5898 162.456357888
3000 0 6027 157.73231232
3000 0 6042 168.53677209600002
3000 0 5922 148.839246336
3000 0 5944 151.518022656
3000 0 6132 159.46831718400003
3000 0 6108 165.473839872
3000 0 5880 165.51370598399998
3000 0 5965 167.46403660800001
3000 0 6032 155.99374771200002
3000 0 6046 160.86119808
3000 0 5913 152.885635584
3000 0 5931 154.52456447999998
3000 0 6041 159.98127129600002
3000 0 5976 163.123640064
3000 0 5924 151.92592588800002
3000 0 6163 175.839747072
3000 0 6023 152.822934528
3000 0 6140 166.075117824
3000 0 5908 160.42894771200002
3000 0 6099 162.587225856
3000 0 6102 160.217266176
3000 0 6056 162.41233536000001
3000 0 6059 160.10358144
3000 0 6032 161.690656512
3000 0 5933 157.144263936
3000 0 6094 163.591152384
3000 0 5862 154.635638784
3000 0 6059 166.257518592
3000 0 6027 156.30950860800002
3000 0 5936 154.4374656
3000 0 6116 166.289316864
3000 0 5999 166.017984
3000 0 5914 156.33320524799998
3000 0 5968 157.607814144
3000 0 6085 153.856023552
3000 0 6009 153.08962099200002
3000 0 5998 164.543208192
3000 0 6014 157.75628774400002
3000 0 6155 160.434709248
3000 0 6125 154.664564736
3000 0 6033 153.858642432
3000 0 6058 172.37456332800002
3000 0 6071 163.81733913600002
3000 0 5852 155.44535424
3000 0 5965 159.070551552
3000 0 5952 154.00063641600002
3000 0 5930 156.152848896
3000 0 6030 158.413550592
3000 0 6178 171.441819648
3000 0 6017 160.103598336
3000 0 6039 157.659397632
3000 0 6040 159.549527808
3000 0 5951 160.931088384
3000 0 6046 161.525025024
3000 0 6047 152.78555212799998
3000 0 6036 158.280367872
3000 0 6023 158.02506086399998
3000 0 6010 159.638654208
3000 0 5996 158.566755072
3000 0 5993 163.97407488
3000 0 6056 167.474562816
3000 0 6021 164.443048704
3000 0 6094 168.46368
3000 0 5912 158.909186304
3000 0 6012 155.92287744
3000 0 6036 156.650013696
3000 0 6071 153.39895296
3000 0 6005 165.924109824
3000 0 5996 159.780597504
3000 0 6089 165.27975552
3000 0 5873 156.463177728
3000 0 6028 156.33049344
3000 0 6113 161.13803904
3000 0 6084 165.677842176
3000 0 5992 153.45423667199998
3000 0 6123 161.120610816
3000 0 6042 161.58206592000002
3000 0 5989 162.291478272
3000 0 5878 155.782818048
3000 0 5849 153.90914457600002
3000 0 5958 156.13686528
3000 0 6106 157.113479424
3000 0 6080 168.918908928
3000 0 5941 159.205550592
3000 0 6032 161.62493952
3000 0 6160 159.68964633599998
4000 0 7991 207.2585856
4000 0 8115 214.07687347200002
4000 0 8064 219.577104384
4000 0 8040 205.69227571200003
4000 0 8169 215.506182144
4000 0 7816 209.615594496
4000 0 7886 210.75323596799998
4000 0 7892 201.054256128
4000 0 8039 211.05562368
4000 0 7900 209.51629670399998
4000 0 8049 210.60951014399998
4000 0 8088 215.42429568
4000 0 7969 205.500776448
4000 0 7970 206.30910643200002
4000 0 8119 208.15146316800002
4000 0 8071 221.291904768
4000 0 7981 212.246124288
4000 0 8075 225.215857152
4000 0 7881 201.31533312
4000 0 8021 197.537083392
4000 0 7994 210.518237952
4000 0 8086 211.268572416
4000 0 8171 219.65546803200002
4000 0 7800 214.29424896
4000 0 7998 217.811852544
4000 0 7926 201.52665984
4000 0 7923 217.51323264
4000 0 8067 215.685279744
4000 0 8021 208.574733312
4000 0 8129 217.81913472
4000 0 7919 210.897578496
4000 0 7882 207.097110528
4000 0 7930 217.495694592
4000 0 7981 209.76616320000002
4000 0 8203 211.77686323199998
4000 0 8046 214.171575552
4000 0 8075 215.91148339199998
4000 0 7987 209.315200512
4000 0 7926 203.26776729600002
4000 0 7962 205.155143424
4000 0 7963 211.677970944
4000 0 8018 204.90464332800002
4000 0 8063 212.54087500800003
4000 0 8155 213.05115955200003
4000 0 8066 211.91170176
4000 0 7987 206.99488128
4000 0 7949 208.66272768000002
4000 0 7869 207.408689664
4000 0 8200 219.943164672
4000 0 8216 221.731268352
4000 0 8136 222.874848768
4000 0 7983 203.73792384
4000 0 7985 217.372852224
4000 0 7975 213.47222476800002
4000 0 7747 207.36110208000002
4000 0 7969 219.25139174400002
4000 0 7960 211.94105011200003
4000 0 8026 217.552912896
4000 0 8025 208.329133056
4000 0 8053 210.338709504
4000 0 7931 214.798053888
4000 0 8143 219.18361344
4000 0 7986 206.37124992000003
4000 0 8001 214.62950784
4000 0 8071 214.38845260800002
4000 0 8024 218.736655104
4000 0 8206 219.73362047999998
4000 0 8120 211.98165120000002
4000 0 8075 202.3923264
4000 0 8017 215.061428736
4000 0 7968 209.21707699200002
4000 0 8104 214.727749632
4000 0 8117 220.90836556800002
4000 0 8002 212.760920064
4000 0 7907 210.231293184
4000 0 8167 221.26680575999998
4000 0 8142 215.605834752
4000 0 7956 217.057936128
4000 0 8101 223.72846847999998
4000 0 8062 217.630634496
4000 0 8161 222.231939072
4000 0 7863 209.086538496
4000 0 7960 206.484630528
4000 0 7963 216.203395584
4000 0 8020 205.036736256
4000 0 7932 204.417582336
4000 0 8158 214.733266176
4000 0 7951 211.385720832
4000 0 8100 216.98045952
4000 0 8118 211.722559488
4000 0 8196 207.862795008
4000 0 8039 207.226846464
4000 0 8053 218.805768192
4000 0 7967 213.028915968
4000 0 8158 217.239500544
4000 0 8067 214.406294784
4000 0 7914 206.49877247999999
4000 0 8096 214.122256128
4000 0 8069 216.883408896
4000 0 8062 221.358559488
5000 0 9829 258.104461824
5000 0 10032 266.65030656
5000 0 9993 267.154052352
5000 0 9965 256.661974272
5000 0 10233 268.94795136
5000 0 10036 264.22999680000004
5000 0 10007 262.61778048
5000 0 9884 262.65089664000004
5000 0 10051 262.436722944
5000 0 10126 276.69742848000004
5000 0 9981 253.45045862400002
5000 0 10087 268.942865664
5000 0 10013 267.16675814399997
5000 0 10238 275.59268352
5000 0 10007 258.647119104
5000 0 10048 263.043576576
5000 0 10097 266.178350592
5000 0 10004 279.35222937599997
5000 0 10067 261.345418752
5000 0 10020 269.77858406400003
5000 0 10112 267.930905088
5000 0 10125 261.313316352
5000 0 10082 266.378112
5000 0 10014 259.898994432
5000 0 10023 253.910418432
5000 0 9984 256.401421056
5000 0 10008 262.418331648
5000 0 9965 266.586701568
5000 0 9808 257.046729984
5000 0 9983 265.09126195199997
5000 0 10054 264.742934016
5000 0 10141 260.719700736
5000 0 9997 259.183364352
5000 0 10025 258.67518336
5000 0 9887 257.992610304
5000 0 10008 261.96468249599997
5000 0 10044 255.42342144
5000 0 10010 258.56189568
5000 0 10135 267.450070272
5000 0 10148 272.620457472
5000 0 10092 265.80323404800004
5000 0 9985 271.09805184000004
5000 0 9902 259.119404544
5000 0 10132 268.708737792
5000 0 9901 262.047616512
5000 0 9885 250.53432729600001
5000 0 9869 275.132537856
5000 0 9994 269.27349504
5000 0 10081 258.706804224
5000 0 10145 257.686539264
5000 0 10167 259.611280896
5000 0 9935 259.541711616
5000 0 10111 271.52842675200003
5000 0 10021 260.145659136
5000 0 10201 272.364576
5000 0 10214 274.502976
5000 0 9992 262.619056128
5000 0 10060 269.632002816
5000 0 9998 271.44758784000004
5000 0 10054 275.79361919999997
5000 0 10081 257.53026816
5000 0 9858 264.303899904
5000 0 10134 270.901061376
5000 0 10098 263.376056064
5000 0 10045 267.56466739200005
5000 0 9946 255.232471296
5000 0 9854 261.77006592000004
5000 0 9953 267.685600512
5000 0 10049 264.148904448
5000 0 9890 253.176794112
5000 0 9931 271.88364825599996
5000 0 9969 264.960867072
5000 0 9805 260.510139648
5000 0 9969 268.835584512
5000 0 10215 265.7373312
5000 0 9976 258.649721088
5000 0 10040 266.624252928
5000 0 10094 260.267690496
5000 0 9936 262.891470336
5000 0 10077 269.59722239999996
5000 0 10152 265.640272128
5000 0 9963 271.562936832
5000 0 9990 256.696678656
5000 0 10089 263.77214899200004
5000 0 9993 270.666595584
5000 0 10174 268.331002368
5000 0 10189 262.501586688
5000 0 9975 264.54886656
5000 0 10103 278.81572224
5000 0 10089 266.279109888
5000 0 10055 264.004452096
5000 0 10027 256.292365824
5000 0 9991 273.82148428799997
5000 0 10055 272.959771392
5000 0 10027 275.33359180800005
5000 0 10112 272.550820608
5000 0 10128 255.233434368
5000 0 9890 262.83230899200004
500 0 1000 28.567410432
500 2 979 25.105572096
500 2 987 27.018021888
500 0 1014 25.472308224
5000 0 9936 256.847424768
5000 0 10174 270.22994380800003
500 0 1019 24.819902975999998
500 0 1004 26.78341248
500 2 1026 26.632058112
500 0 992 27.840037631999998
500 2 1011 27.281388288
500 0 1037 28.739741184
500 0 988 27.285325056
500 2 985 27.484283903999998
500 0 1018 27.49815552
500 0 956 24.07772928
500 0 1014 28.76134272
500 0 1004 27.14409984
500 0 988 23.577540096
500 2 944 22.654874879999998
500 2 1025 27.210703872
500 0 1019 27.641594112
500 0 1041 28.527130368
500 0 972 26.86092288
500 0 998 24.460550400000002
500 2 958 25.38949248
500 0 1007 30.065764608
500 0 1023 23.985713664000002
500 4 1019 25.998796032
500 0 968 27.790988544
500 0 982 22.849846272
500 0 953 29.75550336
500 0 927 26.910580224
500 0 992 24.746464512000003
500 0 960 24.621788928
500 0 1010 27.07296768
500 2 981 25.65454848
500 0 967 24.53539968
500 0 995 26.7951552
500 2 973 26.85391104
500 0 1022 27.510607872
500 0 1030 28.028715264000002
500 0 1011 24.269017344
500 0 1030 27.326390784
500 0 1044 28.103640576
500 0 1019 26.368336896000002
500 0 1018 27.058445568
500 2 1059 25.411524864
500 0 958 26.714721792
500 0 1019 26.281787136
500 0 1004 26.873611776
500 0 986 25.377766656
500 0 1013 24.58427136
500 0 966 23.402725632
500 4 1048 27.036877824
500 0 1020 25.093947648
500 0 1020 25.531190784000003
500 2 1054 27.367701504
500 0 1027 28.156432128
500 0 972 24.934162175999997
500 2 992 25.733782272
500 2 1038 27.365031936
500 0 936 22.437220608
500 0 1073 28.692423936
500 0 944 25.020078335999997
500 0 1025 30.872252927999998
500 2 1039 27.612059904
500 0 1015 26.41655808
500 0 963 25.537307136
500 0 961 29.578154496
500 0 1008 26.63603712
500 2 978 24.450607104000003
500 0 1015 25.443280896
500 0 1028 30.034777344000002
500 0 955 22.54804992
500 2 993 24.827970816
500 0 990 24.695396352000003
500 0 1023 26.625088512
500 0 1010 27.263765760000002
500 0 970 26.490241536000003
500 0 1042 29.139973632
500 0 991 24.631825151999998
500 0 982 23.395477248
500 2 1056 27.710707199999998
500 2 988 26.3045376
500 0 1012 25.53420672
500 2 1014 31.735706112
500 0 961 24.079258368
500 0 980 24.534495743999997
500 2 1027 23.47433088
500 0 1021 24.933503232
500 0 1049 27.607160064
500 0 992 22.618024704
500 0 1031 26.362972416
500 0 1023 27.933421824
500 0 990 31.793971968
500 0 972 28.219961087999998
500 2 995 30.262780416000002
500 0 927 23.204907264000003
500 0 1034 28.779598848000003
500 2 991 24.956228352
500 0 989 29.324173824000002
1000 2 1969 53.6105856
1000 0 2019 52.0289088
1000 0 2005 53.506641408
1000 0 1972 48.816396288
1000 4 2071 52.593116928
1000 0 1938 53.092275456
1000 0 2054 64.122271488
1000 2 2039 54.860864256000006
1000 10 2053 49.960660992
1000 2 2045 50.492217600000004
1000 6 2058 53.727615744000005
1000 0 2030 52.749497856
1000 4 2081 51.457486079999995
1000 0 1978 53.990272512000004
1000 0 1972 53.959344384000005
1000 2 2059 58.45082496
1000 4 2082 53.29412352000001
1000 2 2037 59.915167488
1000 2 1934 51.528559104
1000 2 2001 53.143749119999995
1000 6 1962 56.206242048
1000 2 1920 47.694121728
1000 2 2066 54.918640128
1000 2 2060 55.155750144
1000 0 2057 49.781090303999996
1000 0 2015 53.768047872000004
1000 0 1967 51.333376512
1000 4 1991 55.129654272
1000 4 1927 49.750973184
1000 2 1981 49.564111872
1000 0 1979 54.158750976
1000 2 1956 50.823184896
1000 4 2035 53.118776832
1000 4 1919 46.82912256
1000 8 2028 54.868754688
1000 0 1914 46.302778368
1000 4 1996 53.292070656
1000 2 2027 51.121010688
1000 2 1955 54.037437696000005
1000 2 2024 55.288831488
1000 4 2010 55.704168960000004
1000 4 1993 58.67043072
1000 2 2077 56.747311104000005
1000 6 2007 56.942696448
1000 6 1999 51.698363904
1000 0 1991 51.099823104
1000 6 2025 52.500374784
1000 0 1951 50.301098496
1000 6 2023 52.464741120000006
1000 6 2061 52.815932928
1000 2 2028 54.846806784
1000 4 2101 55.031801088
1000 4 2097 59.859005184
1000 4 2026 52.769198592
1000 0 2033 55.123909632
1000 2 2009 55.103887872
1000 4 2096 56.186566656000004
1000 4 1994 55.371368448
1000 6 2062 55.332558336000005
1000 2 1999 50.204233728
1000 2 2039 54.201633024
1000 2 2015 48.664264704000004
1000 6 1986 52.8637824
1000 0 2022 50.855701248
1000 0 1995 49.194571008000004
1000 0 2008 54.914644224
1000 8 1977 51.739125504
1000 0 1991 53.513281536
1000 0 1981 54.373837056
1000 4 2113 57.68028288
1000 0 2058 54.119805696
1000 4 1951 53.831956992
1000 0 1984 52.140413952
1000 4 2018 54.20099097600001
1000 2 1968 54.913216512000005
1000 4 1982 50.212529664
1000 2 1919 54.371361792
1000 6 2036 47.47742208
1000 0 1974 50.01482112
1000 2 2003 51.597266688
1000 6 1873 47.050054656
1000 0 1951 48.305832960000004
1000 2 1987 53.49049728
1000 2 2007 49.789690368
1000 4 2033 54.018564864
1000 2 2003 54.391865088
1000 0 2012 54.104616192
1000 0 1958 56.711415552
1000 4 1986 50.594328575999995
1000 2 2021 52.421056512
1000 2 1942 51.461405952
1000 2 2022 48.213099264
1000 4 2026 52.394529792
1000 0 2034 49.446431232
1000 2 2023 50.345382912
1000 0 1969 51.40067328
1000 0 2058 56.679507456
1000 4 2036 52.169111808
1000 4 2037 54.452327424
1000 4 1986 53.169278976
2000 6 4102 111.970603008
2000 10 3988 105.268889088
2000 12 3993 111.121469184
2000 8 3972 104.4350208
2000 2 4043 112.483067136
2000 10 4174 105.958271232
2000 12 4023 103.732138752
2000 6 4032 110.79142272
2000 6 3941 97.98006451200001
2000 14 4104 108.466820352
2000 8 4043 104.629079808
2000 6 4038 107.135322624
2000 12 3969 106.52395776
2000 0 4029 107.07331430400001
2000 6 4019 109.349484288
2000 4 4139 108.25322112
2000 13 4013 103.409577216
2000 2 3979 103.690904064
2000 8 4135 109.21080192000001
2000 4 3996 110.78377728
2000 4 4092 105.483899136
2000 12 4038 104.25966566400001
2000 12 3997 101.994359808
2000 6 3887 99.825175296
2000 18 4066 106.783421184
2000 12 4038 108.652651008
2000 10 3953 107.86355712000001
2000 12 3976 105.766771968
2000 8 4011 110.45445734399999
2000 6 4024 99.994405632
2000 14 4002 111.311642112
2000 6 4105 111.870680064
2000 8 4034 104.978953728
2000 6 4050 110.555715072
2000 6 4003 113.24361523200001
2000 10 3949 103.841616384
2000 10 3887 100.49228851199999
2000 10 4072 109.955552256
2000 6 3911 101.775066624
2000 12 4080 111.678141696
2000 10 4010 106.21539456000001
2000 6 3992 106.690628352
2000 8 4069 111.001490688
2000 6 3982 99.308090112
2000 6 4027 108.178887168
2000 4 4073 111.43741593600001
2000 8 3922 96.790780416
2000 14 3906 105.011605248
2000 18 3940 99.70502784
2000 12 4018 106.49916288
2000 8 4032 102.13558502400001
2000 4 4016 107.748638976
2000 6 4020 104.944164864
2000 18 4023 107.46769228800001
2000 8 3958 108.29205657600001
2000 6 3975 107.605360896
2000 14 4108 109.13955148800001
2000 10 4013 109.976959488
2000 12 3994 101.079458304
2000 12 4017 106.12157952
2000 8 4036 103.004639232
2000 12 4027 96.68512128
2000 6 3994 104.171933184
2000 20 4087 113.599715328
2000 10 3976 101.629431552
2000 12 3860 96.879991296
2000 10 4052 109.500306432
2000 12 3951 104.728614144
2000 8 4040 109.988921856
2000 8 3954 98.012868096
2000 12 3910 101.788541184
2000 4 4087 105.446432256
2000 6 4021 116.926723584
2000 18 4042 114.016260864
2000 10 4027 98.4257472
2000 8 4019 110.46717158400001
2000 10 4003 104.542276608
2000 8 3974 105.28058112000001
2000 8 4063 107.512686336
2000 0 3940 103.98459878400001
2000 8 3930 102.87710822400001
2000 8 4184 110.20791936
2000 10 4055 103.487898624
2000 8 4040 101.61177523200001
2000 6 4087 108.47223552
2000 10 4070 107.97898214400001
2000 6 3986 107.29243008
2000 16 4110 123.25597363199999
2000 14 4021 106.293040128
2000 8 4059 101.46187392
2000 6 3994 106.17639859200001
2000 4 4023 103.185071616
2000 12 4039 113.79009945600001
2000 4 3878 104.071156992
2000 12 3976 104.06194022400001
2000 8 4104 107.05017523200002
2000 4 4017 105.979171584
2000 8 4011 105.190170624
2000 8 3965 111.08342784
2000 8 3997 115.13998003200001
3000 19 5994 152.622142464
3000 20 6000 161.31967104
3000 16 6084 159.680708352
3000 12 6058 163.80946559999998
3000 16 6230 164.73752064
3000 14 6001 157.817282304
3000 28 6022 149.061589248
3000 18 6063 150.05864755200002
3000 22 6121 164.95554662400002
3000 28 5966 166.858568448
3000 20 5973 160.334913024
3000 36 6150 161.178141696
3000 18 6067 163.09511116800002
3000 41 5968 167.390927616
3000 16 5974 156.33442176
3000 20 6002 160.439136
3000 30 6065 159.060532224
3000 26 6015 158.86286592000002
3000 22 5945 160.8173952
3000 28 5932 157.62694886399998
3000 24 6056 156.351030528
3000 12 6056 159.470310912
3000 26 5898 151.15147238400002
3000 14 6136 157.743911424
3000 22 6128 156.30971136000002
3000 26 6072 161.252712192
3000 20 6005 163.44330393599998
3000 25 6087 155.404905216
3000 14 5973 160.4112576
3000 30 6134 156.21427430399999
3000 40 5942 159.454369536
3000 18 6098 166.24694169600002
3000 18 5834 153.504789504
3000 22 6131 164.622686976
3000 22 6101 163.74502425600002
3000 26 5909 158.719976448
3000 30 6024 154.730729472
3000 20 6032 158.606139648
3000 24 6029 156.501624576
3000 20 5998 153.916933632
3000 20 5951 160.909926144
3000 28 5997 162.317160192
3000 36 6052 160.593878016
3000 20 5937 156.01417497600002
3000 24 6129 158.074354944
3000 24 6054 161.394511872
3000 10 5973 152.834770176
3000 20 5957 160.038506496
3000 16 6054 152.581321728
3000 18 6181 166.49211955200002
3000 12 6126 159.309156864
3000 22 5991 158.353595136
3000 24 6018 154.624766208
3000 18 5993 163.806280704
3000 30 5982 159.83425920000002
3000 12 6041 160.973438208
3000 24 6073 159.427040256
3000 18 5958 154.132923648
3000 30 6065 161.31916415999999
3000 14 5935 160.824466176
3000 16 6024 163.22039500800003
3000 31 6074 159.57731328
3000 26 6028 154.366063104
3000 18 6007 156.47084006400001
3000 26 6049 155.47939968
3000 20 6160 168.00751334400002
3000 8 6074 160.662002688
3000 18 6170 165.087039744
3000 26 6057 159.525805824
3000 20 6050 158.093303808
3000 28 6056 157.29703756799998
3000 20 6202 163.27812864
3000 4 6089 158.007446784
3000 16 6051 161.26997990400002
3000 22 6006 159.83452953600002
3000 26 5963 150.86337868799998
3000 10 6122 156.632163072
3000 16 6093 155.736523008
3000 20 6083 155.77292544
3000 16 6054 162.055103232
3000 24 6021 160.628768256
3000 24 6133 163.367221248
3000 22 6017 163.54225536
3000 30 5937 162.066119424
3000 18 6061 164.16452659200002
3000 28 5937 159.92983142399999
3000 36 6010 159.254320896
3000 18 5887 152.735472384
3000 14 6008 148.724742144
3000 27 6125 155.899721472
3000 16 6091 158.476015104
3000 26 6041 162.760359168
3000 22 5880 156.72188928
3000 20 6065 154.902088704
3000 24 6103 167.363775744
3000 12 6108 165.754440192
3000 14 5995 157.59987302399998
3000 26 6007 154.279597824
3000 20 6127 153.99952972800003
3000 26 5842 151.911403776
4000 44 7996 209.49143424000002
4000 48 8068 211.04769100800002
4000 43 8050 208.958855424
4000 54 8116 215.380653312
4000 44 8094 221.935819776
4000 36 8150 222.66179865600003
4000 28 8093 212.034163968
4000 38 8092 219.48655872
4000 18 8023 209.812779264
4000 40 8045 213.776065536
4000 38 8046 206.618016
4000 40 8055 212.471567616
4000 36 8077 216.15811430399998
4000 40 7992 207.965691648
4000 44 8051 216.022363392
4000 42 7982 203.28674995199998
4000 27 8131 211.911634176
4000 46 8095 206.48825472
4000 30 8139 212.121524736
4000 35 8003 216.83853312
4000 38 7970 210.617983488
4000 28 8052 215.523340032
4000 36 7930 211.69974144
4000 56 7956 207.99896832
4000 30 8057 209.421974784
4000 18 7955 203.19179443200002
4000 47 8149 217.11882086399999
4000 36 7906 208.305267456
4000 48 7919 205.30401408
4000 34 7965 214.745819904
4000 36 7966 212.53918540799998
4000 42 7932 209.89222425600002
4000 40 7979 215.277528576
4000 24 8024 213.057816576
4000 28 7848 206.278676736
4000 52 8183 208.210024704
4000 46 8184 217.87427481600002
4000 32 7938 205.04727936
4000 24 7872 209.471125248
4000 34 7949 216.121323264
4000 34 8008 205.37806080000001
4000 32 8197 208.21791513600002
4000 40 7981 213.04181606400002
4000 27 8052 205.670462976
4000 28 7984 210.8798208
4000 57 8060 213.102624768
4000 44 8163 219.525782784
4000 34 8112 223.26832281600002
4000 37 8138 210.96253516800002
4000 43 8033 208.070168064
4000 50 8029 208.34526028800002
4000 42 8089 224.375272704
4000 28 7986 214.566620928
4000 18 7958 212.756696064
4000 36 8090 219.593535744
4000 49 7961 210.67712793599998
4000 46 7996 212.857776384
4000 32 8147 208.192621824
4000 46 8189 227.43883008
4000 46 7957 220.561254144
4000 48 8108 213.812983296
4000 40 8040 222.617032704
4000 46 8052 211.7220864
4000 28 7992 212.49442790400002
4000 34 8010 214.203272448
4000 47 8074 216.57373056
4000 22 7940 211.95488793599998
4000 42 7970 222.887622144
4000 22 8177 206.639947008
4000 28 7908 210.159823104
4000 32 8096 204.783499008
4000 20 8060 204.957907968
4000 40 8117 213.94821887999998
4000 42 8236 222.594020352
4000 48 8134 206.368892928
4000 36 7991 218.834001408
4000 36 7948 205.474900224
4000 47 8046 215.375652096
4000 32 7859 206.951695104
4000 41 7977 219.08843827200002
4000 26 8045 211.854094848
4000 42 8082 204.306778368
4000 22 7871 208.61926272
4000 36 8063 218.26155648000002
4000 30 8096 218.64442828800003
4000 28 8097 201.45143884799998
4000 50 8003 207.83887872
4000 39 8071 206.93606630399998
4000 28 7966 206.263250688
4000 52 8023 214.420495872
4000 38 7937 217.31984947200002
4000 50 8127 221.294650368
4000 39 8126 213.72752332800002
4000 32 7891 211.44832051199998
4000 40 8014 209.80135756800001
4000 68 8142 217.962826752
4000 42 7946 209.913741312
4000 46 7995 216.062989824
4000 37 7945 206.249632512
4000 48 8023 217.888687104
5000 40 10043 270.195078912
5000 40 10172 266.195111424
5000 51 9911 265.824278016
5000 60 10006 263.28969216
5000 60 10072 274.02528384000004
5000 76 10252 274.612174848
5000 52 10013 271.88429030400005
5000 57 10246 272.65396224
5000 67 10090 267.58292352
5000 59 10004 263.87632972800003
5000 66 10144 268.93513574400004
5000 52 9994 260.189326848
5000 72 9953 260.1774912
5000 71 9912 250.117933824
5000 56 10069 263.122480896
5000 66 10045 265.58944896
5000 60 10004 260.994624
5000 61 9980 266.524608768
5000 62 10012 265.56778828800003
5000 64 10106 260.418757632
5000 56 9944 276.756877056
5000 64 9940 251.809054464
5000 54 10218 265.945937664
5000 56 10009 261.44224128
5000 40 10038 267.44453683200004
5000 70 9922 268.749229056
5000 44 10069 275.153184768
5000 38 10070 255.37890048000003
5000 60 10145 270.916386048
5000 76 10080 280.868062464
5000 66 9957 268.068269568
5000 64 10038 264.248481024
5000 44 9915 261.436741632
5000 45 10073 265.908132864
5000 47 10125 253.40221209600003
5000 63 9985 257.307756288
5000 68 10023 273.60782592000004
5000 59 10163 279.455987712
5000 68 10099 278.276435712
5000 64 9903 259.808068608
5000 52 9876 268.318389504
5000 51 10015 259.293306624
5000 50 9971 259.485202944
5000 62 10066 257.785093632
5000 64 10036 270.31285248
5000 69 10168 262.825170432
5000 68 10036 275.39850624
5000 52 10074 274.893957888
5000 78 10032 256.310807808
5000 40 9899 259.716340224
5000 40 9958 258.40197503999997
5000 46 9893 265.045296384
5000 53 9928 260.886514944
5000 52 9967 261.16120166400003
5000 50 10065 261.02647296000004
5000 46 10151 275.724844032
5000 58 9996 266.720289792
5000 82 10116 259.202786304
5000 40 10280 268.826317056
5000 56 9892 260.578365696
5000 56 9900 259.356311808
5000 62 10197 267.73733606400003
5000 49 9832 259.676347392
5000 57 10018 260.504876544
5000 48 10151 272.87063654400004
5000 64 9779 262.517511168
5000 64 9890 256.262848512
5000 46 9993 256.655410176
5000 44 10107 262.36199193600004
5000 62 10000 256.808361216
5000 44 9973 256.31037696
5000 65 9946 261.368811264
5000 49 9991 263.712844032
5000 81 10005 265.90383283200003
5000 48 9918 259.640291328
5000 50 10020 260.905277952
5000 70 10074 257.348365824
5000 70 10026 254.650319616
5000 66 9800 257.426628096
5000 57 10156 264.80896358399997
5000 56 10061 248.411251968
5000 70 10192 265.723755264
5000 65 9923 254.34723916800002
5000 66 9939 268.694325504
5000 39 10139 263.9066496
5000 44 10054 259.314156288
5000 64 10077 263.59978444800004
5000 54 10045 256.775304192
5000 54 10028 257.534990592
5000 74 10150 263.13526272
5000 62 10140 264.682868736
5000 71 9972 267.13769702400003
5000 68 10058 270.738217728
5000 70 10040 272.65653887999997
5000 54 10195 265.262021376
5000 56 10191 276.36791424
5000 36 9942 264.639834624
5000 63 10177 265.073377536
5000 62 10086 269.25883776
5000 52 10108 267.42933043200003
8000 333 16054 427.22668876800003
500 0 936 23.657331456
500 2 956 24.624500736
500 0 930 21.482486784000002
500 0 959 24.485404416
500 0 968 23.27250816
500 0 963 26.644358399999998
500 4 962 28.054025472
500 2 983 26.358207743999998
500 2 982 25.326833664000002
500 6 991 25.440662015999997
500 0 995 26.849087232000002
500 0 1003 24.142660608
500 0 1034 24.134871552
500 0 1034 25.084570368
500 0 1038 28.241816063999998
500 0 1044 29.748297216
500 0 988 24.474472704
500 2 1035 28.278632448
500 2 956 24.236120832
500 4 1010 27.540446208000002
500 0 986 24.061762560000002
500 2 985 22.252623359999998
500 0 1005 27.841507584
500 0 1056 28.643991552000003
500 4 1057 26.070865920000003
500 2 1046 23.806227456000002
500 6 943 29.412675072
500 2 1021 28.2904512
500 0 996 26.875681536000002
500 0 1027 29.121328896
500 2 1018 23.922328320000002
500 0 1002 25.265864448
500 2 944 26.494904832
500 2 966 25.457929728
500 2 965 27.287276544
500 4 971 25.678084608
500 0 1001 27.165946368
500 2 1009 29.86359552
500 2 1028 28.494064896
500 4 1008 25.436522496
500 0 994 28.261491456
500 2 932 26.139353856
500 0 966 26.286391296
500 0 1076 27.3649728
500 2 1003 26.661474048
500 2 997 25.590014208
500 2 1054 25.614217728
500 0 1022 24.7849536
500 2 961 29.491917311999998
500 2 944 25.392043776
500 2 981 27.848646144
500 0 1027 27.424953600000002
500 2 1036 26.707617024
500 4 1047 28.899433728
500 2 1030 28.352822784
500 0 959 27.17789184
500 0 1007 26.842751232
500 2 982 28.933563648000003
500 0 1056 28.818949632
500 2 995 30.11133312
500 4 1021 26.307874560000002
500 2 995 29.344651776
500 4 1088 30.955955712
500 0 974 26.712457728
500 2 962 26.21849472
500 0 976 24.165427968000003
500 0 977 23.83742592
500 2 1055 26.280063744
500 4 1023 25.208848896000003
500 2 1037 25.488274944
500 0 1010 23.833430015999998
500 4 1011 25.044915456000002
500 2 973 26.55611904
500 0 998 29.49213696
500 2 1046 29.117493504000002
500 0 949 24.266930688000002
500 2 1047 27.514637568
500 2 926 25.140673536
500 2 1014 28.159388928
500 0 985 27.787431936
500 2 1030 26.963785728
500 0 1031 27.256905984
500 2 969 26.575785984
500 0 1050 30.489685248
500 0 1031 29.033511936
500 2 1067 27.101657088
500 0 1002 25.215311616
500 0 1055 28.86271872
500 2 984 27.112580352000002
500 2 1049 30.216071424
500 0 994 26.154509568
500 2 1028 26.663442432
500 4 1014 29.56512768
500 4 964 24.241274112
500 2 1042 27.266452224
500 2 1046 28.347145728
500 2 996 25.631958528000002
500 0 1042 27.714170879999998
500 0 989 22.71734784
500 2 1029 24.915542784000003
1000 8 1978 49.947161088
1000 4 1943 52.191710208
1000 4 1981 53.779173888
1000 0 1977 53.599662336
1000 2 2071 55.247706623999996
1000 2 2025 51.114928127999995
1000 2 1927 52.300250112
1000 0 2013 55.409333759999996
1000 2 1968 51.424766976
1000 2 1976 56.680208640000004
1000 8 1982 54.22785561600001
1000 0 2052 54.555105792000006
1000 7 1981 53.64082944
1000 4 2003 52.262107392000004
1000 8 2034 53.307277056000004
1000 0 2005 48.460617215999996
1000 4 1955 51.271241472
1000 6 2019 52.023637248
1000 2 2044 48.623013119999996
1000 8 1974 55.200389376000004
1000 10 2022 58.49657088
1000 10 2034 56.78472729600001
1000 2 2079 58.054588416
1000 12 2069 54.09790848
1000 4 2025 53.306297088
1000 6 1983 49.614276096
1000 2 2015 52.00487424
1000 6 1960 56.365444608000004
1000 4 1994 50.507229696
1000 6 2058 54.282750719999996
1000 0 1993 49.787485440000005
1000 4 1947 46.672015104
1000 8 1971 59.971304448
1000 4 2035 54.979888128
1000 10 1999 54.616497408
1000 8 1962 57.584457216
1000 4 1933 48.485851392
1000 4 1954 53.93207424
1000 6 2007 54.405356544
1000 8 1965 51.530840064
1000 6 2040 49.016461824000004
1000 2 1960 50.881915391999996
1000 6 1959 54.066000384000006
1000 6 2068 54.579554304000006
1000 8 1932 53.925983232
1000 4 1995 50.193597696000005
1000 8 2097 59.297238528
1000 4 2045 58.844949504
1000 4 1976 55.53049497600001
1000 12 1952 51.359523072
1000 8 2026 54.462405888000006
1000 6 2068 55.212225024000006
1000 6 1998 59.547595008
1000 0 2038 52.958535168
1000 6 2006 49.007118336000005
1000 0 1958 46.525509888
1000 2 2029 49.944221184
1000 6 2093 56.74555392
1000 4 1974 50.625113088
1000 2 1944 52.564900608
1000 6 1984 56.772139776
1000 4 1989 54.772548864
1000 8 2025 58.878758399999995
1000 6 2061 52.086507264
1000 4 1993 53.235207167999995
1000 2 2034 55.028312064000005
1000 16 2114 60.05248128
1000 6 1992 51.610530048
1000 2 2032 56.592129792
1000 2 2038 50.485062144000004
1000 2 1916 54.28498944
1000 4 2016 50.101387776
1000 14 2040 55.855024895999996
1000 2 1958 56.669420544
1000 6 2035 57.27900288
1000 4 1908 50.250807552
1000 0 2023 54.220260864
1000 8 2004 51.25659264
1000 17 2069 52.917444096000004
1000 8 2006 57.986328576
1000 2 1976 49.771366656000005
1000 12 2059 54.340771584
1000 4 1962 51.943795200000004
1000 2 2021 51.932322816
1000 10 2040 58.906991616000006
1000 8 2058 60.753614592
1000 0 1906 50.393992704000006
1000 6 1952 51.960201216
1000 6 1968 54.837142272
1000 0 1962 52.998274560000006
1000 2 2001 54.547620864
1000 6 2012 53.893585152
1000 4 2078 57.646347264
1000 0 1944 49.317024767999996
1000 4 1993 48.837896448
1000 14 2049 58.176585984
1000 2 1909 51.889837824000004
1000 2 1974 50.083723008
1000 6 2008 53.713456896
1000 10 2003 52.994042112
2000 26 4050 104.89383168
2000 36 4033 113.421344256
2000 20 3973 100.36791705600001
2000 12 3995 109.564224
2000 20 3991 104.577901824
2000 22 4020 112.636955904
2000 12 3922 106.08839577600001
2000 14 4088 104.20755840000001
2000 28 4067 110.053810944
2000 24 3965 115.64014387200001
2000 18 3969 104.878566144
2000 16 3959 105.14386713600001
2000 24 3963 106.028001024
2000 16 4091 98.184658176
2000 26 4051 108.44558208
2000 28 4129 106.824757248
2000 14 4002 106.723820544
2000 12 3988 104.587752192
2000 18 3920 103.759248384
2000 16 3977 98.74541952
2000 12 3944 101.743580928
2000 28 4010 97.18380671999999
2000 14 4000 107.09137612800001
2000 20 4078 109.953862656
2000 28 3979 108.366601728
2000 20 4022 100.951014912
2000 24 3972 104.769637632
2000 14 3994 103.47118848000001
2000 16 4199 109.363693824
2000 16 4002 108.690337536
2000 10 3962 107.02809216
2000 16 4081 105.194817024
2000 18 3936 102.76670976000001
2000 12 3985 105.134692608
2000 18 3930 104.988550656
2000 20 3904 97.62094848000001
2000 32 4034 108.51566668800001
2000 40 3999 107.404780032
2000 22 3923 104.734975488
2000 24 4122 116.36879232000001
2000 16 4040 108.96374860799999
2000 26 3888 100.877415936
2000 20 3907 106.926099456
2000 18 3941 106.189045248
2000 8 4034 103.89912192
2000 22 3995 102.85385088
2000 18 3950 108.443368704
2000 24 4029 109.24881792000001
2000 16 3979 95.323362816
2000 20 4079 111.899073792
2000 28 4029 110.21397657600001
2000 24 4008 98.47476249600001
2000 18 4152 102.911753472
2000 16 3921 96.032969472
2000 26 4044 99.94982553599999
2000 16 3996 105.440467968
2000 16 3916 99.79536230400001
2000 35 3910 100.91283840000001
2000 32 3881 104.32388736
2000 12 3904 101.20927872
2000 20 4059 108.54704256000001
2000 14 4112 106.26489139200001
2000 22 4028 110.604958464
2000 28 3988 103.629275904
2000 18 3960 105.38743987200002
2000 20 4038 109.91955532800002
2000 20 4087 110.244355584
2000 22 4024 109.343173632
2000 30 3911 105.997174272
2000 12 3989 101.226031104
2000 18 3899 103.066900992
2000 8 4080 108.469599744
2000 14 3948 103.956238848
2000 12 3953 104.686416384
2000 16 3983 102.79936128
2000 20 3947 102.717466368
2000 14 4004 106.625342208
2000 18 4045 105.94062336
2000 30 4035 105.447234816
2000 14 3983 99.68310528
2000 18 4024 102.600841728
2000 18 4080 113.685065472
2000 22 4074 107.475692544
2000 16 3976 105.033426432
2000 26 4022 109.306103808
2000 14 4029 107.77035033599999
2000 20 4013 110.73208396800001
2000 16 4015 110.94598732800002
2000 22 4111 109.083651072
2000 29 4000 108.630094848
2000 20 4044 110.61490176000001
2000 20 3957 108.14588928
2000 16 4037 108.933758208
2000 22 3885 100.89429504
2000 8 4103 108.59051596799999
2000 28 4029 111.13099852799999
2000 14 4013 107.89164672
2000 16 4009 98.82068275200001
2000 17 4035 106.371834624
2000 20 3940 103.72354713600001
3000 54 6031 162.1409856
3000 44 5916 144.5649216
3000 61 5967 162.37178496
3000 44 5958 151.622135808
3000 38 6065 163.365590784
3000 36 5909 151.41823488
3000 52 5974 164.25315456
3000 54 6013 160.27634304
3000 56 6090 164.853325824
3000 52 5979 156.84844031999998
3000 46 5951 152.5218816
3000 52 5998 162.07367193599998
3000 51 6023 155.65994188800002
3000 36 5937 154.339266048
3000 62 6040 158.84199936000002
3000 40 6069 150.304720896
3000 50 6103 158.21142374400003
3000 36 6118 161.058171648
3000 42 5931 152.033156352
3000 48 5904 155.91818880000002
3000 52 5942 157.285277952
3000 47 6001 157.05664128
3000 26 5982 155.044141824
3000 44 5978 157.375206912
3000 58 6121 167.828018688
3000 46 6029 162.926784768
3000 48 5990 148.129741056
3000 50 6145 174.44281113600002
3000 42 6092 155.39436211199998
3000 42 6023 154.028126208
3000 42 6023 155.757685248
3000 68 6052 163.078367232
3000 26 6002 152.858965248
3000 44 5994 157.424982528
3000 38 5939 150.706043136
3000 41 6015 155.753664
3000 36 6053 160.067812608
3000 30 5987 155.8970688
3000 37 6099 163.849787904
3000 44 6133 157.01165568000002
3000 38 6142 162.98073369600002
3000 38 5993 159.19594521599998
3000 54 5965 155.80081228800003
3000 52 5976 158.10270643200002
3000 44 6014 151.258052352
3000 42 5985 160.759027968
3000 36 5928 156.627449088
3000 48 6125 160.173463296
3000 50 5868 151.924067328
3000 38 5991 154.24779110400002
3000 42 5988 151.345227264
3000 35 5982 160.573932288
3000 62 6064 162.73971225600002
3000 56 6079 163.556008704
3000 42 6142 162.712940544
3000 44 6017 164.23127424
3000 42 6058 157.555698432
3000 61 5959 165.71588352
3000 56 6084 172.052170752
3000 34 6031 147.85748736000002
3000 38 6124 154.02373324799998
3000 58 5962 155.83413120000003
3000 53 6111 152.027698944
3000 36 6142 160.483166976
3000 56 5876 154.86122572800002
3000 56 5935 154.573453056
3000 28 5982 148.319415552
3000 36 6151 161.309727744
3000 42 5992 158.780649984
3000 43 6015 158.088556032
3000 42 6066 154.74993177599998
3000 63 6034 166.14404505599998
3000 50 6022 157.113487872
3000 60 6061 157.02915993599999
3000 44 6000 159.900466176
3000 40 5954 160.265504256
3000 40 6028 159.631186176
3000 38 6083 158.09329536
3000 48 6148 156.796121856
3000 44 6099 166.181900544
3000 50 6072 156.255720192
3000 36 6040 157.82346624000002
3000 31 6023 160.773693696
3000 61 5955 163.606240512
3000 40 6025 168.370363392
3000 28 5966 154.592917248
3000 54 6117 157.925619456
3000 32 5991 145.541164032
3000 58 6122 161.191785216
3000 42 6007 156.728715264
3000 56 6001 161.664746496
3000 60 6067 153.968804352
3000 46 5938 158.45930496
3000 49 6061 155.469498624
3000 34 6146 169.82330956799998
3000 61 6119 163.02173184
3000 53 5975 161.557744128
3000 44 6089 162.030772992
3000 50 5985 161.73969715200002
3000 62 6010 160.44322483200003
4000 82 8056 213.43263744
4000 85 8035 213.82268159999998
4000 68 7990 209.602981632
4000 84 7937 206.561811456
4000 80 8128 212.689331712
4000 62 7901 206.462978304
4000 79 8064 216.077647104
4000 84 8012 214.25827737600002
4000 88 8188 217.078980096
4000 66 7950 202.419816192
4000 101 8226 215.197745664
4000 72 7993 205.162966272
4000 81 7958 210.48693811200002
4000 106 8071 219.42213427200002
4000 82 8025 214.531629312
4000 99 8105 217.795024128
4000 88 8055 213.57258700800003
4000 88 8121 216.04045056
4000 81 7985 206.115799296
4000 59 8065 201.083993088
4000 58 7932 205.73638272
4000 92 8087 216.006185472
4000 86 8181 220.14153216
4000 96 8044 213.497737728
4000 78 8008 209.273458944
4000 76 8016 205.60445030399998
4000 64 7953 206.812581888
4000 77 8068 213.974145792
4000 66 8127 202.96368153600002
4000 97 7926 210.82487500800002
4000 84 7909 213.34313088
4000 84 8009 215.39106969600002
4000 86 8141 219.13512192000002
4000 66 8102 201.509037312
4000 79 8057 212.394226176
4000 89 8030 213.30710016
4000 91 7969 219.907953408
4000 74 7935 213.91030425600002
4000 87 8015 211.123224576
4000 76 8027 206.772513024
4000 68 7927 200.872776192
4000 91 8059 215.810006016
4000 76 8036 216.095100672
4000 106 8128 208.38145152
4000 93 8079 211.956112896
4000 84 8038 209.60222976
4000 80 8020 210.628653312
4000 116 8060 216.52832256
4000 76 8116 217.83430732800002
4000 83 8059 211.570385664
4000 92 8076 210.67653657600002
4000 63 8108 215.050581504
4000 104 8048 216.00838195199998
4000 84 7908 202.230412032
4000 78 7969 206.849009664
4000 74 7989 212.90721408000002
4000 88 7916 216.88651776
4000 70 8049 217.262546688
4000 80 8136 217.226304768
4000 94 7943 216.983897856
4000 86 8054 208.181166336
4000 85 8016 208.095596544
4000 72 8014 213.553756416
4000 90 8011 216.73503667199998
4000 65 8015 205.301150208
4000 84 8031 214.45737984000002
4000 98 8063 217.59534720000002
4000 104 8166 220.50317414399998
4000 88 8117 215.91719424000001
4000 71 7987 204.071003136
4000 87 8121 222.698682624
4000 92 7923 215.17271424
4000 70 8096 209.53312512
4000 87 7988 215.238667776
4000 68 7987 216.04818047999998
4000 72 8119 219.31552896
4000 60 8147 215.274571776
4000 69 8089 205.70546303999998
4000 99 8107 208.12723430399998
4000 70 8136 206.4545472
4000 97 7954 215.12312448000003
4000 70 8059 216.244773888
4000 74 8094 215.37041433599998
4000 87 7922 207.55274496
4000 74 7949 207.214005504
4000 98 8011 213.865563648
4000 60 7947 209.427939072
4000 71 8045 214.931904
4000 69 8164 195.610550784
4000 74 8089 213.077804544
4000 102 7992 213.898536192
4000 96 8048 210.10932096000002
4000 80 8113 203.844799488
4000 66 8036 213.706614528
4000 102 7954 210.051849216
4000 60 7969 205.454464512
4000 85 7923 210.097172736
4000 82 8170 222.26434559999998
4000 98 8230 227.34634982400001
4000 84 8118 216.29408486399998
5000 110 10008 256.658274048
5000 98 9960 253.876474368
5000 132 10075 264.08855193600004
5000 132 10295 276.903162624
5000 138 9995 268.522518528
5000 98 10161 270.292163328
5000 104 10057 259.884996096
5000 112 9972 270.099236352
5000 110 9957 262.783893504
5000 170 10133 272.690128128
5000 125 10131 258.69883776
5000 137 10265 264.189835008
5000 134 9958 256.77966336000003
5000 140 10049 266.6488704
5000 110 10104 274.25483289600004
5000 156 10043 263.26146739200004
5000 120 9900 262.717965312
5000 131 10136 274.42246656
5000 140 10207 261.194174208
5000 95 10035 259.99064678400003
5000 130 10082 267.662030592
5000 120 9919 263.55905664
5000 140 10107 273.250889472
5000 118 9852 265.480621824
5000 136 10057 274.628116224
5000 116 9949 260.577765888
5000 102 10117 263.156323584
5000 149 9977 258.782380032
5000 98 10170 264.23426304
5000 133 10035 261.13840896
5000 161 9915 263.286490368
5000 116 10097 269.31103795200005
5000 145 10096 266.521508352
5000 110 10155 266.8930176
5000 128 9983 266.582308608
5000 140 10026 259.47304627200003
5000 147 10051 271.29147724800004
5000 148 9948 254.386150656
5000 149 10026 270.80376576
5000 113 9936 257.119720704
5000 128 10099 277.37554944
5000 124 10109 257.434180608
5000 119 9950 266.02361702400003
5000 148 10008 265.575661824
5000 134 9977 260.18015232
5000 118 10070 265.67815296000003
5000 137 10093 278.293872384
5000 157 10067 275.85852518400003
5000 120 9933 272.766016512
5000 125 9990 262.65063475200003
5000 115 10051 275.355429888
5000 138 10198 279.71252812800003
5000 131 10290 276.407594496
5000 144 10279 278.68393344
5000 137 9967 278.64729446399997
5000 121 10012 267.353281536
5000 130 9918 264.091652352
5000 113 10144 271.41750451200005
5000 112 9961 269.400493824
5000 141 10114 276.370000896
5000 151 9903 267.901641216
5000 134 10023 270.936542976
5000 106 10081 263.40848793600003
5000 117 10073 259.58228736
5000 80 10021 258.081043968
5000 138 10166 264.810746112
5000 98 9851 258.770831616
5000 147 10063 268.95329049599997
5000 131 10080 267.577271808
5000 145 10103 266.839634688
5000 140 10055 259.45214592
5000 109 10032 259.084945152
5000 123 10107 266.685264384
5000 127 10127 263.18346700800004
5000 99 10001 261.58425216
5000 139 10042 261.52604544
5000 132 10046 262.343634432
5000 135 10008 281.77847807999996
5000 122 10074 271.32331776
5000 109 10028 257.890609152
5000 150 9997 252.77545497600002
5000 136 9942 249.881313792
5000 122 10145 269.542893312
5000 127 10119 276.049813248
5000 128 10174 265.263381504
5000 152 9953 263.321296128
5000 126 10156 272.09228851200004
5000 124 10044 260.019040512
5000 146 10035 273.13713715200004
5000 126 10034 264.008042496
5000 98 9973 258.252090624
5000 82 9928 259.21720704
5000 125 9954 270.307158528
5000 124 10015 263.602166784
5000 125 10132 263.78805657600003
5000 107 9886 258.79704576
5000 154 10042 268.45657344
5000 121 10050 268.01521612799996
5000 118 9986 257.745472512
5000 134 10116 269.992394496
6000 163 11947 304.96088832
6000 182 12180 316.054354176
6000 201 12086 315.487239936
6000 181 11843 307.981673472
6000 181 12109 328.015995648
6000 196 11874 316.055545344
6000 164 11975 315.810333696
6000 165 12314 327.816935424
6000 162 11896 315.22501401600005
6000 160 12003 315.568644864
6000 138 12088 302.13596160000003
6000 220 12122 328.47411379199997
6000 183 12137 318.18636748800003
6000 190 11831 326.355921408
6000 199 12111 332.435963904
6000 192 11964 309.330776832
6000 143 12151 317.60712192
6000 190 11801 330.24889497600003
6000 193 12054 323.21460019200003
6000 181 12128 320.440353024
6000 184 11999 309.356408064
6000 174 11816 319.79717299199996
6000 172 11983 323.1991488
6000 158 12092 312.355236864
6000 170 11858 316.574277888
6000 198 11966 309.25879142400004
6000 154 12107 307.754844672
6000 186 11942 310.87233408
6000 147 12046 317.359603968
6000 200 11974 319.94387251200004
6000 181 11991 311.113245696
6000 168 12082 322.669112832
6000 183 11814 308.018988288
6000 166 12070 323.927121408
6000 184 12102 324.115064064
6000 177 12098 312.248673792
6000 189 11996 315.579297792
6000 191 12001 319.111769856
6000 163 11964 314.460191232
6000 161 12142 315.90352358399997
6000 195 12100 331.21027737599996
6000 184 12074 325.49811993599997
6000 211 11992 322.25181542400003
6000 171 12107 319.199223552
6000 207 12190 325.92549580800005
6000 161 12160 315.037181184
6000 168 11958 316.417060608
6000 200 12052 324.666853632
6000 206 12102 335.65119667199997
6000 192 12121 318.229756416
6000 183 12111 323.879347968
6000 157 11934 313.184500992
6000 158 12175 328.84792934399997
6000 196 12044 317.32631884799997
6000 178 11928 319.561963776
6000 162 11823 306.930531072
6000 184 12155 316.14038016
6000 170 12094 309.519277056
6000 185 12131 314.07466675200004
6000 200 12086 319.73107584
6000 171 12120 314.226114048
6000 197 12238 316.805601024
6000 182 11925 323.415932928
6000 159 12008 324.866141952
6000 194 12022 317.862952704
6000 213 12168 324.04581580800004
6000 178 12327 325.761452544
6000 190 12227 325.59892992
6000 201 12046 322.08230630400004
6000 193 11900 320.52635366400006
6000 203 11967 301.470149376
6000 161 11990 319.20269568000003
6000 190 12010 307.991701248
6000 146 12106 317.304920064
6000 163 11987 306.72763545600003
6000 143 12107 313.16068608
6000 221 12079 321.28503475200006
6000 215 12138 322.78219776
6000 166 11978 321.986345472
6000 178 12094 324.770426112
6000 204 12040 321.935235072
6000 156 11861 306.49474944
6000 211 11956 321.68113612800005
6000 195 11949 311.76998476800003
6000 160 12159 327.6848256
6000 208 11985 322.68981888
6000 191 11870 313.692850944
6000 216 11876 315.93938534399996
6000 206 12043 315.843061248
6000 194 12077 306.98671027200004
6000 192 11956 310.985309184
6000 182 12081 305.547280896
6000 209 12127 319.42974412800004
6000 187 12018 314.942774784
6000 231 12097 327.662573568
6000 181 12054 315.04254566400004
6000 198 12129 312.320346624
6000 190 11894 311.01210624000004
6000 234 12230 331.682976768
6000 155 12239 325.39484313599996
7000 225 14000 383.799009792
7000 300 14208 382.690437888
7000 246 13942 362.63904230400004
7000 253 13986 371.66769024
7000 228 13780 355.43789952
7000 241 14107 374.29474790399996
7000 260 14067 369.712510464
7000 255 14099 377.61371366400004
7000 259 14199 382.309323264
7000 247 14117 370.52699904
7000 267 14242 379.710633984
7000 248 14196 370.91204198400004
7000 214 14071 364.363836672
7000 250 13929 363.95904230400004
7000 243 14154 370.31478528
7000 240 13842 364.746235392
7000 266 14206 377.82699187199995
7000 258 14110 372.22622131200006
7000 233 14087 381.448472064
7000 257 13977 372.56075366400006
7000 266 13890 368.63114112
7000 232 13997 363.375158784
7000 247 14028 376.54894464
7000 241 14081 362.075129856
7000 218 14052 369.319509504
7000 227 14058 369.185304576
7000 256 14120 381.008077824
7000 263 14127 378.69072384000003
7000 256 14093 372.230605824
7000 272 13934 371.645353728
7000 244 13894 367.70347468800003
7000 256 14169 368.116396032
7000 272 14006 365.04107904
7000 257 14174 374.404977408
7000 245 13920 369.018279168
7000 226 13954 365.135899392
7000 213 14005 378.50923545600006
7000 250 14127 372.790615296
7000 271 14097 362.46673689600004
7000 233 14131 375.24174336
7000 254 13937 369.962267136
7000 239 14181 370.073248512
7000 229 14038 369.515781888
7000 225 14117 380.28900095999995
7000 259 14049 375.916806144
7000 241 14073 369.646219008
7000 252 14114 368.607773952
7000 198 13834 360.223370496
7000 273 13985 375.234114816
7000 242 14051 380.77721088
7000 246 13913 377.650454016
7000 262 14044 374.331488256
7000 230 14062 378.06472704000004
7000 256 14097 375.49912857600003
7000 300 14105 377.561116416
7000 257 14082 378.191970816
7000 278 14068 380.85206016
7000 213 13943 375.14049408
7000 246 13907 362.009860608
7000 223 14098 367.863538944
7000 246 14115 375.02239104
7000 227 14078 370.54845695999995
7000 308 14109 382.0591104
7000 274 14308 375.371259648
7000 210 14265 371.078957568
7000 269 14076 376.614678528
7000 258 13911 377.64069657600004
7000 242 14077 374.008808448
7000 244 13987 354.42468019200004
7000 233 14098 373.340216832
7000 250 14089 370.089367296
7000 256 14144 372.07678463999997
7000 240 13841 357.25225113600004
7000 255 14090 379.622174976
7000 229 14209 370.71274521600003
7000 234 14062 364.809984
7000 208 14130 375.721344768
7000 232 14031 383.455573248
7000 234 13761 367.61910451200004
7000 292 14209 388.84034534399996
7000 306 13915 382.04386175999997
7000 243 14090 370.528545024
7000 220 13928 350.888288256
7000 240 13895 363.668667648
7000 262 13869 371.073255168
7000 242 14132 376.867282176
7000 233 14148 370.113570816
7000 247 14183 375.84833510400006
7000 238 13936 358.96886784000003
7000 259 14328 382.830970368
7000 247 14063 370.755466752
7000 223 13960 374.38704230400003
7000 237 14101 377.173741824
7000 220 14100 372.466989312
7000 234 14226 376.45952256
7000 236 14045 369.84511872
7000 255 14067 372.998621952
7000 253 13993 368.489839872
7000 223 14073 379.03809715200003
7000 248 14160 377.269635072
8000 301 15953 432.725280768
8000 308 15751 413.339046912
8000 333 16170 434.39197824
8000 310 15909 418.061622528
8000 296 15924 429.631521792
8000 329 15979 429.709741824
8000 291 16107 425.58635750400003
8000 358 16073 430.191227136
8000 342 16172 428.91243648
8000 333 16167 424.61134848
8000 313 16366 426.75904128
8000 287 15990 414.74610355199997
8000 293 15919 420.61266508799997
8000 349 15927 430.05312768
8000 316 15940 428.20965580800004
8000 314 16523 435.232917504
8000 330 15964 415.209417216
8000 330 16048 425.141984256
8000 352 16034 418.884102912
8000 306 15930 422.56456704000004
8000 359 16162 434.701462272
8000 307 16159 415.264574208
8000 295 16045 421.376237568
8000 309 15859 401.367977472
8000 312 16085 420.736343808
8000 369 16158 427.02805094400003
8000 331 16070 432.116712192
8000 330 15802 419.1164736
8000 321 16147 416.604156672
8000 312 16139 427.14826598400003
8000 338 16222 424.4340672
8000 260 16126 423.39172761599997
8000 307 15927 413.446184448
8000 346 16047 429.434573568
8000 312 16023 420.182805504
8000 317 16349 420.38766950400003
8000 291 15972 419.955334656
8000 380 15911 422.3400192
8000 302 16093 423.96282931200005
8000 365 16056 430.793206272
8000 333 15929 421.399047168
8000 347 15921 425.10006528
8000 336 15897 412.335804672
8000 323 15954 427.21438848
8000 328 16082 421.53021081599996
8000 345 16260 439.50066124800003
8000 315 16173 423.31200384000005
8000 281 16133 412.149636096
8000 289 16012 411.861947904
8000 357 15933 422.505025536
8000 346 16114 428.628803328
8000 346 16006 429.208800768
8000 311 15966 429.97439232
8000 317 16356 435.606699264
8000 308 16057 424.555980288
8000 319 15894 412.827343104
8000 360 15911 431.55268992000003
8000 329 15930 433.482610176
8000 337 16036 429.42012748800005
8000 333 15988 429.64279142400005
8000 288 16138 411.878413056
8000 344 15887 424.41178137599996
8000 316 15937 412.91154432
8000 298 16140 436.976441088
8000 311 15927 407.561958144
8000 334 16284 426.143410176
8000 332 15900 423.839801088
8000 287 15999 423.83354112
8000 343 16013 430.493699328
8000 307 15921 417.888928512
8000 334 16215 430.11834624
8000 352 16211 423.514603776
8000 312 15948 411.03811584000005
8000 350 16036 438.59922585600003
8000 305 16031 424.30789632
8000 302 15892 424.363551744
8000 325 16057 415.641084672
8000 312 16154 415.258348032
8000 348 16116 422.491297536
8000 265 15996 416.32572748800004
8000 351 16363 435.595928064
8000 258 16037 413.57145139200003
8000 302 16078 421.68735206400004
8000 298 16110 427.39011532800004
8000 324 16107 426.578617344
8000 350 16078 431.48274048
8000 314 16171 420.4436544
500 0 962 24.062970624000002
500 0 1009 24.980034816
500 0 1031 25.56888576
500 2 1044 29.055535872
500 2 1013 25.493842175999998
500 2 1048 27.5043648
500 0 1015 25.316104704
500 0 980 25.636824576000002
500 0 1013 27.596929536
500 2 944 23.184750336
500 2 1028 28.401863424
500 2 1017 24.825047808
500 0 953 25.052341248
500 0 1011 25.081512192
500 0 963 25.296370176
500 0 1036 29.327772672000002
500 0 984 22.507482624
500 4 974 26.501553408
500 0 1014 27.164155392
500 0 974 25.02669312
500 2 1001 26.724301824
500 0 1015 27.455526912
500 0 990 27.459320064
8000 310 16210 432.49098393599996
500 2 993 26.394500352
500 0 1014 28.899002879999998
500 0 1008 25.423850496
500 0 1027 25.387862016
8000 304 15914 415.15752960000003
500 0 1023 26.458679808000003
500 2 1014 25.272639744
500 0 1017 23.879057664
500 0 1028 23.473131264000003
500 2 1049 26.286298368
500 2 1020 29.494113792
8000 315 16065 426.661568256
500 2 946 28.395299328
500 2 954 27.048857088
500 0 1005 26.713268736
500 2 1015 27.272500992
500 0 968 26.722831872
500 2 970 26.393908992
500 0 928 23.959153152
500 0 996 24.740170752
500 0 1017 26.475719423999998
500 0 1014 26.380180992000003
8000 321 16082 434.996212992
500 0 944 25.348215552000003
500 0 1094 27.54757632
8000 340 16107 427.163987712
500 0 969 22.284700416
8000 332 15936 417.706857216
500 0 973 23.706566400000003
500 0 1039 26.617544448
500 2 974 23.728404480000002
500 0 1016 28.959499008
8000 347 16296 431.46760166400003
500 0 981 23.676288768
8000 298 15924 421.648820736
500 0 1001 28.703533056
500 6 1021 26.995600896000003
8000 341 16032 424.41748377600004
500 0 1083 26.414420736
8000 304 16029 424.823334144
500 0 1010 23.519789568
8000 344 16197 424.164390144
8000 345 16284 411.217027584
500 2 979 23.287148544
500 2 1051 27.792771072
500 0 1024 26.40477312
500 0 1016 25.866077952
500 0 1016 24.165225216000003
500 0 962 25.831517184
500 0 974 29.328617471999998
500 0 994 26.257389311999997
500 0 988 22.562884607999997
500 2 980 24.880762368
500 0 1016 29.266676736
500 0 1031 25.117179648
500 0 1025 30.296944128
500 0 975 24.549541632
500 2 1041 27.446521344
500 0 980 27.544932096
500 2 950 25.473414912
500 2 1003 25.253699328000003
500 0 989 28.287638016
500 2 989 26.12239872
500 2 1000 28.827042816
500 0 982 23.713392384
500 0 1014 25.438465536000002
500 2 979 25.272124416
500 2 1039 28.123459584
500 2 991 25.348713984
500 2 974 24.131593728
500 0 1027 27.165447936
500 2 971 27.653716992
500 0 1002 26.552891904
500 0 981 26.308778496
500 2 1009 23.594959872
500 0 988 27.869369088
500 2 994 25.756076544
500 0 1035 26.074557696000003
500 0 969 24.632458752
500 0 1016 26.798331648
500 0 997 26.161073664
500 2 952 24.682631424
500 2 980 23.31981696
500 0 981 22.511309568
500 0 971 27.068709888
500 2 982 27.582694656
500 0 975 24.709622784
500 0 1009 27.815690496
1000 2 2009 52.9993728
1000 2 1985 52.126660608
1000 4 1982 55.180105728
1000 2 2033 55.234603776
1000 4 2038 50.57390976
1000 2 1913 50.803729152
1000 8 2047 58.821455616
1000 0 2026 52.407624192
1000 4 1974 52.386842112000004
1000 0 2017 56.151845376000004
1000 2 2009 53.304218888
1000 4 1996 52.783619328
1000 2 2000 52.485954048
1000 2 2024 57.042813696
1000 2 1968 55.472431872
1000 0 1938 52.581652992
1000 2 2012 51.215594496
1000 4 2030 52.718840064000005
1000 4 2046 50.230101504000004
1000 0 2033 57.478020864
1000 0 2053 54.728686847999995
1000 4 2011 55.59197107200001
1000 0 2012 53.70513561600001
1000 2 2036 48.928323840000004
1000 0 2035 51.347560704
1000 0 1987 55.165042944
1000 2 1984 51.60305356800001
1000 4 2026 50.86274688
1000 4 2076 55.343388671999996
1000 4 2006 57.612850944
1000 2 2068 52.49524684800001
1000 2 1937 48.097851648
1000 8 2054 58.330981632
1000 0 2005 51.286338048
1000 4 2044 54.583347456
1000 2 1992 51.693244416
1000 2 1999 55.277004288
1000 6 1985 52.38396134400001
1000 0 1998 48.030884352
1000 2 1987 53.526620928
1000 0 2005 52.642884096
1000 6 1962 58.671503616
1000 4 2025 56.794036991999995
1000 4 1910 50.682162432000005
1000 0 1966 46.952868864
1000 0 2011 51.451944192
1000 2 1952 48.485133312
1000 0 1927 50.463004416000004
1000 0 1948 53.101466880000004
1000 6 2053 50.462168064000004
1000 8 1986 53.16567168
1000 2 2079 54.425927424
1000 0 1986 54.57386880000001
1000 0 2016 48.878337024000004
1000 0 2014 51.15576576
1000 2 2026 51.00388761600001
1000 2 2122 54.938129664
1000 4 2033 52.508383488
1000 4 2048 56.073929472
1000 2 2042 53.874298368
1000 8 2066 58.5100032
1000 2 1981 49.441311744000004
1000 0 2027 46.515541248000005
1000 0 1983 51.15492096
1000 2 2025 55.02473856
1000 2 1990 55.879574784
1000 4 2048 57.025723392
1000 2 1967 57.177508608000004
1000 0 2011 57.13771852800001
1000 2 1979 56.930522880000005
1000 4 2068 51.881550336000004
1000 2 2000 57.065614847999996
1000 0 1996 52.539184895999995
1000 2 1958 50.657756160000005
1000 0 1986 53.17082496
1000 4 1963 51.491159808
1000 0 1912 51.8912064
1000 4 1987 49.94981376
1000 0 2011 56.282552832
1000 0 1984 50.72572032
1000 2 2021 52.814099712
1000 4 2100 55.823260416000004
1000 2 2060 53.049545472000005
1000 2 2011 56.13332736
1000 4 2107 56.12610432
1000 4 1989 48.745534464
1000 6 2048 57.019759104
1000 6 1961 53.607316224
1000 2 1877 52.216217856
1000 0 2034 55.193293056
1000 4 1992 55.30424064
1000 0 2093 52.250972928
1000 2 2034 60.255292416
1000 0 1946 49.547790336000006
1000 2 2012 49.69793664
1000 0 1955 53.907549696000004
1000 4 2021 54.280469759999995
1000 2 2005 53.027791872
1000 0 2042 54.618423552
2000 10 4021 104.954784
2000 13 4091 106.466435328
2000 4 4020 103.130235648
2000 8 4048 105.229360896
2000 4 3959 106.932046848
2000 10 4222 109.563151104
2000 10 4012 105.91102156800001
2000 5 4029 97.12015104000001
2000 24 3928 107.079565824
2000 12 3996 107.77108531200001
2000 12 4028 104.814234624
2000 6 3962 102.77938176
2000 16 3966 107.581495296
2000 10 3949 100.74780672
2000 14 4093 109.21789824000001
2000 4 4028 103.215154944
2000 4 4036 101.474900736
2000 18 4016 107.564987904
2000 4 4070 105.458724096
2000 10 4083 113.64421939200001
2000 8 4000 106.532540928
2000 16 4009 104.386656
2000 6 3927 102.102283008
2000 12 4066 113.31413913600001
2000 6 3957 105.0401088
2000 6 4091 98.37873408
2000 24 4151 113.06683238400001
2000 10 4016 112.666650624
2000 12 4084 111.874135296
2000 10 4111 105.416205312
2000 16 4082 115.630132992
2000 12 4046 108.135405312
2000 10 3950 109.65332505600001
2000 8 4080 108.571186944
2000 4 3944 109.78850995200001
2000 6 4022 100.139077632
2000 12 4045 100.77593856
2000 10 4045 101.040605952
2000 6 3951 107.27913292800001
2000 18 4017 107.909970432
2000 10 3923 98.07933696
2000 16 4040 111.10057728
2000 4 4127 104.13748224
2000 12 4051 109.16644992
2000 4 4041 100.112322816
2000 12 4013 107.04169344
2000 10 4059 102.707793408
2000 12 4049 104.90506752
2000 6 3967 105.51750528
2000 10 3966 102.89446041600002
2000 4 4041 106.102799616
2000 8 4086 106.882296576
2000 8 3981 101.05469721600001
2000 10 4063 107.32898457600001
2000 14 4184 108.573603072
2000 2 3993 112.117893888
2000 10 3963 107.544619776
2000 4 4112 102.607515648
2000 4 4023 102.57405312
2000 10 3998 103.08458265600001
2000 8 3991 110.374404096
2000 10 3935 104.386689792
2000 14 4072 115.395422208
2000 14 4047 104.22807014400001
2000 14 3887 102.651081984
2000 14 4025 107.72441856
2000 12 3902 105.75388032000001
2000 4 4081 106.320200448
2000 9 4045 107.377011456
2000 8 3915 101.071500288
2000 8 4106 114.234878208
2000 4 3960 111.160380672
2000 16 4117 104.57395660799999
2000 13 4049 106.131412992
2000 8 4036 102.817803264
2000 14 3977 107.668501248
2000 4 3995 104.29745356800001
2000 9 4010 110.434646784
2000 16 3996 107.94465792
2000 4 4051 101.176990464
2000 2 3983 105.09847603200001
2000 12 4059 114.026145024
2000 8 3964 100.914789888
2000 8 4030 107.746704384
2000 14 4030 108.39001113600001
2000 10 4039 105.978419712
2000 14 4135 110.72683776000001
2000 16 3949 101.01108864
2000 8 4058 104.651255808
2000 4 4031 100.694863104
2000 8 4018 110.163195648
2000 14 4071 103.046828544
2000 16 4035 106.165120512
2000 10 3924 109.262486784
2000 12 3905 104.042771712
2000 8 3940 112.417764096
2000 16 3928 103.034621184
2000 14 3961 108.57420288
2000 9 3979 106.42680576000001
2000 12 4038 111.031607808
3000 34 6001 163.400683776
3000 27 6017 158.661178368
3000 32 6110 155.75493120000002
3000 30 6153 164.037798144
3000 20 5993 152.484634368
3000 20 5985 164.371206912
3000 20 6106 167.11301376
3000 18 5947 157.801383168
3000 34 6003 156.512936448
3000 18 6118 157.2227712
3000 20 5892 160.127058432
3000 22 6092 166.906519296
3000 20 6089 164.18318822400002
3000 26 5962 158.715727104
3000 10 6012 152.41813171200002
3000 26 5928 151.671708672
3000 12 5919 155.42064384
3000 22 6067 158.722891008
3000 20 6127 162.71637043200002
3000 22 6197 172.861979136
3000 26 5967 155.960961024
3000 20 6047 161.70671615999998
3000 18 6057 152.978681856
3000 24 6039 159.16399488
3000 24 6167 160.899940608
3000 14 5949 148.05109862400002
3000 14 6079 164.92836940799998
3000 14 5986 155.122742016
3000 24 6066 161.528928
3000 20 5965 151.042358016
3000 22 5954 161.438002176
3000 20 6112 166.776546816
3000 22 5976 157.85416627200001
3000 30 6061 165.65358796799998
3000 29 5940 155.96695065600002
3000 24 6046 163.58427571200002
3000 18 5928 152.02285824
3000 28 5977 164.62871040000002
3000 27 6147 161.11094630399998
3000 24 5997 160.4387136
3000 14 5905 159.75725568000001
3000 16 6078 155.831613696
3000 24 6007 156.104999424
3000 8 6035 154.62640512000002
3000 18 6015 154.08528537600003
3000 14 5916 151.351782912
3000 16 6147 159.209842176
3000 26 6035 158.981382912
3000 36 5962 163.04250547200002
3000 20 5996 168.600486912
3000 21 6114 158.631441408
3000 32 6111 162.180953088
3000 26 6047 166.954115328
3000 28 5911 156.521730816
3000 18 6108 166.1263296
3000 16 5870 151.811506176
3000 18 5924 165.47046912000002
3000 20 5962 165.70063488
3000 28 6087 159.17218099200002
3000 20 6034 154.168008192
3000 26 6038 162.980573184
3000 12 6062 150.575183616
3000 30 6122 160.096848384
3000 24 5988 156.945879552
3000 22 6073 160.325417472
3000 20 6016 157.480967424
3000 23 5819 146.799899136
3000 18 6044 161.65529318400002
3000 24 6039 155.352071424
3000 14 5896 155.293087488
3000 14 5911 150.42703104
3000 20 6097 163.778681088
3000 22 6044 160.226972928
3000 20 6062 157.72931328
3000 32 5971 166.843852032
3000 24 6168 158.227382016
3000 26 6141 156.420202752
3000 16 6001 156.98693683200003
3000 24 6171 161.91355699200003
3000 20 6083 164.03942016
3000 20 6035 164.967787776
3000 20 6142 164.990774784
3000 15 6146 164.861740032
3000 12 5952 156.579109632
3000 34 6072 162.675904512
3000 34 5981 165.095783424
3000 24 5993 158.30748595199998
3000 20 5771 157.52341862400002
3000 18 5919 151.576356096
3000 17 5971 164.72113152
3000 20 5880 153.659666688
3000 20 5885 155.498500608
3000 16 5998 154.181938944
3000 34 6027 155.56459776
3000 16 6063 156.172194816
3000 30 6102 159.84313804800001
3000 12 5960 156.164262144
3000 25 6002 158.6844864
3000 26 6044 158.480534784
3000 16 5986 158.24381337600002
4000 36 8010 213.303366144
4000 31 8122 210.922998528
4000 39 8107 212.25012864
4000 32 7978 208.600204032
4000 38 8110 214.09485081600002
4000 52 8067 205.786132992
4000 46 8006 210.259838976
4000 34 8094 217.701547008
4000 42 8279 212.304102912
4000 28 7969 219.15471283200003
4000 42 8022 204.145734144
4000 34 7948 214.327821312
4000 24 8017 212.11745280000002
4000 42 8002 223.457862144
4000 40 8148 212.75808153600002
4000 42 8211 214.964242944
4000 50 8062 207.634192128
4000 32 8089 217.307219712
4000 30 8029 214.12166476800002
4000 40 8052 207.65323392000002
4000 42 8122 210.016553472
4000 38 8092 212.208235008
4000 39 8017 207.243945216
4000 38 7994 209.41645824
4000 44 8043 216.868278528
4000 36 8007 208.465365504
4000 40 8113 212.212991232
4000 36 8202 215.730180864
4000 32 8064 213.822014208
4000 33 8093 221.59872768
4000 28 7945 208.331405568
4000 32 8047 216.522273792
4000 48 7904 210.19810944
4000 38 8001 212.323533312
4000 38 8182 216.823149312
4000 28 7914 207.67105920000003
4000 36 7913 206.628668928
4000 36 7951 219.86388864000003
4000 42 8222 216.132939264
4000 42 7954 204.400525824
4000 36 7896 212.633262336
4000 35 8194 223.306879488
4000 46 8349 217.43312870399998
4000 44 7990 218.16108441600002
4000 42 7948 215.0486976
4000 36 8118 208.13166105599998
4000 54 8026 201.304933632
4000 52 7905 215.935923456
4000 44 8015 204.80658739199998
4000 20 7816 208.834864128
4000 34 8061 217.276832256
4000 28 8040 208.17764352
4000 44 8088 205.102453248
4000 38 8034 210.06120115200002
4000 32 8055 210.935020032
4000 37 8010 217.836444672
4000 38 7904 215.232956928
4000 48 8200 209.90409369600002
4000 40 7963 211.69192704
4000 32 8075 209.02313625600002
4000 32 8022 199.93030886399998
4000 36 8154 226.193223168
4000 45 8111 220.927466496
4000 32 7889 208.775010048
4000 24 7983 203.861670144
4000 30 8000 219.732547584
4000 26 7876 199.556349696
4000 35 7998 206.480262912
4000 34 7884 196.61144448000002
4000 42 7918 207.068767488
4000 28 8118 208.21857408000002
4000 44 7951 211.02652032
4000 26 8089 213.24031872
4000 30 8081 210.13716556800003
4000 36 8097 201.71146828800002
4000 46 7905 213.340917504
4000 22 8135 225.915672576
4000 36 8072 213.42201830399998
4000 36 8057 216.76854988800002
4000 30 7876 209.364815616
4000 44 7922 204.515959296
4000 56 8052 215.651952384
4000 45 8163 215.547695616
4000 36 8044 213.378705408
4000 40 8006 220.970424576
4000 41 7984 217.80397056
4000 28 8056 211.91271552
4000 34 7974 208.231676928
4000 51 8046 212.320677888
4000 41 8051 214.758204672
4000 46 8133 214.396165632
4000 36 8029 220.211743488
4000 42 8006 206.27008512
4000 30 8072 220.15134028800003
4000 42 8094 210.324728064
4000 32 7990 209.37567974400002
4000 43 7947 217.863765504
4000 36 8044 219.516532224
4000 34 8138 212.56590643200002
4000 43 8060 213.413299968
5000 52 9803 260.50568755200004
5000 44 10014 261.329147904
5000 64 10183 267.054720768
5000 56 9996 268.565544192
5000 66 10075 271.82450380800003
5000 48 9916 262.088166912
5000 73 9924 257.85549081600004
5000 72 10075 262.922280192
5000 70 10104 269.68744704
5000 56 10008 260.256995328
5000 40 9967 258.293688576
5000 50 9975 262.34533248
5000 48 9926 258.178812672
5000 56 10131 263.021248512
5000 74 10039 265.03137408000003
5000 62 10065 265.135698432
5000 59 10061 268.057675776
5000 67 10105 282.54403584000005
5000 46 9837 262.817820672
5000 81 9878 256.286409984
5000 42 9829 259.722456576
5000 68 9938 261.82366848000004
5000 54 9983 258.751713792
5000 59 10048 269.448943104
5000 57 9984 265.794127104
5000 48 9981 261.419870976
5000 56 9863 264.1704384
5000 82 10024 269.62026854400006
5000 58 10093 262.61177395199996
5000 69 10107 268.93958784000006
5000 50 10267 276.20911718400004
5000 54 10246 258.908863488
5000 50 9941 265.594931712
5000 54 9920 267.022914048
5000 46 9997 259.424064768
5000 54 10012 263.83036416
5000 66 9964 269.563971072
5000 60 10025 270.30746265600004
5000 61 10119 260.180819712
5000 76 10088 260.588587776
5000 63 10026 255.523977984
5000 58 10211 277.911820032
5000 54 10023 268.302971904
5000 42 9927 256.78920115200003
5000 48 10084 269.484348672
5000 51 10152 265.53459609600003
5000 54 10015 267.886916352
5000 67 10032 271.99942809600003
5000 52 9948 260.669519616
5000 54 10062 266.171972352
5000 69 9974 264.208310784
5000 62 10119 277.23265152
5000 40 10027 264.615504384
5000 74 9995 260.390499072
5000 68 10177 272.32955904000005
5000 63 9913 268.386700032
5000 66 9991 277.59760512
5000 72 9792 250.77757056000002
5000 46 9982 254.126290176
5000 52 9956 262.200001536
5000 50 9936 262.691303424
5000 55 10122 260.403610368
5000 76 10043 265.179450624
5000 58 10019 259.347872256
5000 30 9930 252.030172416
5000 65 10022 259.07435136000004
5000 76 10128 267.492622848
5000 52 9958 266.426088192
5000 66 10146 277.20202752
5000 48 10104 271.92680064
5000 48 9959 273.108827904
5000 58 10037 274.781286912
5000 60 10085 269.686543104
5000 48 10032 266.885397504
5000 68 10017 263.96908032
5000 70 10050 265.274304768
5000 68 9987 264.70975872
5000 36 9902 256.022224128
5000 47 9965 265.37447270399997
5000 66 10104 273.887970048
5000 72 9936 266.254610688
5000 42 10050 267.203557632
5000 63 9907 259.30054656
5000 54 9944 264.878921472
5000 46 9997 265.00113024
5000 64 9944 254.46722611200002
5000 71 10034 264.904121856
5000 84 10084 273.85915392000004
5000 62 10197 272.860000512
5000 62 10023 272.616824832
5000 58 9826 268.0567296
5000 54 9983 256.064726016
5000 66 10167 269.47567257599997
5000 90 10028 282.267608832
5000 67 10026 275.20930483200004
5000 61 10144 268.360164864
5000 52 10070 260.262959616
5000 56 9888 261.879670272
5000 60 9866 258.41043993600005
5000 72 9980 262.385181696
6000 100 12206 322.137623808
6000 88 11981 314.26023552
6000 92 12149 320.97701222399996
6000 102 11834 321.115255296
6000 76 11968 306.13886899199997
6000 90 12210 325.281927168
6000 74 12000 314.993513472
6000 82 12037 311.175879168
6000 91 12126 317.913750528
6000 100 12030 320.65495756800004
6000 84 12072 325.36068787199997
6000 77 11979 302.92293504
6000 83 11792 312.083109888
6000 81 11945 319.916729088
6000 84 11878 308.752916736
6000 80 12004 313.649926656
6000 82 11912 315.458660352
6000 105 11967 319.93512883200003
6000 92 12078 331.401235968
6000 84 12236 314.141152512
6000 63 12177 323.016342528
6000 92 12071 309.93926937599997
6000 73 11940 319.19323392
6000 77 11967 314.62430208
6000 89 12085 326.034289152
6000 102 12182 319.391457792
6000 80 11874 316.210422528
6000 79 12106 314.546757888
6000 90 11991 309.23980032
6000 78 12080 321.820342272
6000 56 12117 329.16178944
6000 98 12092 321.172532736
6000 97 12136 326.39489203200003
6000 77 12069 311.92765824
6000 98 12260 321.915289344
6000 75 12010 307.297596672
6000 97 11918 311.37841152
6000 103 11927 322.227831552
6000 80 11974 314.627588352
6000 92 12098 326.50884710400004
6000 73 12017 316.344289536
6000 78 12163 321.542056704
6000 83 12268 319.57031040000004
6000 73 12004 318.467415552
6000 60 11875 315.045536256
6000 84 12085 319.563940608
6000 87 12246 317.88223104
6000 84 12142 316.60672665600003
6000 74 12240 329.240068608
6000 78 12077 317.889470976
6000 70 11986 315.750217728
6000 73 12019 329.32834176
6000 109 12155 334.715361024
6000 102 12191 327.7091136
6000 107 11960 318.10883174400004
6000 68 12043 319.48399718400003
6000 103 12168 310.872486144
6000 90 11923 319.708021248
6000 96 12023 321.73720550400003
6000 88 11916 322.70211072
6000 78 12020 315.895185408
6000 90 12119 315.657019392
6000 80 12009 322.516204032
6000 96 12000 320.87459712000003
6000 96 12217 320.92868121600003
6000 90 12087 322.109584896
6000 102 11974 324.74226892800004
6000 67 12133 324.584291328
6000 70 11975 310.616790528
6000 84 12060 317.63331916799996
6000 53 11858 299.707431936
6000 74 11859 311.040381696
6000 80 12085 320.71285171200003
6000 81 12083 320.831909376
6000 90 12129 318.912473088
6000 78 12065 318.47012736
6000 100 12036 322.87684915200003
6000 80 12069 318.87688166400005
6000 90 11761 306.79173887999997
6000 83 12226 323.75691110400004
6000 82 12046 314.635799808
6000 96 12196 332.04728832
6000 95 11959 311.644033536
6000 79 11914 306.597967104
6000 105 12077 331.18859136000003
6000 84 12118 317.901044736
6000 73 12035 312.578120448
6000 94 11998 324.316852992
6000 88 11987 307.8632832
6000 113 12110 319.39403443199996
6000 68 11969 312.416510208
6000 79 11994 314.424194304
6000 74 12093 311.850815232
6000 78 12091 311.8697472
6000 104 12233 324.548226816
6000 79 12088 331.96992998400003
6000 74 12010 312.715332864
6000 69 11933 319.602193152
6000 99 11979 313.84933324800005
6000 79 12081 320.809530624
7000 108 13856 373.595895552
7000 102 13928 372.373529088
7000 105 13914 381.280618752
7000 125 13997 362.13234816000005
7000 123 14147 361.654512384
7000 114 14045 363.91316121600005
7000 123 14005 371.98723584000004
7000 96 13992 370.40146176
7000 91 13958 359.178479616
7000 109 14085 370.735014144
7000 120 14017 370.169445888
7000 138 13973 372.729206784
7000 124 13886 365.849054208
7000 140 14190 382.337564928
7000 146 13962 372.251142912
7000 108 14188 374.443390464
7000 102 14006 385.20318566400005
7000 137 14109 374.113208832
7000 119 14136 362.23643596799997
7000 97 13987 360.181138944
7000 128 14081 370.23154713599996
7000 116 14085 378.680763648
7000 107 14187 361.88718719999997
7000 124 14241 369.59493119999996
7000 118 14037 370.852213248
7000 144 14108 381.556133376
7000 110 14090 364.494518784
7000 88 14260 361.450687488
7000 106 14022 364.710576384
7000 145 14192 383.848827648
7000 102 13861 366.920260608
7000 126 14114 374.51671065600004
7000 114 13852 367.089786624
7000 93 14113 365.551456512
7000 130 13942 368.741032704
7000 105 14188 365.09037312
7000 124 14018 369.706503936
7000 134 14027 369.799871232
7000 118 14044 370.932562176
7000 98 14058 370.913275392
7000 117 14067 383.512259328
7000 118 14014 360.87553075200003
7000 115 14087 366.638072064
7000 110 14074 372.428196096
7000 106 14171 373.29431040000003
7000 118 14082 376.865837568
7000 117 14039 365.35917158399997
7000 112 14104 370.785220608
7000 121 13953 360.479547648
7000 96 13886 373.77934387199997
7000 97 13937 361.432786176
7000 115 13992 367.349064192
7000 98 13951 361.67319936
7000 81 14023 370.134412032
7000 107 14049 368.231018496
7000 122 14134 376.783097856
7000 122 14145 368.039130624
7000 153 14266 379.139582976
7000 125 13991 380.396400384
7000 110 14091 373.107220992
7000 125 13883 366.842792448
7000 111 13996 373.12977715200003
7000 108 13817 362.731852032
7000 81 13988 362.352908544
7000 106 14041 372.46447180800004
7000 124 14040 368.186379264
7000 74 13918 353.77909248000003
7000 119 14195 378.55633305599997
7000 85 14110 361.03976832
7000 140 14160 369.819791616
7000 112 14123 378.263998464
7000 114 14032 379.91826048
7000 124 14132 369.72955007999997
7000 126 14150 381.32510592
7000 136 14149 378.60927667199996
7000 120 13960 372.573180672
7000 130 14129 392.621382912
7000 94 13883 361.26347136000004
7000 101 13930 361.970323968
7000 94 14064 379.44619468800005
7000 104 13970 376.424530944
7000 107 13915 372.4144512
7000 118 13915 378.600955392
7000 138 14119 370.25708544
7000 83 14130 362.14620288
7000 127 14158 376.389015552
7000 118 13869 368.29727616
7000 84 13749 351.710405376
7000 140 14180 374.724869376
7000 120 13979 374.405408256
7000 105 14165 371.469990144
7000 132 14175 375.834843648
7000 144 14122 387.551645184
7000 128 14104 372.56529868800004
7000 95 14153 376.873119744
7000 118 13974 368.52334464
7000 125 14000 361.61807616000004
7000 141 14141 383.718829824
7000 121 14213 383.00437401600004
7000 116 13979 368.42381875200005
8000 120 15915 427.18624819200005
8000 148 16164 417.707659776
8000 144 15873 417.32701824000003
8000 146 16056 425.79163545600005
8000 140 16134 434.4652224
8000 164 15957 416.452244736
8000 144 15981 414.72745881599997
8000 166 15958 435.16709068800003
8000 131 16051 415.36558694400003
8000 144 16085 425.69728819200003
8000 138 16081 422.980428288
8000 114 16236 425.534216448
8000 167 16087 426.37769856
8000 135 16058 427.93001856
8000 128 16171 428.29730380800004
8000 151 16413 427.74315724800005
8000 153 16043 427.402880256
8000 166 16101 426.957763584
8000 134 15984 416.15990169599996
8000 160 16139 426.89540889600005
8000 162 15981 434.38120704000005
8000 148 16217 423.146321664
8000 147 16105 427.855110144
8000 160 16006 429.871436544
8000 132 16064 428.147013888
8000 125 15907 408.709500672
8000 184 16029 426.73483776
8000 165 16225 432.44531404800006
8000 139 15956 414.392723712
8000 158 16106 432.77249664
8000 186 16002 426.48420249599997
8000 155 16076 420.76343654400006
8000 154 16000 413.34036480000003
8000 132 15829 414.550726656
8000 123 16102 414.89547264
8000 129 16242 427.14856166400006
8000 151 15912 424.907087616
8000 141 16068 422.390605824
8000 152 16089 407.31259008
8000 144 16047 418.8700032
8000 149 16013 422.361865728
8000 127 15903 418.504534272
8000 179 16183 441.76323840000003
8000 155 15943 413.704836864
8000 163 16018 440.049358848
8000 150 16025 411.877627392
8000 133 16200 413.13596544
8000 118 16305 427.77381504000004
8000 160 15871 417.78181632
8000 147 16104 428.07350784000005
8000 165 16089 427.49694028799996
8000 170 15954 427.402077696
8000 167 16050 421.61146368
8000 157 15999 432.80785152
8000 154 16084 438.542134272
8000 153 16085 427.412206848
8000 113 16231 419.56298419200004
8000 130 16142 417.514935552
8000 140 15879 417.353789952
8000 164 16151 432.611004672
8000 123 16025 426.88145280000003
8000 182 16152 428.740570368
8000 174 16139 432.673494528
8000 144 16300 426.394417152
8000 135 15967 410.648350464
8000 179 16265 427.582898688
8000 151 16119 431.41613644800003
8000 168 16077 417.96853401600004
8000 125 16009 412.39209369599996
8000 132 16135 430.78687872
8000 138 16084 429.094676736
8000 153 15947 413.28102604800006
8000 146 16130 446.182319616
8000 143 15926 414.69701222400005
8000 132 15833 426.99412377600004
8000 146 16232 423.24891417599997
8000 116 16006 420.30460032
8000 140 16147 422.707819776
8000 142 16115 420.331752192
8000 145 15990 427.240796928
8000 142 16090 408.966218496
8000 162 16323 433.213448448
8000 169 16172 433.4751168
8000 171 16146 440.808563712
8000 146 15997 415.0728384
8000 150 16005 426.25516032
500 0 998 26.26664832
500 0 1007 23.889651456
500 0 1031 25.364942592
500 0 1006 24.582995712000002
500 0 964 20.310360576
500 0 967 23.094703104
8000 163 16036 423.57773568
500 0 990 25.488342528
500 0 985 26.989383168
500 0 1032 24.942728448
500 0 992 25.450816512000003
500 0 1004 26.435802624
500 0 1017 27.624064512
500 0 1007 25.432501248
500 0 1015 24.668945664000002
500 0 1004 22.417688832000003
500 0 1069 26.795543808
500 0 989 24.893831424000002
500 0 991 25.759641600000002
500 0 1011 24.040372224
500 0 979 25.412352767999998
500 0 969 26.588314368000002
500 0 1018 27.3480768
8000 180 16200 429.35624371200004
500 0 981 27.740604672000003
500 2 973 27.365293824000002
500 0 928 24.93655296
500 0 1005 29.297495039999998
500 0 1007 29.63043072
500 0 1019 27.807318528
500 0 1019 27.455188992000004
500 0 999 28.96730496
500 0 1023 26.241912576
500 0 1009 26.029622784
500 0 986 24.63588864
500 0 1055 27.613335552000002
500 0 1021 26.242960128000004
500 0 939 26.261731584
500 0 990 22.104225792
500 0 999 28.412499456
500 0 1035 28.157386752
500 0 958 21.723829248
500 0 990 23.776000512000003
500 0 1023 24.418555392000002
500 0 970 24.953246208
500 0 1027 25.119950592
500 0 991 25.895434752
500 0 1042 28.82360448
500 0 1023 27.996046848000002
500 0 1026 30.12544128
500 0 1045 25.887316224
500 0 1018 27.675588864
500 0 1099 28.35938688
500 0 1032 27.25447296
500 0 944 23.93960448
500 0 1030 28.018349568
500 0 1046 28.796553984000003
500 0 1003 24.856271616
500 0 1017 26.689090560000004
500 0 1037 24.389266176
500 0 1012 27.181575168000002
500 0 962 24.284485632
500 0 1001 28.123848192
500 0 987 27.597267456
500 0 1017 26.4963072
500 0 980 23.326338816
500 0 1055 28.184268288
500 0 970 24.438686976
500 0 1008 31.676933376
500 0 974 26.970476544
8000 140 15872 421.216975872
500 2 989 25.096727039999998
500 0 1003 23.748688128
500 0 994 27.813375744
500 0 1017 30.433218816
500 0 983 25.244955648
500 0 930 24.577420032000003
500 0 975 24.960486144
500 0 980 25.365339648000003
500 0 980 26.470760448
500 0 1001 27.294533376
500 0 972 25.985346816
500 0 994 24.573508607999997
500 0 1032 25.859978496
500 0 1009 25.191462912000002
8000 138 15913 415.40274124800004
500 0 934 26.372138495999998
500 0 1065 31.287100416
500 0 978 25.520951808000003
500 0 1010 24.143953151999998
500 0 1030 23.567943168000003
500 0 958 27.620220672000002
500 2 1030 27.909192960000002
500 0 974 28.03494144
500 0 1016 27.080942592
500 0 972 26.138466816
500 0 1056 26.434062336
500 0 994 27.011010048
500 0 970 26.855406335999998
500 0 1013 26.537119488000002
500 0 932 23.806278144
500 0 974 28.052884992
500 0 986 25.190736384
500 0 1066 29.483190528
1000 0 2023 55.47258393600001
1000 0 1940 51.046845696000005
1000 0 1933 53.539909632
1000 0 2032 55.17097344
1000 2 2026 49.66722816
1000 0 1960 51.233707008
1000 2 1963 52.134390528000004
8000 149 16053 433.7454528
1000 0 2085 53.901475583999996
8000 165 15988 418.298267904
1000 0 2010 51.188729856
1000 2 2052 50.05431552
1000 0 1974 53.553747456
1000 0 1988 52.21121664
1000 0 1955 57.548375807999996
1000 0 2004 52.344509184
1000 0 1956 49.207564032
1000 0 1919 47.455533312
1000 0 2008 50.509755648
1000 0 1971 49.132224768
1000 0 1941 52.469193216
1000 0 2042 54.453121536
1000 0 1988 51.115071744000005
1000 2 1980 51.893875968
1000 0 1934 51.314165759999995
1000 0 1949 49.977768192
8000 168 15993 414.210576384
1000 0 2047 55.962922752000004
1000 0 1966 51.538874112
1000 0 2006 55.73036620800001
8000 188 16161 418.67754086400004
8000 127 16070 413.228057088
1000 0 2025 49.822147584
1000 0 1937 52.040051712
1000 0 1968 52.669064448
8000 151 16118 433.477338624
1000 0 2070 57.105252864
1000 0 1968 55.415424768
1000 0 2111 55.693668096
1000 0 2019 54.514631424
8000 174 16255 444.33062784000003
1000 0 1933 48.442403328000005
1000 0 2084 52.038117119999995
1000 0 2026 58.90486272
8000 154 16068 424.763674368
1000 0 1952 52.110533376
1000 0 2086 61.012680960000004
1000 0 1988 55.248576768
1000 0 2028 53.803808256
1000 0 1992 52.076842752000005
1000 0 2024 52.188398592
1000 0 2063 54.50020224
1000 0 1976 52.716804096000004
1000 2 1961 50.961563136
1000 0 2036 58.478821632
1000 0 1999 53.715138048
8000 161 15971 414.751239936
1000 0 2022 50.09520384
8000 146 16037 431.35766784000003
1000 0 1992 47.775146496
1000 0 1967 50.27810304
1000 0 2021 49.449083904
1000 0 2073 57.661604352
1000 0 1895 48.05201280000001
1000 0 1996 50.510777856
1000 0 1958 52.110541824
1000 0 2056 56.553505535999996
1000 2 1945 52.916252928000006
1000 0 2037 52.374339072000005
1000 0 2063 54.900350208000006
1000 0 2019 55.857272064
1000 0 2107 55.87595904
1000 0 1968 50.07083136
1000 0 2034 51.53064576
1000 0 1921 52.521013248
1000 0 2014 52.196018688
1000 0 1919 50.013308928
1000 0 1911 51.400132608
1000 0 2000 53.054597376000004
1000 0 2000 52.666977792000004
1000 0 1985 51.191069952
1000 0 1994 56.97284736
1000 0 2071 55.860406272
1000 0 2027 52.55256652800001
1000 0 1992 53.299420416000004
1000 0 2003 54.91187328
1000 0 1993 48.43939584
1000 0 2019 49.465515264
1000 0 2042 57.870759936000006
1000 0 1957 53.643059711999996
1000 0 1960 50.688270336
1000 0 1931 53.082112512
1000 0 1974 53.394004224
1000 0 2025 49.874727936000006
1000 0 2064 53.627912448
1000 0 1957 46.763515392
1000 0 2168 55.571814144
1000 0 1971 49.392026112
1000 0 1959 50.420527872
1000 2 2012 49.975208448
1000 0 1904 51.348870144
1000 0 2057 54.458967552000004
1000 0 1992 48.521332992
1000 0 1996 52.98265420800001
1000 0 1978 51.295639296000004
1000 0 1973 49.91657088
1000 0 1973 55.721183232
1000 0 1929 56.152090368
1000 0 2013 55.80976896
1000 0 2079 53.025916416
2000 0 3905 101.075361024
2000 2 3999 106.158083328
2000 0 4095 112.29746457600001
2000 0 3897 108.58476288
2000 0 3969 105.99263769599999
2000 2 4079 105.816750336
2000 2 4134 110.03850316799999
2000 0 3986 107.501213952
2000 0 3977 107.294398464
2000 0 3992 110.51690496
2000 0 4058 110.213190912
2000 0 4014 108.17330304000001
2000 0 4059 114.27393331200001
2000 0 4019 105.427719936
2000 0 3893 109.064845824
2000 0 3972 109.550698752
2000 0 4099 110.880946176
2000 0 4044 109.958694912
2000 0 3993 105.9630528
2000 0 4028 105.236879616
2000 0 4047 106.970121984
2000 0 4071 109.62094387200001
2000 0 3948 108.792862464
2000 2 4150 107.026748928
2000 0 3995 99.673863168
2000 0 4117 112.311167232
2000 4 4074 104.46863539200001
2000 0 4126 112.744507392
2000 0 4092 106.032174336
2000 2 3936 102.690627072
2000 0 4037 109.62368947200001
2000 2 3988 102.125624832
2000 0 4066 110.89557811200001
2000 0 4006 100.86405964800001
2000 0 4082 113.94814464
2000 0 3979 106.131869184
2000 2 3931 98.089964544
2000 0 3965 102.991435008
2000 0 4066 98.809379328
2000 0 4092 106.583279616
2000 0 3952 102.79777305600001
2000 2 4060 108.34664755200001
2000 0 4097 108.51933312
2000 0 4019 106.320301824
2000 0 3961 102.240999168
2000 0 4006 99.48894489599999
2000 0 4032 102.79374336
2000 0 3989 106.816968192
2000 0 3971 102.187455744
2000 4 4112 107.414233344
2000 0 3916 101.25575961599999
2000 2 3889 100.912027392
2000 0 4035 107.36765951999999
2000 2 3973 106.122728448
2000 2 3975 107.65877760000001
2000 0 4109 106.76646604800001
2000 0 4113 103.07379456
2000 0 3947 100.027386624
2000 2 4079 111.888209664
2000 0 3921 104.77617638400001
2000 0 4050 106.027105536
2000 0 4044 105.675618048
2000 0 3918 99.472893696
2000 0 3971 109.546998528
2000 0 3968 102.81000576000001
2000 0 4144 116.05663872
2000 0 4048 108.954295296
2000 4 3987 106.6747968
2000 0 3991 107.864156928
2000 2 4040 105.771849216
2000 4 4009 112.127161344
2000 0 3949 101.11263360000001
2000 4 3930 102.230760192
2000 2 3977 109.149917184
2000 0 3947 105.492169728
2000 0 3997 104.95036569599999
2000 0 3891 105.439859712
2000 0 3968 102.890489856
2000 2 4027 112.478074368
2000 2 4096 110.73206707199999
2000 0 4015 110.48018150400002
2000 0 4058 105.724329216
2000 0 4192 109.459899648
2000 2 3968 102.64016716799999
2000 4 4030 108.718562304
2000 2 3927 105.153666816
2000 0 4055 106.518322944
2000 2 4067 108.571862784
2000 0 3989 104.325298176
2000 0 3989 104.32289049600001
2000 0 4032 104.14228915199999
2000 0 3969 103.982689536
2000 0 4029 104.450505984
2000 0 3898 104.77834752
2000 0 4093 111.917524224
2000 0 4024 110.13188736
2000 2 4020 109.498844928
2000 2 3933 105.449465088
2000 0 3994 105.279161856
2000 0 4033 103.06752614400001
3000 2 6067 155.563389696
3000 2 5946 158.54556748800002
3000 0 6065 154.464777984
3000 0 6078 155.937652992
3000 4 6074 154.396940544
3000 2 6070 157.42603008
3000 0 5960 152.451585792
3000 2 5939 160.783113216
3000 0 6114 158.21473536000002
3000 0 5986 159.748714752
3000 2 5917 155.456497152
3000 0 6058 163.27327104
3000 0 5999 161.165334528
3000 2 6055 163.096800768
3000 0 6023 160.212585984
3000 4 5981 150.70606848
3000 2 6215 162.667312896
3000 0 6133 156.701217024
3000 0 6011 157.087282176
3000 2 6112 164.930126592
3000 4 6045 155.13172224000002
3000 0 6105 165.712555008
3000 2 6157 160.68364646400002
3000 0 6014 161.23565568
3000 0 5998 160.126973952
3000 0 5985 159.782025216
3000 0 6193 169.4117568
3000 2 6034 166.804813824
3000 4 6009 166.064557824
3000 4 5983 152.99388825600002
3000 0 5982 159.976430592
3000 0 5969 163.016257536
3000 2 5998 156.250000896
3000 4 5906 158.43581952000002
3000 4 6028 162.71136076800002
3000 0 6075 153.986460672
3000 2 6117 153.866904576
3000 2 5935 152.19975936
3000 2 6027 162.292103424
3000 2 6108 160.326802944
3000 0 6082 161.260670208
3000 2 6073 158.947202304
3000 0 5935 153.622858752
3000 2 6111 165.31642828800003
3000 0 5967 163.330818816
3000 4 6018 158.549943552
3000 0 6145 163.712499456
3000 0 6152 160.77866112
3000 6 5969 160.567562496
3000 0 5971 152.225213184
3000 0 5957 151.062168576
3000 0 6067 158.199562752
3000 2 6015 169.501069056
3000 0 6018 159.31289932800001
3000 4 5890 152.23029888
3000 2 6013 165.495998976
3000 0 5918 153.195305472
3000 0 6111 159.57852134400002
3000 4 6069 157.793323776
3000 6 6046 155.347644672
3000 0 6088 160.330511616
3000 2 6015 162.126387456
3000 2 6108 165.46512153600003
3000 0 6083 160.872966144
3000 4 6003 158.827832064
3000 0 5798 153.50294784
3000 0 6000 160.92924672
3000 0 6266 167.16151372800002
3000 0 6127 160.745468928
3000 6 6057 162.304336128
3000 2 5965 158.66641612799998
3000 2 5935 155.901977088
3000 4 6058 156.98600755200002
3000 2 6089 165.96952627200002
3000 2 6035 158.03665152000002
3000 0 6089 156.631884288
3000 4 5929 163.22089344
3000 2 5982 159.354024192
3000 0 5943 154.00638105599998
3000 0 5888 162.552800256
3000 0 5900 163.01742336
3000 4 5998 163.68645427200002
3000 2 6077 160.313142528
3000 0 6111 163.96452864000003
3000 0 6126 160.89284428800002
3000 2 5988 156.49975756799998
3000 2 6049 162.09047500800003
3000 2 5947 156.392974848
3000 0 5946 158.470515456
3000 0 5957 165.268316928
3000 0 5997 157.23641472
3000 2 5920 151.71372057600001
3000 2 5860 164.087092224
3000 0 6024 161.84611660800002
3000 0 6167 161.43025536000002
3000 4 6001 158.16250137600002
3000 0 5993 159.153460224
3000 2 6072 160.89528575999998
3000 6 5981 164.374400256
3000 6 6059 166.72812288
4000 2 8042 210.833703168
4000 0 8027 209.152424448
4000 2 7935 208.303628544
4000 4 7945 214.96476672
4000 0 8162 214.22927539199998
4000 0 7814 208.165917696
4000 2 7906 203.251479552
4000 2 7976 205.841577216
4000 0 7991 210.489624576
4000 4 8137 211.3339008
4000 2 8085 214.19280537600002
4000 2 7954 206.480077056
4000 8 8122 219.886334976
4000 2 8068 210.27006950400002
4000 4 8055 215.564608512
4000 4 7954 210.15679027200002
4000 0 7919 213.50665881600003
4000 0 7982 203.76083481600003
4000 4 8001 204.249044736
4000 4 7979 203.83064064
4000 2 8113 222.086996736
4000 2 8067 212.05152460800002
4000 0 7994 210.454582272
4000 4 7892 213.14118144
4000 0 7865 209.88087859200002
4000 6 8152 211.321769472
4000 4 8056 214.110428928
4000 4 7992 215.90540083200003
4000 4 7873 215.96120832
4000 6 8045 219.40434278400002
4000 2 8013 210.57353011200001
4000 0 8002 212.065632768
4000 2 8007 219.96850867199998
4000 6 8110 224.219483136
4000 0 8045 212.813094912
4000 4 8037 210.07866316800002
4000 0 8113 218.62950912
4000 6 8171 211.60064640000002
4000 2 7913 212.998883328
4000 4 7990 208.330864896
4000 2 7940 205.22696832
4000 2 7961 204.780254976
4000 0 8014 213.444160512
4000 2 7836 210.543066624
4000 4 8002 204.36625228800003
4000 6 7937 207.997557504
4000 4 7934 212.43951590400002
4000 4 8094 215.27474918400003
4000 0 8080 211.931030784
4000 2 7936 213.044595456
4000 6 7980 200.193050112
4000 6 8165 214.58752972800002
4000 4 8018 211.479747072
4000 6 8088 214.08321792
4000 2 8074 216.405463296
4000 4 8058 204.709257984
4000 4 8091 210.04363776
4000 4 8025 215.0165952
4000 0 8030 213.139424256
4000 4 7825 205.663375104
4000 2 8001 213.688307712
4000 2 8061 216.478910208
4000 0 7974 213.472199424
4000 0 7932 208.13768448000002
4000 4 8093 213.616322304
4000 6 7898 212.693699328
4000 0 8054 199.531056384
4000 2 8096 217.71683788800001
4000 2 7797 204.836315904
4000 2 7828 200.744391936
4000 4 7930 199.44034176
4000 4 7950 203.12189568
4000 4 7821 205.39711104
4000 2 8093 217.33983744
4000 6 7875 209.155524864
4000 6 8059 215.331638016
4000 0 8032 206.655634944
4000 0 8144 215.150436864
4000 8 8121 212.98503705599998
4000 0 7985 208.20070656000001
4000 2 8071 212.279798016
4000 2 8049 207.38569420800002
4000 0 7969 206.440160256
4000 2 8014 215.288342016
4000 2 8064 207.85592678400002
4000 2 7990 210.283332864
4000 4 7944 206.783098368
4000 6 7925 217.28492544
4000 2 8046 207.450203136
4000 4 8085 207.818451456
4000 0 7932 210.01437388800002
4000 4 8048 216.84589132800002
4000 4 8076 200.989130496
4000 4 7995 225.540167424
4000 2 8015 223.974660096
4000 6 8076 213.408535296
4000 6 7948 208.314779904
4000 4 8013 213.35622528
4000 2 8064 205.13425152000002
4000 2 8067 210.01051315200002
5000 4 10089 274.127487744
5000 2 10098 278.7721728
5000 4 9902 265.668496896
5000 4 10001 270.016268544
5000 2 10056 266.529060864
5000 6 9927 260.42277888
5000 4 10001 269.695312128
5000 4 9744 255.971113728
5000 2 10034 257.1098112
5000 2 10052 266.514741504
5000 0 10031 262.47315072
5000 2 9833 258.854044416
5000 8 10145 268.78465996799997
5000 0 9912 258.02699366400003
5000 6 10023 262.66120320000005
5000 4 9826 254.35356672
5000 2 10196 269.103293184
5000 4 10049 281.900737536
5000 2 9897 261.627286272
5000 0 10131 267.119271936
5000 4 9995 258.764242176
5000 2 10136 262.00462464000003
5000 2 9947 264.474042624
5000 0 10112 264.62037888
5000 4 9976 257.934834432
5000 4 10190 283.609472256
5000 4 10161 277.06930099199997
5000 4 10081 270.07791360000004
5000 4 10119 273.62123289600004
5000 4 10113 278.510267904
5000 6 10216 271.85206118400004
5000 6 10044 261.765284352
5000 10 10053 268.808719872
5000 10 9958 272.755296
5000 6 10171 266.168373504
5000 6 10054 260.95284864
5000 4 9956 252.54142003200002
5000 6 10041 270.363388416
5000 4 10134 262.381591296
5000 0 10059 265.864659456
5000 2 9956 258.736718592
5000 4 9958 271.801060608
5000 2 10042 262.664168448
5000 6 9880 261.922231296
5000 4 9844 259.291160832
5000 8 10035 270.22435968
5000 6 10177 272.562782976
5000 6 9935 273.883222272
5000 4 9908 262.66759833599997
5000 6 10047 258.8547456
5000 14 10034 261.42914688
5000 2 9999 261.41901772800003
5000 2 9918 267.20678476800003
5000 6 10015 279.841926144
5000 8 10028 261.938147328
5000 8 10103 259.414924032
5000 2 10156 261.507535872
5000 2 10028 252.281044224
5000 2 10131 269.06112921600004
5000 4 10114 269.494866432
5000 8 10119 271.80917913599995
5000 4 10038 262.032401664
5000 6 9941 267.264873216
5000 12 10127 267.73269811200004
5000 0 10009 269.507487744
5000 12 9886 266.834633472
5000 4 10003 263.997778176
5000 0 9899 263.014135296
5000 2 9899 254.59990195199998
5000 8 10005 271.640717568
5000 4 9954 253.970627328
5000 4 10086 275.84464512
5000 8 10052 269.50917734399997
5000 0 10022 254.564183808
5000 6 10023 259.147857408
5000 6 10137 262.51395456
5000 4 10001 268.6915968
5000 2 9970 268.823436288
5000 8 9962 264.664063488
5000 2 9840 260.814740736
5000 4 9843 259.291304448
5000 8 9955 254.14093056000002
5000 4 9911 253.23168076800002
5000 4 10141 277.29811507200003
5000 4 10247 278.883804672
5000 8 9826 264.655083264
5000 4 10106 260.72316441600003
5000 4 9825 263.850630912
5000 6 10071 258.965634048
5000 6 9998 264.66219648000003
5000 6 10239 277.321296384
5000 6 10103 263.14179302400004
5000 4 10081 255.744842496
5000 0 9943 257.51878732800003
5000 0 10063 257.458096896
5000 0 10125 264.637114368
5000 2 10052 254.322908928
5000 2 9965 260.32933555200003
5000 4 10068 266.111391744
5000 6 9966 259.14582144
6000 8 12138 326.407775232
6000 12 11886 320.63754624
6000 4 11983 318.10318848000003
6000 4 12233 338.150976768
6000 4 12018 315.223932672
6000 2 12017 324.18116966400004
6000 4 11993 314.61965568
6000 10 12004 317.157367296
6000 12 12160 330.99424512
6000 8 12052 324.018638592
6000 6 11949 316.746000384
6000 8 12130 316.86090163200004
6000 6 12087 318.60711168
6000 10 11981 313.86181939200003
6000 4 12081 311.483513088
6000 4 12074 309.00251289600004
6000 6 12100 324.970263552
6000 6 12016 322.58092416000005
6000 8 12091 319.384006656
6000 8 12177 315.90087936000003
6000 4 11847 310.885039872
6000 10 11931 317.613339648
6000 8 11953 313.079390976
6000 6 11928 319.42956672
6000 14 12011 313.227442176
6000 2 12106 322.199868672
6000 8 12200 328.363554816
6000 12 12187 336.83983027200003
6000 8 12056 310.549164288
6000 6 12095 313.986571008
6000 4 12016 325.092159744
6000 2 12044 334.677927936
6000 4 12208 318.806112768
6000 2 12038 305.46611251200005
6000 16 11970 310.425232128
6000 10 12057 305.327776512
6000 4 12248 327.573328896
6000 0 12067 315.756046848
6000 12 12111 325.188813312
6000 4 12098 315.832349184
6000 6 12011 326.16222566400006
6000 10 12012 320.371738368
6000 12 12192 329.572480512
6000 16 12109 315.28992
6000 0 11810 313.070875392
6000 6 12144 322.629643776
6000 2 11982 310.924846848
6000 6 12190 322.96407475200004
6000 2 11997 318.736509696
6000 18 12100 319.745276928
6000 2 12073 310.95286886400004
6000 6 12047 326.04339609600004
6000 4 12192 316.032296448
6000 4 11977 313.26114969599996
6000 8 11784 303.00491443199996
6000 2 12222 321.556384512
6000 8 12117 326.21243212800005
6000 6 11820 312.48796339200004
6000 6 11831 314.315705088
6000 8 12080 311.05796198400003
6000 2 11971 317.126751744
6000 2 12001 314.953064448
6000 0 11861 302.361202176
6000 10 12151 309.265135872
6000 4 12026 305.36866483200004
6000 4 12067 319.381083648
6000 8 12133 325.574354688
6000 6 11958 316.569057024
6000 8 12109 320.24729088
6000 6 12187 307.430356992
6000 4 12153 324.495975936
6000 4 12244 320.463230208
6000 4 12110 316.959320832
6000 8 12069 306.185991936
6000 8 11783 317.17030118400004
6000 10 11951 311.018982912
6000 6 12122 321.081133824
6000 2 12232 314.57184
6000 0 11929 319.66733568
6000 6 12017 309.162746112
6000 2 12124 322.555858944
6000 12 12097 324.908331264
6000 2 12241 327.627953664
6000 8 12068 320.3948352
6000 2 12021 311.077865472
6000 6 11825 324.46630656
6000 4 12025 315.83793331199996
6000 0 11951 308.18157004799997
6000 6 12038 324.365006592
6000 4 12132 323.8760448
6000 10 12117 317.654320896
6000 12 12085 311.64097536
6000 4 11901 314.208863232
6000 7 12114 323.286433536
6000 8 12099 325.025826048
6000 8 11876 317.722825728
6000 8 12052 319.268404224
6000 4 12151 325.90914892800004
6000 4 12015 330.20351232
6000 10 12067 327.68150553600003
7000 6 14124 369.897893376
7000 4 13912 366.748242432
7000 4 14007 360.633951744
7000 6 13978 366.694344192
7000 8 13960 375.878756352
7000 8 14119 377.566835712
7000 4 14016 357.36175411199997
7000 2 14090 371.65662336
7000 10 14027 378.13279257600004
7000 2 13796 365.265010176
7000 10 14152 381.901715712
7000 6 13875 356.35305446399997
7000 6 13979 377.226862848
7000 8 14302 373.52523648000005
7000 16 14030 381.113998848
7000 6 14157 367.177476864
7000 8 14284 383.940370176
7000 6 13974 371.212098048
7000 8 14095 360.71959756800004
7000 8 14089 380.132527104
7000 4 13981 368.27624063999997
7000 12 14149 386.25911808
7000 6 13886 378.916471296
7000 14 13909 364.131634944
7000 2 13929 369.55898496
7000 8 14309 376.759494144
7000 4 14169 379.998203904
7000 4 14127 357.725651712
7000 10 13894 366.795331584
7000 4 14037 377.00794137599996
7000 4 14106 379.631121408
7000 4 14012 365.49460992
7000 8 14104 367.90048204799996
7000 6 14050 374.14966195200003
7000 12 14124 370.459989504
7000 8 14029 363.214224384
7000 10 13920 366.296139264
7000 4 13994 360.261910272
7000 8 14097 372.685919232
7000 4 13950 378.55282713599996
7000 8 14083 371.20431744
7000 0 13980 375.79580544
7000 16 14011 368.336365056
7000 6 13967 377.66418201600004
7000 12 14171 388.01549107200003
7000 4 14029 364.639824384
7000 6 14201 378.238139136
7000 4 13916 375.3254208
7000 14 14071 357.68254156800003
7000 4 14184 379.246712064
7000 2 14281 379.325303808
7000 12 14222 374.53914854400006
7000 4 14171 382.16460057600005
7000 2 14046 364.02668544
7000 6 13980 370.633638144
7000 10 14207 379.316264448
7000 10 14042 372.433180416
7000 6 13980 368.647411968
7000 10 14119 370.87581695999995
7000 8 14045 357.810934272
7000 14 13984 369.453697536
7000 8 14035 375.139801344
7000 6 13849 369.968873472
7000 12 14276 385.456313088
7000 8 14098 367.83945369599996
7000 8 14107 372.30331775999997
7000 4 14018 377.00960563200005
7000 2 14140 380.330294784
7000 12 14082 361.839320832
7000 4 13971 365.98210176
7000 8 14118 361.958209536
7000 14 14129 370.01864064
7000 18 13962 373.03060608
7000 10 14170 385.420873728
7000 8 13868 362.43075686400005
7000 6 14010 370.90410931200006
7000 8 13918 358.65799833600005
7000 6 13885 363.06711936
7000 12 13989 359.923525632
7000 12 13858 362.050123776
7000 6 13763 363.44961945600005
7000 8 13990 370.834320384
7000 10 14096 373.225645056
7000 8 14189 366.75496704
7000 8 14027 376.056037632
7000 12 14255 372.37540454400005
7000 4 14100 380.56313856
7000 12 14214 373.25667456
7000 4 14263 368.310083328
7000 0 13996 377.78643302399996
7000 6 14236 370.58930304
7000 16 13833 362.386861056
7000 10 14264 373.474658304
7000 4 14018 360.51834086400004
7000 8 14038 369.991742208
7000 12 13823 356.409571584
7000 6 13778 368.20367232
7000 4 14209 378.28673203200003
7000 6 14060 365.296326912
7000 6 14021 373.24725504
8000 16 16094 420.14683392
8000 14 16150 425.303053824
8000 20 16192 429.031561728
8000 6 16230 437.456557824
8000 14 16030 416.92767283200004
8000 10 15838 421.904364288
8000 12 16210 431.141677824
8000 14 16063 428.05122201600005
8000 14 16139 417.38459136
8000 14 16183 431.564483328
8000 8 16176 432.017355264
8000 14 16221 427.977792
8000 14 16218 435.791676672
8000 14 16130 423.93479040000005
8000 14 16035 430.58378880000004
8000 8 16029 423.246379776
8000 6 16053 428.192396544
8000 18 16151 433.97455411199996
8000 12 16417 430.24352870399997
8000 14 16060 430.361107968
8000 8 15951 420.5944512
8000 18 16080 421.158684672
8000 20 16110 428.473951488
8000 12 16020 416.112390144
8000 14 16211 430.539571968
8000 12 16129 421.48195584
8000 16 16252 445.266226944
8000 8 15994 419.778019584
8000 22 15870 423.00883046399997
8000 18 16108 437.27125094400003
8000 10 16048 423.02625024
8000 12 16039 428.03827968
8000 6 16239 418.14245299199996
8000 4 16044 412.460218368
8000 8 16101 426.553915392
8000 6 16031 423.191721216
8000 6 16164 416.092790784
8000 14 16043 411.38967936
8000 6 16149 430.62087551999997
8000 16 16167 420.385557504
8000 6 15881 420.054015744
8000 6 16023 412.355251968
8000 8 16188 424.64345088
8000 14 15959 420.245438976
8000 6 16068 411.035564544
8000 12 16021 425.1483456
8000 12 15870 421.282042368
8000 12 16077 413.714425344
8000 12 16214 431.38104345600004
8000 14 16082 430.04780544
8000 8 16247 432.978940416
8000 12 16200 443.090486784
8000 12 16085 423.20999424
8000 12 15876 413.326856448
8000 6 15902 417.0614976
8000 14 16285 441.364923648
8000 6 15894 426.886639872
8000 8 15953 429.04650624
8000 2 16036 425.25119155199997
8000 12 16124 431.582646528
8000 14 16185 419.169155328
8000 16 16091 435.46216243199996
8000 12 15754 422.905038336
8000 8 15914 431.340577536
8000 12 16083 414.419698176
8000 18 15932 419.668128
8000 12 15967 419.232616704
8000 6 16055 420.894794496
8000 8 16000 412.326190848
8000 8 15951 429.44375654400005
8000 16 16145 430.384280832
8000 18 16117 440.023364352
8000 16 15991 424.558810368
8000 12 16106 433.26662016
8000 16 16091 438.971486976
8000 10 16022 432.76502016
8000 4 15939 430.08666624
8000 8 16027 435.944027904
8000 10 16263 424.96671360000005
8000 10 15714 417.61164825599997
8000 20 16175 417.01423104
8000 14 16056 425.579624448
8000 18 16171 428.02238054400004
8000 8 16129 431.68872806400003
8000 6 16050 429.065970432
8000 4 15986 421.08042240000003
8000 14 15935 418.33260057600006
8000 4 15963 429.31733222400004
8000 12 16050 409.16016768000003
8000 8 16006 429.48778752
8000 8 16136 439.0871232
8000 8 16207 433.171943424
8000 14 16126 431.87852928
8000 6 16058 421.34298624
8000 16 16009 421.737262848
8000 8 16207 435.026558208
8000 14 16244 422.861615616
8000 2 16044 420.708507648
500 2 961 26.278669824000003
500 0 974 25.251511296
500 0 968 24.167945472
500 0 973 24.784522752
500 0 964 22.495249920000003
500 4 976 22.441115136
500 2 995 30.632312832000004
500 0 997 25.619345664
500 0 1005 25.236135936
500 2 1012 27.012834815999998
500 0 1017 25.661627904
500 2 1016 26.722637568
500 0 1016 27.325867008000003
500 0 1015 27.93111552
500 0 1044 27.46229376
500 2 1055 28.231678464
500 4 1073 27.654849024
500 0 989 25.515967488
500 0 999 23.473764864
500 0 1028 30.389263872
500 0 1038 26.588618496
500 0 978 27.356710656
500 0 1044 25.851783936
500 0 1034 30.09828096
500 4 994 28.75479552
500 0 1002 24.791644416
500 0 977 28.030725888
500 4 957 24.573576192
500 2 1023 26.69415936
500 2 1030 27.299678208
500 2 1000 27.416792832000002
500 2 1034 25.803300864
500 0 1006 27.413430528
500 0 1058 29.451054336
500 6 969 28.030945536
500 0 967 25.364131584
500 0 1014 27.634987776
500 0 1015 26.460555264
500 2 1034 28.175904768
500 0 1032 29.674453248
500 2 1087 30.760823808
500 2 963 27.701439743999998
500 2 929 27.830043648
500 0 967 24.898046976
500 4 998 29.274626304
500 6 988 24.738962688
500 0 947 23.077173504
500 0 1038 25.520233728
500 0 1020 27.517594368
500 2 1047 25.81299072
500 6 998 25.39063296
500 0 1035 25.877930495999998
500 2 1003 25.124064768
500 0 994 26.735757312
500 0 1022 29.978091264000003
500 2 1014 27.726395136
500 0 1002 27.995708928
500 2 1044 27.543124224
500 2 1023 24.660235776
500 0 1018 31.444604928
500 0 989 22.743215616
500 0 1020 25.789893888
500 0 987 30.198584064
500 2 1005 25.310638848
500 2 1014 27.038618111999998
500 0 983 27.857381376000003
500 0 975 24.525921024
500 2 1069 27.30300672
500 2 952 20.903950848
500 2 985 24.204981504
500 2 1037 25.646725632
500 0 931 23.698253568
500 0 948 26.535556608
500 0 963 26.688380928
500 0 996 24.906655488000002
500 0 989 23.975491584
500 6 1054 31.66339968
500 2 1035 27.937899264
500 0 1008 27.883418112
500 2 977 25.33086336
500 0 1013 27.163580928
500 0 1026 24.715477248
500 4 1002 29.132074752
500 0 994 27.022980864
500 2 937 24.726163968
500 2 985 23.850004992
500 2 1088 26.624176128000002
500 0 1004 24.676371456000002
500 2 1000 26.663822592
500 2 968 24.596537856
500 0 1008 28.945542912
500 2 968 23.437294848
500 0 954 29.640331776
500 2 966 25.805624064
500 2 1012 24.874882560000003
500 0 1019 29.987172864
500 0 1056 26.461653504
500 0 1013 25.618281216000003
500 4 1021 27.30596352
1000 2 2022 50.661405696
1000 2 2031 54.434502144
1000 14 1954 53.818034688000004
1000 2 2010 49.027190784
1000 0 2023 53.454094848000004
1000 4 1972 50.90135424
1000 2 2030 55.321677312
1000 4 2041 52.235403264
1000 0 2068 53.759870208
1000 6 2016 55.612119552
1000 10 2016 50.0007552
1000 4 1987 52.342532352
1000 8 2001 55.984659456
1000 2 1979 55.669143552
1000 6 1981 53.587953408
1000 0 1973 46.436704512
1000 10 2082 54.453096192000004
1000 2 1947 44.789758464
1000 4 1979 54.447275520000005
1000 6 1999 57.942348288000005
1000 4 2075 59.009592575999996
1000 4 1986 54.503251968
1000 6 1995 52.017225216
1000 8 2023 49.110251520000006
1000 0 2080 60.441097728
1000 6 2060 51.31364198400001
1000 6 2001 53.306947584
1000 5 1936 50.43143424
1000 8 1968 54.686370816
1000 4 2003 50.368353024
1000 0 2052 55.800966144
1000 6 2015 56.109216767999996
1000 2 2013 55.714070016
1000 10 2095 56.006032896
1000 2 1986 51.288238848
1000 2 1994 54.527827200000004
1000 2 2007 49.30155648
1000 6 2029 53.734036224
1000 2 1898 51.15935616
1000 0 2041 54.808680960000004
1000 2 2028 51.22229376
1000 4 2044 50.628450048
1000 2 2100 54.56759193600001
1000 2 1974 48.453098496
1000 4 1962 51.185071872
1000 4 1993 53.428421376
1000 8 1913 49.873595904
1000 6 1974 49.007219711999994
1000 8 2115 55.179987456
1000 4 2016 48.069314303999995
1000 8 2061 53.434926336000004
1000 6 2029 51.424927488
1000 4 2006 49.607956992
1000 4 2085 57.64083072
1000 2 2019 53.330762496
1000 2 2068 53.871409152000005
1000 0 1986 52.161305856
1000 4 1993 48.667846656
1000 2 2034 50.628754176
1000 6 1982 54.131649792000005
1000 2 2008 52.616509439999994
1000 4 1972 53.133256704000004
1000 8 2013 50.551108608
1000 6 1989 50.276531712
1000 8 1988 55.126891776
1000 4 1986 50.533790208000006
1000 2 2009 52.047156480000005
1000 4 2036 54.345713664
1000 8 2017 55.134587904
1000 0 1993 48.90369792
1000 10 1970 55.64166220800001
1000 2 2049 50.842606848
1000 4 2002 49.641656064
1000 16 1982 56.901774336
1000 8 2028 54.377030399999995
1000 4 1921 49.042523904
1000 0 2092 55.668518399999996
1000 8 2048 55.406655744000005
1000 8 2066 57.031121664000004
1000 6 2033 52.261549824
1000 0 1969 51.081144576
1000 6 1986 55.505024256
1000 0 1982 51.128808192
1000 4 1976 58.446584064
1000 0 2009 51.82936704
1000 6 2004 50.035932672
1000 11 1993 56.34946944
1000 6 2015 52.797904896
1000 4 1960 58.72360243200001
1000 6 2012 52.005533184
1000 2 2042 52.576026624
1000 8 2003 54.749190144
1000 4 2026 52.99307904
1000 12 2022 54.903112704
1000 4 2020 56.026637568000005
1000 8 1984 49.207868160000004
1000 4 2014 49.048564223999996
1000 2 2042 58.26775680000001
1000 12 1997 56.77482624
1000 10 2063 55.154643456
2000 20 3975 107.354066688
2000 14 4053 98.106598656
2000 16 4110 108.826527744
2000 20 4016 106.298919936
2000 16 4070 109.73449344
2000 24 4062 106.092754944
2000 26 4072 111.82778112000001
2000 16 3953 100.287247104
2000 14 4010 104.178894336
2000 22 4023 103.739353344
2000 17 4051 106.57429094400001
2000 32 4031 100.147508736
2000 18 4058 104.54264832000001
2000 8 4044 100.569021696
2000 12 3871 102.99536332800001
2000 20 4062 104.210633472
2000 18 4074 101.20622899199999
2000 18 4021 104.008236288
2000 18 4108 103.012478976
2000 18 4012 110.07196569599999
2000 32 3995 104.23345996799999
2000 10 3924 98.26566604800001
2000 10 4012 100.892850432
2000 32 4000 103.805847552
2000 18 4070 102.035079168
2000 14 4042 102.716097792
2000 20 4037 98.94878822400001
2000 16 3880 102.969047808
2000 19 4084 103.73807769599999
2000 18 4021 109.724262912
2000 24 3931 99.224091648
2000 20 3999 110.824716288
2000 14 3976 102.86107392
2000 12 4047 106.949601792
2000 18 4053 105.532348416
2000 34 3979 106.993590528
2000 32 4048 108.902204928
2000 22 4053 107.93942016
2000 16 4085 102.788851968
2000 20 4133 110.00696678400001
2000 20 3978 105.125357568
2000 18 4057 102.997830144
2000 18 3877 99.6344448
2000 4 4119 110.300577024
2000 18 4058 105.61625395200001
2000 14 4052 112.0251264
2000 34 4076 113.116836096
2000 18 3979 110.49015859200001
2000 20 3907 106.77354547200001
2000 20 4115 104.972406528
2000 22 4025 109.08481689599999
2000 30 4022 105.768393984
2000 24 3916 101.62524979199999
2000 10 4041 105.620790528
2000 28 3950 100.96840089599999
2000 22 4060 104.809115136
2000 14 4027 105.02228352
2000 10 3895 97.920066816
2000 26 4112 106.43063270399999
2000 19 4080 106.34265523200001
2000 28 3959 103.41141888
2000 31 4096 110.50868505599999
2000 24 3976 105.69402624
2000 24 4026 100.93053696000001
2000 12 4087 110.78887987200001
2000 20 4005 105.67218815999999
2000 31 4054 117.05481216
2000 42 4036 114.235309056
2000 21 3974 105.970368768
2000 26 3955 102.703890432
2000 24 4049 104.122605312
2000 14 3986 103.570731264
2000 18 3961 104.769612288
2000 30 4004 102.93857587200002
2000 32 4040 106.66705843199999
2000 12 4040 107.717778432
2000 12 4027 102.033068544
2000 18 4135 105.14172979199999
2000 36 4073 113.897101824
2000 18 3921 104.09353574400001
2000 22 4068 108.897659904
2000 14 4017 109.05165004800001
2000 18 4028 101.5633344
2000 16 4080 104.87102208
2000 38 4004 103.89011635199999
2000 18 4062 109.89998131200001
2000 24 3998 109.147078656
2000 25 4076 110.753879808
2000 20 3976 103.18176
2000 18 3988 104.368847616
2000 18 3931 109.749590016
2000 22 4009 110.573903616
2000 28 4001 104.372623872
2000 18 3980 101.58827289599999
2000 28 4051 110.80443264
2000 16 3932 107.831640576
2000 20 3979 98.233124352
2000 16 3971 102.013502976
2000 10 4186 109.18295731200001
2000 18 4048 107.2887552
3000 42 6011 157.478644224
3000 34 5955 154.412197632
3000 40 5941 153.25271808000002
3000 52 5997 159.72587136
3000 54 6064 161.742687744
3000 53 6007 160.526817792
3000 44 6013 161.899127808
3000 38 5906 156.884918784
3000 36 6122 164.308387584
3000 55 6010 156.11928499200002
3000 40 5960 160.237676544
3000 44 6137 156.914317824
3000 55 6001 159.044649984
3000 38 6103 161.234067456
3000 52 5903 154.002680832
3000 50 6082 164.092836864
3000 50 6047 154.513463808
3000 32 6137 156.431185152
3000 51 5953 154.825727232
3000 46 6097 161.510519808
3000 40 6027 161.69822592000003
3000 44 5904 160.383277824
3000 40 6004 155.719204608
3000 44 6048 160.10182425600001
3000 38 6183 168.50592
3000 48 6182 162.659878656
3000 50 5970 154.92919833599998
3000 48 5928 155.69707084799998
3000 61 5995 161.12256230399998
3000 30 6051 156.744268032
3000 49 6102 173.11164288
3000 46 6036 152.974964736
3000 48 6035 155.905314048
3000 40 5996 156.02835072
3000 24 5897 149.088327168
3000 50 5981 154.19927424000002
3000 34 5934 154.53161011199998
3000 58 6073 159.819948288
3000 32 5982 147.752081664
3000 63 6019 160.36693094400002
3000 62 6148 162.235958016
3000 52 5987 160.134230784
3000 48 6019 160.450549248
3000 46 6021 160.769182464
3000 36 6038 152.871595008
3000 48 6034 164.59918464
3000 53 6121 166.376407296
3000 44 5986 156.43181030399998
3000 40 5953 158.89555968000002
3000 53 6037 158.230423296
3000 40 5964 163.18909516800002
3000 44 5903 158.82569472
3000 38 6067 162.919443456
3000 36 5924 156.155569152
3000 46 5911 148.095754752
3000 34 6075 159.190293504
3000 20 6068 151.78558771200002
3000 48 5991 155.01915264000002
3000 32 6086 163.08935808
3000 62 6158 157.10092569600002
3000 40 5954 154.715506176
3000 46 6089 163.396248576
3000 56 6031 162.918429696
3000 48 5990 165.129136128
3000 26 6013 154.44167270399998
3000 58 5965 159.920395008
3000 56 6090 159.15498086399998
3000 55 5918 154.801380096
3000 59 6035 161.09710848
3000 43 6138 167.8577472
3000 44 5892 156.77724902399999
3000 48 6064 158.061007104
3000 40 5996 155.07885465599998
3000 34 6051 163.878705408
3000 40 5944 161.03880883200003
3000 52 6204 166.388918784
3000 36 5849 153.16492646400002
3000 55 5903 151.702797312
3000 42 6086 163.62643968
3000 48 5893 154.951264512
3000 51 5921 151.56860083200002
3000 52 5894 150.26356224
3000 40 5915 159.51897984000001
3000 36 5966 158.619259392
3000 38 5902 153.39019238400002
3000 52 5915 146.711288064
3000 50 5945 158.44018713600002
3000 50 6073 161.97518515200002
3000 74 6057 154.537371648
3000 42 6114 154.550939136
3000 42 5984 152.22641280000002
3000 52 5856 153.67676544
3000 60 6063 164.53797888
3000 47 5851 156.139002624
3000 58 6092 164.978972928
3000 36 6101 156.016413696
3000 42 5948 158.12013465599998
3000 40 6043 154.868406528
3000 42 6071 158.29532928
3000 53 6051 162.033712896
4000 90 8009 200.162916096
4000 54 8033 216.774649344
4000 72 8067 216.384850176
4000 92 8049 213.17414553600003
4000 73 7974 205.61517081600002
4000 64 8150 213.100014336
4000 84 7975 208.2353856
4000 91 7948 211.815343872
4000 70 7881 211.782683904
4000 86 8163 213.119529216
4000 66 8066 211.26682368000002
4000 78 8036 207.13859865600003
4000 74 7943 211.25887411200003
4000 74 8087 213.555623424
4000 84 8030 216.558008832
4000 81 8089 209.113546752
4000 106 8145 216.256280064
4000 78 8065 210.272434944
4000 84 7869 203.81365171200002
4000 93 7983 215.776045056
4000 84 7882 214.06459008000002
4000 70 7977 198.821804544
4000 69 8035 219.70624896
4000 70 7910 202.316978688
4000 69 8247 210.406530048
4000 93 8074 213.86524262400002
4000 68 7970 209.091979008
4000 70 8123 208.43300121599998
4000 76 8012 211.294017792
4000 86 7988 209.450208
4000 76 8052 211.861191168
4000 82 8058 216.415820544
4000 85 8165 214.240502784
4000 69 7991 213.929920512
4000 80 8008 220.580600064
4000 101 8027 214.954189824
4000 71 8074 213.484330752
4000 76 8072 202.695297024
4000 79 8022 213.91527168000002
4000 90 8173 226.436060928
4000 77 7842 202.41755212799998
4000 84 8059 202.03784832
4000 82 8234 213.61873843200001
4000 67 7990 196.172368128
4000 72 7804 204.608481792
4000 73 8014 211.59613516800002
4000 74 7971 203.901620736
4000 58 7962 215.587097088
4000 76 8132 210.85124121599998
4000 87 7957 213.88717363199999
4000 72 8026 216.45765504
4000 64 8013 208.77094656
4000 84 8038 210.586202112
4000 66 8174 209.595902208
4000 68 7924 207.72721305599998
4000 88 7960 206.34480768
4000 102 7959 215.56799616
4000 82 8071 211.208431104
4000 56 7915 207.48247449599998
4000 102 8015 220.784374272
4000 76 8008 209.686844928
4000 81 8047 219.35067264000003
4000 66 7929 212.355635712
4000 92 8007 208.417811712
4000 93 7999 211.096267008
4000 70 7914 200.66466816
4000 73 7994 214.740675072
4000 92 8080 205.42198195199998
4000 69 7939 219.663045888
4000 77 8098 217.81961625600002
4000 96 8140 218.947010304
4000 70 8179 213.281950464
4000 92 7935 221.69031244800001
4000 100 8054 216.02722099200003
4000 79 7997 208.18000896
4000 97 7941 210.627656448
4000 62 7874 210.313610496
4000 76 7960 208.492323072
4000 62 8071 210.83491968
4000 64 8231 226.70499456
4000 101 7968 210.633443328
4000 66 8072 210.73062912
4000 89 8097 227.339321088
4000 92 8123 209.15059123199998
4000 79 8028 209.136592896
4000 73 8009 213.64353331200002
4000 70 8061 217.478823936
4000 66 8098 209.160678144
4000 48 8075 209.85022080000002
4000 83 7902 209.29664025600002
4000 76 7991 216.951195648
4000 86 8031 212.68880793600002
4000 102 8008 214.338001152
4000 94 8071 210.255015168
4000 70 7921 203.104416768
4000 66 7991 201.143990784
4000 77 8050 216.22837632
4000 79 8156 213.22680192
4000 59 7985 214.56303052799998
4000 64 8186 211.943263488
5000 122 9990 261.120338688
5000 118 9840 252.830358528
5000 111 10162 261.2693952
5000 124 10144 264.192715776
5000 130 9896 252.314625024
5000 95 10136 275.51196288
5000 147 9854 262.799632128
5000 118 9809 267.85060684800004
5000 129 9784 260.107803648
5000 105 10023 260.28982425600003
5000 101 10031 272.533426176
5000 171 10153 276.20026368000003
5000 154 9908 274.327240704
5000 150 9995 260.38399411200004
5000 110 9981 268.71604531199995
5000 140 10191 264.974966784
5000 96 9773 254.659908096
5000 95 10081 267.434517504
5000 155 9887 263.364389376
5000 125 9931 270.985279488
5000 150 10100 267.397118208
5000 136 10138 261.112042752
5000 112 10097 260.45069952
5000 94 10163 264.717547776
5000 119 9919 257.94698265600005
5000 135 9996 266.557623552
5000 106 10062 258.10166553600004
5000 118 10059 261.851065344
5000 143 9982 265.89915264
5000 135 10204 271.29053952
5000 121 9922 267.75925862400004
5000 145 10199 274.052976384
5000 150 10089 273.669099264
5000 138 9914 266.499138048
5000 104 9982 263.577033984
5000 108 9978 264.796663296
5000 127 9919 265.671090432
5000 136 10139 278.560440576
5000 112 10153 260.947289856
5000 157 10059 262.761151488
5000 112 9935 255.96983808000002
5000 147 10086 271.75720704
5000 117 10119 275.04931660799997
5000 134 10168 260.34468556800005
5000 137 10008 272.274452736
5000 143 10074 265.430221056
5000 99 10059 265.14985728
5000 136 9999 266.460851712
5000 128 9945 264.030463488
5000 133 10172 280.124469504
5000 144 10091 268.135693056
5000 134 9976 257.370617856
5000 125 10188 266.630656512
5000 101 10077 264.514238208
5000 119 10116 271.417631232
5000 152 9802 256.58045952000003
5000 140 10103 271.756548096
5000 133 10063 271.43745868800005
5000 120 9988 257.51938713600003
5000 115 10023 261.200848128
5000 125 10063 263.290055424
5000 147 10119 264.90951168
5000 126 9959 266.6457024
5000 154 9953 257.43113932800003
5000 128 9997 264.692837376
5000 118 10134 267.493678848
5000 150 10113 272.830559232
5000 128 9939 268.137678336
5000 118 10044 264.145609728
5000 106 9958 263.725423104
5000 132 10041 262.469492736
5000 92 10078 273.046701312
5000 137 9792 269.912349696
5000 127 10147 261.079965696
5000 124 10016 263.258324736
5000 114 10228 261.2394048
5000 119 10181 258.685591296
5000 125 10019 263.73160704
5000 140 10104 271.724994816
5000 112 10159 261.534130176
5000 143 10111 271.878849792
5000 90 10200 261.26343936
5000 108 9871 254.14117555200002
5000 127 10149 269.21843097600004
5000 133 10084 275.985152256
5000 125 10002 254.707673088
5000 122 10076 271.19828736
5000 134 10054 263.77695590400003
5000 142 9926 263.5028352
5000 119 10117 258.79367500800004
5000 118 9879 254.15971046400003
5000 121 10001 260.517785088
5000 136 9950 262.733289984
5000 114 10064 262.975620864
5000 137 10101 259.253001216
5000 119 10283 283.816532736
5000 126 10000 259.15926220800003
5000 103 10070 269.389976064
5000 113 9968 258.374831616
5000 149 9984 268.75673088
6000 176 12121 314.878147584
6000 168 11852 317.51791104
6000 210 12007 319.469551104
6000 176 12086 325.108244736
6000 151 12079 317.820509952
6000 195 12014 317.318166528
6000 191 12043 322.105487616
6000 166 12013 319.65588019200004
6000 183 12040 318.802066176
6000 200 12083 316.006386432
6000 184 12065 321.498895872
6000 215 11909 323.672008704
6000 177 11993 314.405819904
6000 170 11903 308.674054656
6000 129 12067 304.386162432
6000 232 12105 314.612736768
6000 201 11994 325.474431744
6000 167 12074 320.613376512
6000 178 12052 330.790166784
6000 190 12190 324.36079948800005
6000 171 12113 308.33430144
6000 267 12177 329.79581184000006
6000 176 12211 316.995647232
6000 185 12225 318.603842304
6000 199 12214 325.368857088
6000 192 12122 321.4540032
6000 204 12084 329.133201408
6000 184 12041 320.522112768
6000 173 11999 317.352516096
6000 134 11990 321.214257408
6000 205 12140 314.457935616
6000 167 12052 317.63396966400006
6000 215 12103 308.501892864
6000 178 12227 317.94429004799997
6000 209 12047 323.5666368
6000 175 12089 317.078268672
6000 152 11934 306.351395328
6000 205 12130 309.61703731200004
6000 186 12241 327.821058048
6000 200 11881 304.49576678399995
6000 147 12029 305.725618176
6000 188 12107 321.653046528
6000 171 12248 335.359774464
6000 185 12202 316.86412032
6000 173 11875 312.52959513599995
6000 138 12135 310.623599616
6000 215 12115 317.413138944
6000 170 12035 321.199118592
6000 154 12054 313.495852032
6000 191 11998 316.77940377600004
6000 173 11824 313.89678566400005
6000 194 11907 311.624341248
6000 187 12185 327.60250828799997
6000 173 12107 324.759587328
6000 193 12009 318.354541824
6000 180 12114 318.884366592
6000 161 12200 323.473827072
6000 159 12086 304.090972416
6000 157 12350 313.73920512
6000 195 12192 314.559142656
6000 186 11965 321.524941056
6000 202 12108 322.01334528
6000 174 12066 319.558745088
6000 213 12093 316.91999539200003
6000 182 12121 324.28170931200003
6000 218 11962 324.955496448
6000 141 11764 314.328182784
6000 167 12112 320.1069696
6000 166 12003 312.35717990399996
6000 184 12107 311.965285632
6000 200 12034 317.89877222399997
6000 166 11975 324.09657984000006
6000 183 11963 318.479867904
6000 160 12047 323.184423936
6000 209 11975 321.886093056
6000 158 12034 321.286783488
6000 184 12091 316.28644607999996
6000 188 12112 319.136699904
6000 152 11931 319.29415372799997
6000 182 12054 324.21489407999997
6000 162 11740 305.890599168
6000 180 11990 317.89883980800005
6000 180 12030 311.857134336
6000 199 12134 329.06845593599996
6000 190 12038 312.772846848
6000 213 12142 314.11598592
6000 206 12028 319.40793984000004
6000 149 12169 310.801024512
6000 174 11962 315.90788275200003
6000 200 12092 323.082110208
6000 180 11995 322.35755904
6000 142 12089 309.05445119999996
6000 160 12118 313.910809344
6000 209 12003 318.215006208
6000 161 12023 314.785844736
6000 150 12090 317.259968256
6000 195 11937 321.55271808
6000 175 12140 324.31543372799996
6000 166 12052 320.259084288
6000 177 12019 322.406033664
7000 240 14097 370.9079616
7000 273 13906 371.915267328
7000 219 13967 369.086125056
7000 202 14068 372.131772672
7000 257 14079 370.974244608
7000 257 14218 382.358870784
7000 214 13966 382.04836454400004
7000 206 14053 369.53562624
7000 255 13867 363.954336768
7000 253 13948 372.381326592
7000 254 14101 364.205377536
7000 264 14031 370.56098534399996
7000 232 14089 361.942834176
7000 276 14191 375.77493043199996
7000 263 14068 372.93053951999997
7000 255 13979 362.22520012800004
7000 259 14005 373.450311168
7000 227 14227 373.348014336
7000 249 14056 368.12797824
7000 239 14203 374.947871232
7000 231 13903 360.879078912
7000 252 14129 370.98755865600003
7000 225 14003 371.45773209600003
7000 253 14006 369.243072
7000 223 14014 365.494500096
7000 239 14232 379.57283865600004
7000 245 14062 367.97266176
7000 276 14008 370.205485056
7000 235 13936 359.571691776
7000 288 14073 376.099409664
7000 290 14163 369.740752128
7000 272 14076 373.05035750400003
7000 214 13959 370.173847296
7000 276 14096 379.165450752
7000 256 14150 381.006903552
7000 226 13994 361.746519552
7000 257 14066 366.1756032
7000 222 14013 371.341774848
7000 221 13983 368.756441856
7000 271 13953 379.38041856
7000 239 14056 368.840736
7000 272 14074 378.53396275200004
7000 229 14033 360.80303001600004
7000 281 14060 367.273944576
7000 291 14025 374.46088627200004
7000 237 14268 369.457634304
7000 241 13938 359.112289536
7000 243 14257 374.595826176
7000 270 14217 378.112635648
7000 252 14045 371.450095104
7000 247 14231 382.916742912
7000 244 14246 372.232793856
7000 222 14027 373.419526656
7000 213 14142 374.471953152
7000 266 13902 377.355677952
7000 276 14058 377.261060352
7000 232 14168 373.474438656
7000 284 14147 379.500582912
7000 226 13900 372.030582528
7000 236 14163 367.79505100800003
7000 227 13911 358.53286656
7000 239 13941 378.444540672
7000 227 13931 358.615285248
7000 230 14133 370.489667328
7000 266 14097 383.599028736
7000 297 14171 380.43278592
7000 203 13889 359.14513536000004
7000 221 13955 369.74539008
7000 265 14045 376.765602048
7000 263 14113 375.97818931200004
7000 226 14136 373.653764352
7000 218 13931 362.57814912
7000 278 14182 379.530742272
7000 247 14217 381.582153216
7000 235 14133 381.197389056
7000 253 13966 363.731664384
7000 241 13992 366.72289843199997
7000 252 13950 350.038808064
7000 303 14021 380.85592089600004
7000 241 14069 370.938610944
7000 242 14089 360.237098496
7000 209 14054 358.779818496
7000 207 13943 364.28511820800003
7000 247 13986 372.44479641600003
7000 267 14062 376.69909094400003
7000 289 13935 370.803350016
7000 279 13949 365.98777036800004
7000 236 14024 379.87591065600003
7000 278 14037 361.02705407999997
7000 242 14079 368.582083584
7000 253 13889 368.193906432
7000 277 14301 367.516756992
7000 237 14164 371.944936704
7000 262 13864 372.99199872
7000 194 14000 358.82419584
7000 241 14162 381.253779456
7000 249 13948 365.90285952
7000 250 14008 355.542494208
7000 291 14248 378.462855936
7000 236 14241 369.017662464
8000 320 16160 428.18548608
8000 329 15859 416.527955712
8000 359 16077 430.390278912
8000 334 16037 423.388263936
8000 286 16166 423.09761894400003
8000 341 15930 427.40531328000003
8000 331 16354 425.57318707200005
8000 299 15913 430.04659737599997
8000 288 15955 426.73479552
8000 342 16022 424.98200448
8000 382 15992 421.986318336
8000 331 15977 420.553740288
8000 334 16048 424.62380928000005
8000 269 16121 426.985228032
8000 337 16095 421.797167616
8000 305 16021 432.20522188800004
8000 320 16049 421.19013657600004
8000 314 16125 417.491644416
8000 360 15958 426.18791424
8000 277 15769 426.222230016
8000 367 16251 427.47111475200006
8000 279 16013 417.459347712
8000 299 15755 414.276090624
8000 363 16331 449.375046912
8000 369 16118 427.6157952
8000 364 16059 418.966808832
8000 349 16093 410.73503539200004
8000 319 16057 419.60541849599997
8000 343 15996 425.877120768
8000 287 16331 423.125826816
8000 285 16121 435.8067648
8000 381 16078 422.086993152
8000 308 16133 425.551112448
8000 318 15986 438.7916544
8000 313 16232 410.13726336
8000 356 16053 423.309334272
8000 341 16072 430.18520371200003
8000 297 16088 409.211117568
8000 289 16313 433.91031552
8000 336 16083 436.70275968
8000 324 16018 428.355299328
8000 294 15956 420.412126464
8000 302 16287 421.184890368
8000 292 16268 436.57821081599997
8000 348 16026 430.69554739200004
8000 300 16042 429.294041088
8000 338 16096 427.49354419200006
8000 347 16134 426.7262208
8000 330 15971 422.562615552
8000 357 16051 424.779345408
8000 305 16038 417.278332416
8000 338 15951 419.899924224
8000 337 16137 427.703831808
8000 320 16125 419.949480192
8000 265 16046 426.874331136
8000 322 15925 419.85492172799997
8000 314 16243 429.520709376
8000 293 16063 426.828661248
8000 290 15909 421.92976742400003
8000 345 16105 430.86029184000006
8000 375 15984 429.795091968
8000 265 15736 418.435547904
8000 369 16081 435.51327283200004
8000 291 15881 420.095461632
8000 297 16263 418.373945088
8000 287 16334 420.3585408
8000 291 16366 422.475964416
8000 300 16063 427.00494566400005
8000 349 16148 416.69055436800005
8000 349 15925 417.078807552
8000 345 15942 441.444926208
8000 335 16121 412.557421056
8000 331 16169 431.70530304000005
8000 314 16186 426.042938112
8000 315 15939 421.280242944
8000 307 16189 420.682082304
8000 320 16139 426.356063232
8000 319 15962 425.376390912
8000 348 15988 436.935738624
8000 329 16196 426.333921024
8000 293 16126 435.111595776
8000 322 16072 427.88393472
8000 321 16216 425.912948736
8000 294 16118 419.906598144
8000 262 16052 419.043744768
8000 374 16195 441.241388544
8000 350 16041 433.891197696
8000 280 15961 419.03214566400004
8000 370 15972 431.47244236800003
8000 374 16160 430.41005568
8000 300 15821 418.615921152
8000 371 16015 434.06425497600003
8000 278 16251 430.29854208
8000 304 16148 426.00840268800005
8000 321 16037 402.324612096
8000 386 16107 438.684508416
8000 302 15897 418.200718848
8000 336 16196 433.38812774400003
9000 409 18188 475.464219648
9000 408 18327 484.83549312
9000 378 17899 484.204478208
9000 462 18332 490.40973696000003
9000 414 18158 480.151009536
9000 347 18074 466.403080704
9000 378 17986 480.963648
9000 386 18066 464.579799552
9000 388 17988 475.512018432
9000 422 18045 477.486611712
9000 407 18057 479.183096832
9000 407 18048 470.465630976
9000 362 17985 483.75554304
9000 441 18311 490.12954214399997
9000 384 18007 460.941153024
9000 328 18063 483.17674521600003
9000 393 18155 482.07743232
9000 405 18266 485.601819648
9000 340 17985 478.390987008
9000 443 18220 491.922756864
9000 376 17840 468.71056742400003
9000 376 18134 489.504204288
9000 393 17909 484.23242419200005
9000 414 17776 471.43611187199997
9000 404 18088 485.207129088
9000 351 18109 480.282012672
9000 419 17812 471.957429504
9000 420 18144 473.743911168
9000 397 18157 474.034699776
9000 440 18081 492.26044032
9000 383 18012 485.35588992000004
9000 404 17842 476.517060096
9000 400 18045 477.937042176
9000 388 18228 482.619650304
9000 375 17992 469.76668569599997
9000 483 18268 490.429226496
9000 388 18265 483.37046630400005
9000 404 18133 476.073430272
9000 329 17916 470.099334144
9000 395 18223 478.064361984
9000 409 18022 481.20213504000003
9000 428 18119 480.205507584
9000 375 18136 479.39874892800003
9000 387 18161 484.29216
9000 414 18087 468.586263552
9000 384 17873 466.628219904
9000 403 17949 484.701735936
9000 407 18201 479.440363776
9000 364 18014 464.69478528
9000 407 18064 468.102176256
9000 439 17907 483.774061056
9000 405 18193 473.701569792
9000 394 17994 469.082735616
9000 415 18052 482.771781888
9000 415 18103 482.666021376
9000 448 17928 480.231257088
9000 445 17933 466.486910208
9000 444 18037 469.4080512
9000 396 17987 474.341911296
9000 373 17906 467.22036556800003
9000 437 18139 478.217490432
9000 407 18321 490.46897433600003
9000 422 18171 478.349574912
9000 388 18049 469.344809472
9000 414 18148 467.112374784
9000 352 18042 472.433584128
9000 415 18062 487.422498816
9000 417 17977 470.38266316799997
9000 401 18080 472.388497152
9000 422 18166 485.930016
9000 413 18092 484.654731264
500 0 1007 28.700398848000003
500 2 1001 27.9820992
500 0 1041 31.83489408
500 0 1034 27.369272832000004
500 0 988 27.504635136
500 0 1010 26.482503168
500 2 972 22.946778624
500 0 1016 23.27449344
500 0 1023 25.133501184
500 2 1009 25.002227712
500 0 922 24.773793792
500 0 1029 25.66743168
500 0 995 24.38667264
500 0 1008 28.797778944
500 0 995 25.639958784
500 0 992 27.21848448
500 4 1066 26.848310016
500 0 950 25.86929664
500 0 995 27.118848768
500 2 962 25.46590464
500 0 1005 24.825014015999997
500 4 988 24.555387648000004
500 0 1090 26.197180416000002
500 0 981 26.249887488000002
500 0 1038 27.160767743999997
500 0 979 27.953865984
500 0 1022 25.372309248
500 0 1046 23.610563328
500 0 1028 29.420979456
500 0 1010 24.501007872000002
500 0 1031 26.453932032
500 0 973 22.511030784000003
500 0 998 27.340617216000002
500 0 1012 25.584810240000003
500 0 1035 27.595476480000002
500 0 1068 27.810824448
500 2 1033 26.929926144
500 2 1008 29.489847552
500 0 1029 25.600658688
500 0 1032 28.113060096
500 2 1044 26.914314240000003
500 0 1020 25.691077632
500 2 992 24.01411584
500 0 1005 26.783066112
500 0 992 28.480556544
500 2 987 29.456199168
500 0 958 24.995849472
500 4 1063 31.010825472
500 0 973 26.053479936000002
500 2 1032 24.642714624000003
500 0 992 25.247135232
500 0 1004 25.302444288
500 0 1042 29.853297408
500 0 927 24.660235776
500 0 1044 27.842014464000002
500 0 977 24.845213184000002
500 0 953 26.322168576000003
500 0 1077 30.238610688
500 0 1050 27.812066304000002
500 0 954 22.879439616
500 0 969 25.542789888
500 0 1003 28.856881152
500 2 975 22.480364544
500 2 1021 27.948847872
500 0 1055 27.628372992
500 0 1022 25.82536704
500 2 1002 28.368814848
500 0 978 28.236409344000002
500 0 1003 24.351596544
500 0 1052 27.911592192
500 0 996 28.81481856
500 0 1027 24.818019072000002
500 0 976 29.015390976
500 2 1052 25.635810816
500 0 997 26.375230464
500 2 1000 26.345409024
500 0 942 23.131485696000002
500 0 999 25.352118528000002
500 2 997 30.059132928
500 0 1025 24.535163136
500 0 1025 25.442689536000003
500 0 1018 28.328315136
500 2 1040 30.519675648000003
500 0 984 25.121876736
500 0 987 28.155714048
500 0 966 26.192880384
500 0 989 27.571425024
500 0 1013 28.271189760000002
500 0 996 28.884193535999998
500 0 995 24.059236608
500 0 1023 26.516126208
500 0 1006 25.621271808000003
500 2 1016 28.03460352
500 0 1033 27.517467648
500 0 1018 27.131630592
500 0 998 26.840360448
500 0 1012 28.52961408
500 0 1019 28.435689216
500 0 1028 23.231712767999998
500 0 1027 29.874493440000002
1000 0 2003 52.782867456
1000 4 2016 55.66864512000001
1000 2 1988 52.103859456
1000 0 2011 54.268752384
1000 2 2055 54.187389696000004
1000 0 2062 55.764935424
1000 0 2006 51.79772928
1000 0 2014 52.830624
1000 2 1998 50.529828096
1000 0 2001 53.416991232
1000 2 1951 46.516909824
1000 0 2007 52.508636928
1000 2 1966 50.31223296
1000 6 1997 55.261164288
1000 2 2003 53.00287872
1000 2 2035 53.090509824
1000 0 2053 52.531488768
1000 4 2081 54.574468608000004
1000 4 1944 54.904253184
1000 4 1993 56.018873856
1000 4 2022 51.965447424000004
1000 4 2070 53.416915200000005
1000 0 1991 50.099326464
1000 0 2068 57.191675904
1000 2 1939 53.272640255999995
1000 6 2028 49.860205824
1000 2 2035 55.016636928000004
1000 2 2130 57.811953408
1000 6 1980 52.883229696
1000 4 2009 53.461664256
1000 2 1999 54.040276224
1000 0 2034 57.593842943999995
1000 0 2009 51.209292288
1000 2 2056 53.88413184
1000 6 1969 55.493991168
1000 8 2061 49.942447104
1000 0 1958 51.419723520000005
1000 0 1982 49.007185920000005
1000 0 2065 54.573581568
1000 6 2068 54.458899968000004
1000 4 2048 52.930580736
1000 2 1960 52.750148352
1000 4 1981 53.86026624
1000 2 1926 47.26385664
1000 2 2078 54.776173056000005
1000 6 2056 57.250761216
1000 6 2041 49.806265344
1000 2 2043 53.798663424000004
1000 2 2024 49.939194623999995
1000 0 1973 45.416769024000004
1000 0 2012 53.132487936000004
1000 4 2046 54.724927488
1000 4 2077 53.08317696
1000 4 2075 57.180262656000004
1000 4 2100 51.251718144
1000 2 1970 53.294089728
1000 4 2033 52.807087872000004
1000 0 2003 52.481958144000004
1000 0 1959 48.186876672
1000 2 1972 47.199178752
1000 6 2025 51.341985024
1000 4 2036 54.548727552
1000 4 2001 56.0645184
1000 2 2015 51.126594816
1000 2 1943 51.13219584
1000 6 1976 57.045255168
1000 2 2038 52.976934912
1000 4 1960 56.446993152000005
1000 10 1911 51.201199104000004
1000 6 1984 51.013315584
1000 2 2017 50.676460031999994
1000 2 1948 48.032227584
1000 0 1965 50.752593408
1000 2 2029 54.95309107200001
1000 2 2020 48.119486976000005
1000 0 1935 48.409464576
1000 6 2086 53.495337983999995
1000 0 1973 54.15269376
1000 0 2027 55.017270528000005
1000 2 1987 49.987567872
1000 2 1997 53.319425280000004
1000 4 2047 55.888343807999995
1000 4 1938 54.16439424
1000 4 2068 54.798703872000004
1000 2 1996 51.480794112000005
1000 2 2023 53.165257728
1000 2 2023 50.500935936000005
1000 4 1969 50.673900288000006
1000 0 2033 56.138573568000005
1000 0 1997 55.729622784
1000 4 1936 52.798927104
1000 6 2035 52.819193856
1000 4 2011 51.246117119999994
1000 0 1998 48.072254208000004
1000 2 1995 56.518176
1000 0 2072 55.645218815999996
1000 2 1949 53.495211264
1000 0 1973 53.777129472000006
1000 0 1919 50.518507776
1000 6 1991 50.388011520000006
2000 8 3973 105.31913779199999
2000 16 4037 110.771688192
2000 8 4019 108.643366656
2000 8 3913 103.909648128
2000 12 4037 107.45767296000001
2000 8 4042 103.005712128
2000 12 3952 109.53105715199999
2000 4 3995 103.976100096
2000 12 4099 111.185530368
2000 10 4068 106.243712256
2000 3 4006 109.762861824
2000 14 3951 104.746650624
2000 8 3987 98.462225664
2000 10 3992 103.59892224
2000 14 4052 102.47837951999999
2000 12 4021 107.290757376
2000 6 3975 99.509363712
2000 10 3997 104.79987302400001
2000 6 4018 111.672371712
2000 10 4033 97.83768192000001
2000 10 4032 114.74148787200001
2000 12 4005 108.95968512
2000 0 4005 99.171316992
2000 12 3933 98.306866944
2000 10 4140 109.24575129600001
2000 8 3848 99.279045888
2000 4 4055 108.095851776
2000 12 4017 102.66795264
2000 6 3910 103.061485824
2000 2 3926 102.660239616
2000 10 4031 111.613303296
2000 6 4108 109.0987392
2000 4 4049 119.40272256
2000 8 4057 106.757004288
2000 6 4013 104.009005056
2000 16 4067 112.10405606399999
2000 22 3949 100.54594176
2000 2 3937 96.682367232
2000 6 4019 102.27213849600001
2000 4 4007 103.549391616
2000 6 4086 107.887245312
2000 12 3957 107.131597056
2000 6 3995 103.18452249600001
2000 8 4006 103.30998374400001
2000 10 4055 104.365536
2000 4 4109 106.032850176
2000 18 4021 108.885545472
2000 6 3902 106.136203008
2000 18 3962 109.51207449600001
2000 10 3987 103.817826816
2000 12 4089 106.41764812800001
2000 16 4079 108.47664537600001
2000 14 4023 109.212761856
2000 12 4025 109.33796121600001
2000 0 3996 109.591789824
2000 4 3970 111.59531750400001
2000 14 4045 99.91897344
2000 6 4038 110.187356928
2000 16 3907 99.364759296
2000 12 4056 104.970505728
2000 4 4125 107.866420992
2000 10 4033 105.91778841600001
2000 12 3968 99.53510476800001
2000 10 4023 111.306514176
2000 8 4095 106.957855488
2000 19 4012 112.53303705600001
2000 12 3932 106.449497088
2000 6 3969 103.7294016
2000 8 4074 110.975859456
2000 4 4045 106.55716684800001
2000 12 4025 109.323084288
2000 8 4095 107.71080038400001
2000 16 3974 109.825241856
2000 8 3978 107.70773376000001
2000 12 4125 100.94273587200001
2000 12 3955 97.209497088
2000 12 4054 104.99461632
2000 6 4062 110.8010112
2000 12 3992 103.106547456
2000 10 3945 107.123453184
2000 10 3825 99.876133632
2000 6 4057 105.632001024
2000 2 3926 100.59194112
2000 12 3993 102.11971968
2000 2 3974 105.492609024
2000 6 4033 105.956598528
2000 6 3933 104.200495872
2000 12 4036 106.778267904
2000 14 4022 103.570038528
2000 12 4024 102.761961984
2000 0 3998 108.797373696
2000 4 3896 101.577662208
2000 6 3995 104.631622656
2000 6 3977 102.34958131200001
2000 20 4056 106.54989312000001
2000 6 4004 105.036957696
2000 10 4127 109.51888358400001
2000 4 4144 106.47760358400001
2000 10 3965 100.911140352
2000 10 3977 101.269225728
3000 28 6035 161.499055872
3000 18 6095 161.636927232
3000 20 5984 159.80539238400002
3000 16 5989 156.509134848
3000 18 6178 165.281774592
3000 30 6034 168.24158208
3000 30 6002 156.374372352
3000 18 6022 165.859786752
3000 19 5977 153.11876659200001
3000 20 5906 163.73244518400003
3000 22 5946 154.693499136
3000 16 6050 154.998624
3000 32 6052 163.284016896
3000 16 5978 152.79023232
3000 28 6058 165.84895641600002
3000 24 6040 150.555009792
3000 24 5934 154.6520448
3000 22 6067 154.330564608
3000 25 6108 156.70991846400003
3000 23 5886 153.87668736
3000 14 6013 152.957528064
3000 24 6041 155.185679616
3000 24 6037 164.916668928
3000 28 6091 158.24797824
3000 14 6040 154.71829401600002
3000 12 5978 151.95063628800003
3000 24 5996 159.340313088
3000 14 6011 157.89232588800002
3000 14 6075 159.289861632
3000 30 6173 173.697562368
3000 16 6108 160.369828608
3000 20 6063 157.00743168
3000 12 5996 168.93078681600002
3000 24 5947 154.850344704
3000 10 6043 157.288378368
3000 6 6111 161.264328192
3000 20 5945 155.101959936
3000 16 5934 157.22053248
3000 24 6109 170.32147968
3000 26 6031 160.23528575999998
3000 22 5977 151.618266624
3000 42 6169 156.40196352
3000 16 5859 154.39086643200002
3000 12 6024 156.75715968
3000 26 6101 164.59002700800002
3000 22 5934 153.58752076800002
3000 26 6128 156.833411328
3000 16 6161 159.33891916800002
3000 34 6132 166.12701388800002
3000 12 6071 155.419554048
3000 18 6080 163.60163635199999
3000 20 5970 148.953311232
3000 30 5869 159.768001536
3000 22 6018 154.80396518400002
3000 18 6073 163.027392
3000 18 5925 156.504589824
3000 29 5965 160.66174080000002
3000 33 5848 154.581909504
3000 36 6125 170.73815193599998
3000 16 5939 162.33575424
3000 30 6012 157.82763955200002
3000 20 5910 158.607178752
3000 14 5940 168.720651264
3000 26 6108 171.620875008
3000 16 6092 169.754601984
3000 26 6059 152.037084672
3000 16 6128 160.59348096000002
3000 12 5932 153.405956352
3000 20 5939 143.582934528
3000 24 6054 159.712633344
3000 20 6011 155.91203865600002
3000 22 5991 156.334607616
3000 20 6051 162.986681088
3000 27 5985 162.04370688
3000 14 5943 153.76673664
3000 30 5999 158.029166592
3000 20 6124 154.699074816
3000 22 6017 161.161372416
3000 18 6115 164.02216934400002
3000 23 5991 153.698780928
3000 30 6139 161.42763648
3000 20 6076 161.956633344
3000 20 5897 152.751143424
3000 32 6028 161.70451968
3000 11 6106 155.77772390400003
3000 20 6072 158.79930316800002
3000 32 6048 153.245317632
3000 24 6069 160.77883008
3000 20 6014 165.759120384
3000 24 6205 159.927094272
3000 12 5941 158.920531968
3000 12 5997 151.19007974400003
3000 14 5928 159.70369536
3000 26 6099 160.095319296
3000 14 6193 167.876957952
3000 24 6064 156.484086528
3000 22 6083 160.056627456
3000 24 6187 159.463028736
3000 26 5959 163.124130048
3000 16 6028 160.125740544
4000 34 7809 214.774298112
4000 34 8027 210.701534208
4000 20 8095 201.79648896
4000 34 7980 213.42893721599998
4000 32 7894 200.14450790400002
4000 30 7976 210.200719872
4000 30 8145 214.58090649599998
4000 40 8064 215.695459584
4000 32 7987 215.830568448
4000 32 8070 214.277682432
4000 34 7947 216.97207065600003
4000 45 8045 216.05409408000003
4000 48 8021 204.28259174400003
4000 30 7921 212.697821952
4000 52 8147 228.055424256
4000 32 8108 203.14105574400003
4000 34 7991 214.072286208
4000 42 7991 212.516629248
4000 34 7810 201.82256793599998
4000 44 8015 206.668526592
4000 40 8289 222.625438464
4000 48 8063 213.863071488
4000 30 8152 217.95785088
4000 48 8017 227.057132544
4000 64 8091 230.15465088
4000 43 8068 208.799931648
4000 44 8083 217.489375488
4000 40 8107 207.0370368
4000 36 8094 214.38669542399998
4000 40 8097 215.920894464
4000 26 8021 215.78929152
4000 38 7887 212.444973312
4000 34 8177 222.909578496
4000 40 7958 221.61025920000003
4000 24 8050 220.62469862400002
4000 34 8075 197.54362214399998
4000 28 7826 215.261409792
4000 42 7983 211.045283328
4000 34 7954 203.15965824
4000 42 7941 206.664420864
4000 24 7996 214.511590656
4000 38 8054 217.069636608
4000 46 8066 213.64666752000002
4000 24 8061 207.945720576
4000 22 8191 203.81891481600002
4000 50 8122 217.095090432
4000 30 7900 210.432600576
4000 44 8044 212.011844352
4000 38 7983 211.269256704
4000 34 7879 213.953938176
4000 32 8208 217.163265792
4000 38 8026 211.03506969600002
4000 32 8063 221.133048576
4000 40 8103 222.3927552
4000 31 7969 215.3050944
4000 46 8026 210.864631296
4000 44 7904 210.469982976
4000 50 8121 213.514887168
4000 41 8094 220.509239808
4000 52 8029 210.81587788800002
4000 24 7947 213.01450368000002
4000 26 8006 204.393387264
4000 36 8030 203.22001920000002
4000 52 7942 214.975318272
4000 32 7939 204.294089472
4000 32 8096 218.039053056
4000 36 8104 209.234091264
4000 46 8066 218.08403865600002
4000 42 7922 211.08148300800002
4000 36 8082 204.694127616
4000 28 8091 215.87994700800002
4000 26 7918 210.14577408000002
4000 45 7899 215.21395737600002
4000 40 8053 203.999972352
4000 18 8045 209.509487616
4000 59 8119 221.03177395199998
4000 44 8008 208.821364224
4000 42 8169 207.831664128
4000 36 8004 212.607960576
4000 32 8012 208.319705088
4000 49 7957 209.193000192
4000 20 8098 214.1593344
4000 26 7944 207.33200716800002
4000 50 7893 202.774885632
4000 42 8084 222.104391168
4000 36 8109 215.689469952
4000 26 8165 203.92446412799998
4000 24 8031 209.607788544
4000 49 8076 214.925627136
4000 38 7914 209.13265612799998
4000 36 8007 209.687951616
4000 44 8028 215.7680448
4000 33 8183 217.707139584
4000 18 7888 198.683814912
4000 38 8141 224.152118784
4000 39 8073 207.2881536
4000 42 8059 211.722567936
4000 40 7991 216.399431424
4000 38 8078 206.53577472
4000 28 8213 213.337276416
5000 50 9688 256.160188416
5000 40 9843 257.725594368
5000 54 9979 254.741718528
5000 82 10047 267.80613657600003
5000 44 10075 271.15604736
5000 83 10070 268.042562304
5000 60 10097 269.988136704
5000 70 10071 266.211880704
5000 69 10212 268.656520704
5000 39 10127 259.288144896
5000 56 9983 261.592590336
5000 42 10199 272.170153728
5000 73 10113 277.646907648
5000 50 10021 271.275071232
5000 62 10097 280.725967104
5000 62 10032 269.384729856
5000 66 9915 265.077103104
5000 58 9933 259.255501824
5000 76 10123 271.189814016
5000 61 10049 273.798809856
5000 42 9973 260.644108032
5000 48 9990 265.663402752
5000 48 10117 279.68087347200003
5000 60 10230 262.870789632
5000 64 9938 269.33409254400004
5000 44 9942 257.398065408
5000 56 9924 259.43677056
5000 68 10062 271.762385664
5000 82 9861 258.333157632
5000 60 10185 274.395661056
5000 58 10037 265.93312204800003
5000 36 9959 255.75572352
5000 62 10198 268.78475289600004
5000 63 10006 264.730659072
5000 59 9893 257.587047168
5000 71 10157 267.032181504
5000 49 9987 264.576331008
5000 81 10088 274.3618944
5000 48 10084 273.12968601600005
5000 48 9962 265.158127872
5000 62 9932 249.885765888
5000 87 10044 266.696111616
5000 75 10177 266.51872896000003
5000 60 9974 264.58331750400004
5000 68 10171 266.82615168
5000 44 10049 253.807209216
5000 44 9747 249.81019008
5000 56 10004 264.885755904
5000 52 10125 273.899586048
5000 66 9940 262.888572672
5000 66 10070 266.63138304
5000 36 9950 267.48131097600003
5000 67 10195 256.124782848
5000 38 10047 263.113162752
5000 36 9784 245.64208204800002
5000 50 9974 263.5421184
5000 48 10070 271.125153024
5000 54 9994 269.555252736
5000 56 10123 257.580973056
5000 97 9990 266.218208256
5000 49 10111 269.68533504000004
5000 32 10200 259.912257792
5000 52 9951 259.529369088
5000 61 9927 259.748544
5000 57 10028 259.93224576
5000 38 9948 267.708350976
5000 50 10071 266.127130368
5000 74 10088 263.282992896
5000 39 9977 271.491703296
5000 53 10024 265.397822976
5000 62 10117 262.545811968
5000 60 9965 261.564804864
5000 46 10072 261.277142016
5000 64 10155 262.15202534400004
5000 65 10042 267.72247603200003
5000 55 10104 278.455660032
5000 53 10053 257.514994176
5000 76 10106 267.149938176
5000 78 9996 271.417276416
5000 56 9939 254.320805376
5000 70 10020 267.136463616
5000 54 9983 256.117078272
5000 47 9966 250.18113331200001
5000 36 10056 254.31054950400002
5000 40 10051 272.126646528
5000 74 10011 268.817041152
5000 52 10038 263.297405184
5000 49 10104 266.636468736
5000 62 9986 263.889407232
5000 62 10002 266.38795392000003
5000 60 9994 271.93258751999997
5000 52 10037 267.620128512
5000 65 10055 258.66722534400003
5000 74 10118 276.315899904
5000 62 10082 265.916749824
5000 58 9914 259.68467712
5000 50 10057 252.33128448000002
5000 65 10001 263.15582515200003
5000 45 10003 270.376220928
5000 69 10186 264.590084352
6000 94 12181 315.273209856
6000 89 12071 316.528134912
6000 98 11900 315.919405824
6000 88 11987 312.75884851200004
6000 76 12092 322.95221376
6000 98 12057 309.969293568
6000 83 12329 332.519134464
6000 92 12172 321.417735936
6000 106 12169 329.89205145600005
6000 76 12054 313.24843545600004
6000 73 11868 316.771124736
6000 96 11897 329.34235699199996
6000 90 12122 314.70438912000003
6000 80 11772 323.10454809600003
6000 86 12020 307.869044736
6000 97 12082 319.79428377600004
6000 102 12018 310.298444544
6000 104 12042 320.800854528
6000 77 11910 310.473512448
6000 93 12059 323.706299136
6000 82 12182 332.42983910400005
6000 88 12070 325.46479257600004
6000 84 11952 311.612868864
6000 99 12115 326.351443968
6000 90 12114 314.43908812800004
6000 98 12053 326.492779008
6000 107 11948 319.620609792
6000 106 12019 314.02914892800004
6000 106 12162 326.222865408
6000 75 11991 306.145407744
6000 115 12058 318.55370342400005
6000 64 12057 326.956743168
6000 76 12051 309.839878656
6000 92 12012 323.420351232
6000 108 12075 313.28853811199997
6000 64 12168 320.417112576
6000 94 12037 324.01091712
6000 97 12028 322.43365862400003
6000 103 12006 325.752793344
6000 86 11971 321.281554176
6000 73 12063 313.237596672
6000 108 12068 319.55530675200004
6000 108 11992 317.607282432
6000 102 12180 321.72844492800004
6000 90 12042 326.048692992
6000 102 12160 329.347501824
6000 91 12311 326.55390028799997
6000 82 11716 298.661687808
6000 68 11906 311.885257728
6000 82 11975 299.724556032
6000 99 12197 324.58043904000004
6000 98 12119 317.00812492800003
6000 72 11927 318.111940608
6000 86 12109 306.91189478399997
6000 84 12064 327.093744384
6000 95 12156 319.25600256
6000 85 12155 324.442702848
6000 83 12108 324.649222656
6000 62 11897 317.24973772799996
6000 101 11680 311.802534912
6000 88 11988 314.763423744
6000 102 12014 314.667800832
6000 76 11976 320.368823808
6000 66 11993 306.452948736
6000 102 12044 316.667856384
6000 90 12105 325.503915264
6000 87 12039 309.446413056
6000 90 11932 318.88315008
6000 81 11882 312.78688742400004
6000 76 12065 317.42240640000006
6000 88 12062 309.012371712
6000 70 12038 325.213228032
6000 65 12167 326.759490816
6000 66 12118 311.191660032
6000 84 11962 319.429380864
6000 78 12136 324.955817472
6000 80 11969 313.59634944
6000 80 12038 310.264601856
6000 83 12067 309.878731008
6000 90 12266 320.458896384
6000 80 12085 319.700688384
6000 82 12192 326.764534272
6000 91 11999 325.676533248
6000 79 12006 319.663010304
6000 91 12115 321.22776576
6000 93 11925 325.858520064
6000 83 12069 322.215353856
6000 86 12155 323.056242432
6000 104 11999 315.83476531200006
6000 89 11840 312.40763136000004
6000 104 11804 310.792263936
6000 96 12060 330.02052019200005
6000 95 12178 320.65754265600003
6000 104 12025 322.675364352
6000 97 11994 321.776353536
6000 88 11955 309.25303833600003
6000 101 12002 319.849060608
6000 72 12021 313.426020864
6000 80 11950 311.085984
6000 79 12061 315.03990144
7000 118 14059 376.65865036800005
7000 128 14049 363.19552051200003
7000 128 13700 365.04107904
7000 95 14074 377.20721280000004
7000 88 13981 386.58622464
7000 126 13981 370.247682816
7000 136 13954 366.213458688
7000 100 14178 376.921214208
7000 103 14011 372.79314124800004
7000 134 14038 371.958369024
7000 116 14130 365.866397952
7000 117 13943 365.223961344
7000 151 14146 380.56698240000003
7000 146 14087 369.2832
7000 135 14025 361.105780992
7000 130 14081 373.63353984
7000 91 14069 361.973491968
7000 100 14032 373.92589977600005
7000 147 13930 379.942531584
7000 130 14092 375.157525248
7000 108 14182 372.79646976
7000 122 13897 373.783263744
7000 100 14050 376.152150528
7000 136 14193 360.253242624
7000 126 13721 376.411436544
7000 110 13997 367.79495807999996
7000 120 14060 376.937696256
7000 110 14264 369.664517376
7000 112 14180 385.10311910400003
7000 117 13963 371.69745254400004
7000 106 13878 370.567414272
7000 125 14140 373.53055872000004
7000 88 14144 377.538695424
7000 101 13859 362.490230784
7000 109 14011 370.307663616
7000 122 14165 374.02353331200004
7000 112 13866 363.530720256
7000 118 14118 370.215343872
7000 125 13947 370.845522432
7000 106 14059 362.976903168
7000 111 14198 375.43550668800003
7000 113 14051 370.51263744
7000 87 13926 360.15517824
7000 98 14027 366.02340403200003
7000 99 14067 373.362620928
7000 136 14145 369.924808704
7000 99 14113 367.280060928
7000 88 14040 377.572698624
7000 109 14040 367.84488576
7000 112 14058 376.882252032
7000 104 14025 363.560043264
7000 111 14056 373.24469529600003
7000 132 13922 369.92693760000003
7000 124 14041 371.776111872
7000 96 13868 359.090586624
7000 98 14113 361.199148288
7000 144 13972 364.12300953600004
7000 105 14128 365.421847296
7000 105 14225 375.46759219200004
7000 123 14008 379.975233792
7000 119 13842 375.936726528
7000 92 14069 380.41542528
7000 114 13986 360.184357632
7000 118 14141 370.638318336
7000 66 14060 362.742302208
7000 108 14131 378.981014016
7000 109 13915 362.92242201600004
7000 118 13946 378.966610176
7000 122 14132 375.463968
7000 108 13976 367.216548864
7000 131 13986 375.67424716799997
7000 116 14221 383.49453542400005
7000 116 13939 366.48376089600004
7000 135 13844 366.657249024
7000 120 13957 360.59779430400005
7000 125 13968 390.60400896
7000 104 13961 370.05885312
7000 141 14081 369.28124851200005
7000 127 14183 374.442883584
7000 122 13928 366.629716992
7000 104 13936 370.878334464
7000 122 13802 364.449896448
7000 140 14129 369.439842816
7000 134 14061 379.081384704
7000 108 13742 360.77821824
7000 112 14147 378.34448256
7000 98 13993 368.72999116799997
7000 128 13943 377.290712832
7000 88 13984 373.75035033600005
7000 86 13893 363.465053952
7000 116 13915 363.151481088
7000 112 14313 370.44239232
7000 120 14248 380.114515968
7000 94 13909 369.128111616
7000 107 13999 369.80929075200004
7000 115 13945 383.38264166400006
7000 110 13986 370.793263104
7000 115 14055 356.20882176
7000 116 13857 357.468663552
7000 78 14031 374.57554252799997
8000 137 16186 442.973431296
8000 175 16271 434.75134771200004
8000 135 16148 407.382945024
8000 156 15981 422.22831974400003
8000 162 16125 426.05337139200003
8000 201 16232 432.787373568
8000 150 16067 413.53792128000003
8000 170 16272 433.934037504
8000 146 16066 409.18188748800003
8000 127 16057 421.73412864
8000 134 16057 421.480215552
8000 139 16223 427.2799872
8000 155 16006 425.54003712
8000 174 16318 422.223969024
8000 130 15992 418.67285222400005
8000 138 15999 425.416839936
8000 134 15926 430.213817088
8000 160 15969 428.02970496
8000 123 15946 420.10609766400006
8000 157 15917 426.154113792
8000 163 16037 413.300625408
8000 145 16180 428.98193817599997
8000 126 15961 413.38366080000003
8000 119 16128 421.38309734399996
8000 184 16198 430.5916032
8000 156 16221 409.283559168
8000 161 15998 422.04142464
8000 160 16027 427.13079552
8000 161 16097 419.841759744
8000 139 16167 430.430888448
8000 150 16099 436.8388992
8000 148 15982 423.001894656
8000 169 16157 428.81781888
8000 135 15906 425.96274124800004
8000 156 15983 431.63017497600003
8000 136 16025 422.475043584
8000 162 15945 430.49830348800003
8000 154 16206 424.733109504
8000 164 16130 426.97209139200004
8000 131 15941 418.712726784
8000 140 16118 425.239220736
8000 154 16211 429.75427968
8000 155 16057 425.18416512
8000 148 16069 424.33519180800005
8000 150 16047 429.369169152
8000 163 16002 438.16529433600004
8000 147 16104 435.611539968
8000 143 16230 429.182451456
8000 163 15950 411.809359104
8000 171 15936 428.973997056
8000 150 15975 429.255062016
8000 132 16367 429.78964300800004
8000 132 15977 416.463412992
8000 134 16017 420.111571968
8000 154 16282 431.56601241600004
8000 140 15898 423.96970598400003
8000 156 15937 428.952699648
8000 153 16219 425.865868032
8000 147 16041 422.93405721600004
8000 141 16105 430.31974656
8000 161 16083 421.81945344
8000 136 16023 424.256448
8000 131 15943 413.55287424
8000 175 16126 429.97563417599997
8000 139 15839 426.226665216
8000 150 16191 428.76185088
8000 136 15871 415.466912256
8000 133 16213 436.197265152
8000 149 15932 428.281784832
8000 152 16183 420.38815104
8000 155 15979 419.816449536
8000 153 16075 424.53123609600004
8000 128 16070 429.62143488
8000 165 16007 424.650336
8000 163 16016 435.120897024
8000 171 16302 432.73418496
8000 148 16165 428.184362496
8000 151 16073 427.749704448
8000 124 15879 408.647788032
8000 163 15993 429.756357888
8000 173 15996 427.498731264
8000 145 16386 425.466125568
8000 148 16271 433.385762304
8000 157 15847 413.428705536
8000 154 16162 421.472764416
8000 180 16136 415.95466598400003
8000 143 16234 439.92377088
8000 176 16063 416.00600448
8000 149 16034 428.143482624
8000 149 15867 417.803933184
8000 177 16020 415.95252863999997
8000 114 15993 416.04406272000006
8000 164 16139 446.361451008
8000 150 16277 425.74975872000005
8000 148 15977 409.777260288
8000 156 16156 419.20513536000004
8000 141 16041 420.245033472
8000 161 16082 411.95039001600003
9000 191 17784 468.03123840000006
9000 176 18191 483.925322496
9000 193 18320 484.883798784
9000 216 18262 468.92237568
9000 194 17900 482.184493824
9000 183 18237 469.907978496
9000 246 18205 484.32541977600005
9000 207 17944 473.864168448
9000 191 17837 477.655098624
9000 191 17914 466.903607808
9000 202 18302 482.39618380800005
9000 184 18005 471.53347507200004
9000 170 18149 473.19361689600004
9000 211 18280 481.308993792
9000 177 17889 461.297920512
9000 195 17948 456.335041536
9000 192 17989 478.197907968
9000 209 18088 472.07592960000005
9000 200 18232 478.95446016000005
9000 164 18048 473.44979404800006
9000 174 17942 460.34016230400005
9000 204 17894 469.326198528
9000 197 18153 474.96973286400004
9000 164 17998 485.45370086400004
9000 171 17948 477.569647104
9000 198 18207 487.054343424
9000 199 18257 487.338390528
9000 170 18078 479.509612032
9000 209 18120 484.25072256
9000 218 18032 470.87832422400004
9000 187 17814 474.19516953600004
9000 193 18144 493.01575910400004
9000 212 18050 473.91173913600005
9000 200 18061 477.515529216
9000 177 17894 477.68852736
9000 212 17963 487.732109568
9000 208 17900 475.181650944
9000 217 17965 483.220708608
9000 204 17970 482.481931008
9000 177 18038 468.526603776
9000 213 17941 474.87863808
9000 179 18041 474.720897024
9000 173 18028 475.18978636800006
9000 199 18078 485.769487104
9000 179 18168 473.35276032
9000 152 17913 481.633641984
9000 171 17935 469.16709734399996
9000 208 18273 487.835783424
9000 225 18334 493.592968704
9000 206 17811 469.210444032
9000 170 18319 462.71867980800005
9000 213 18189 484.476402432
9000 213 18104 494.18734464
9000 201 18025 486.522702336
9000 184 17839 470.47805798400003
9000 152 18239 477.727236096
9000 201 18057 474.297111552
9000 199 18176 486.310919424
9000 182 18060 489.57753292800004
9000 211 18044 478.326047232
9000 188 17899 475.417468416
9000 202 18178 482.22079487999997
9000 167 17941 478.740734208
9000 188 17981 486.999744
9000 213 18063 472.67715686400004
500 0 947 26.103449855999997
500 0 964 24.872289024
500 2 965 25.00971264
500 0 988 25.815753216
500 2 988 27.357538560000002
500 0 990 26.354870784000003
500 0 994 28.159279104000003
500 0 994 24.658419456
500 0 985 26.854046208
500 0 1005 27.700806144
500 2 1008 25.724675328
500 0 1001 28.720124928
500 2 1009 27.872900352000002
500 0 1029 26.097874175999998
500 0 1014 23.999407872000003
500 4 1039 27.605935104000004
500 2 1035 26.333970432
500 0 1059 26.501823744
500 2 970 25.667313408
500 0 965 25.867835136
500 8 979 23.992776192
500 4 964 27.709693440000002
500 0 996 26.316060672000003
500 0 1009 29.35312512
500 2 1018 23.889068544
500 0 1004 24.956084736
500 0 1048 24.650452991999998
500 2 1046 27.095735039999997
500 0 1019 27.062280960000002
500 0 994 27.274638336
500 0 986 24.69134976
500 0 974 24.46908288
500 2 951 23.964982272
500 2 997 27.174157824
500 0 1084 29.36976768
500 2 1053 28.485929472
500 2 983 28.321734144
500 0 1000 28.21919232
500 2 1108 29.104238592
500 0 1028 25.257585408
500 2 945 24.016025088
500 6 980 23.6104704
500 0 1013 28.182874368
500 0 955 24.345640704
500 2 997 25.802244864
500 0 1072 29.249197824
500 2 1041 30.81859968
500 2 992 26.091335424
500 0 1021 24.863452416
500 0 985 25.76817408
500 0 1010 26.84706816
500 0 1021 28.135582464000002
500 0 1004 25.722276096
500 0 1046 27.589191168000003
500 0 983 24.908674559999998
500 0 977 23.185628928
500 0 995 30.515409408
500 2 1017 24.588537600000002
500 0 1035 24.932058624000003
500 0 989 24.497966592
500 0 960 25.864557312
500 2 992 21.63684864
500 0 1053 27.459151104000004
500 2 984 26.185876991999997
500 2 1006 25.461063936000002
500 2 1008 26.369544960000002
500 0 998 27.963978240000003
500 0 1040 24.593378304
500 0 1030 28.04837376
500 2 998 24.728385792
500 2 995 24.948718080000003
500 2 1018 25.442495232000002
500 6 1017 29.653307904
500 0 1010 27.285527808
500 0 1007 29.108276736
500 0 990 26.95401984
500 2 1038 30.328463616
500 4 967 28.57628928
500 0 1007 26.212124927999998
500 2 1016 23.211631872
500 2 953 25.897572096
500 4 935 27.983805696
500 0 1007 25.843082496
500 2 1001 27.864731136
500 0 951 23.495484672000003
500 0 1007 24.823138560000004
500 2 993 24.836351232000002
500 0 1035 25.733985024
500 6 997 24.043312128000004
500 2 1048 27.67729536
500 4 1016 23.88507264
500 2 966 23.243210496
500 0 1000 26.1140352
500 0 1029 25.30176
500 6 942 27.652534272
500 2 966 23.545961472
500 2 1023 28.072214016
500 0 1011 26.103230208
500 2 966 26.751242496
500 2 967 26.881536
1000 8 2065 50.123538432000004
1000 6 1999 51.884625408
1000 4 1956 52.991169792
1000 4 1998 48.105243648000005
1000 4 2000 54.004152575999996
1000 6 2043 53.35731456
1000 6 2042 52.583621376
1000 2 1972 50.023049472000004
1000 4 2011 52.757185536
1000 12 1939 49.568116224
1000 8 2030 53.669316096
1000 2 1939 49.92446976
1000 3 2083 53.872465152000004
1000 8 2024 52.943455488
1000 2 1987 50.838019584
1000 0 2038 49.370551296
1000 4 1961 47.495348736000004
1000 8 2000 56.239552512
1000 0 1951 52.029609984
1000 6 2031 51.765567744
1000 6 1988 57.336331008
1000 0 1957 49.302874368
1000 6 1947 45.167350272
1000 4 2048 55.914279168
1000 8 1964 54.142801152000004
1000 2 2031 55.5407424
1000 6 2071 57.380547840000006
1000 4 1986 53.696434176
1000 6 1955 49.474732032
1000 2 1981 51.240009216
1000 10 1987 51.814135296
1000 8 1985 54.688026623999995
1000 6 2021 54.300440832
1000 6 1974 49.091936256
1000 4 2002 53.870091263999996
1000 4 1933 52.186396416
1000 8 2012 51.282840576
1000 4 2029 53.337985536
1000 6 2031 53.275689984
1000 9 2019 49.823837184
1000 4 1997 54.113841408
1000 2 2035 52.293364992
1000 2 2055 54.516988416000004
1000 8 2008 55.19471232
1000 6 1977 53.58866304
1000 4 2032 58.322347776
1000 6 2032 51.710478336
1000 4 1986 53.202640128
1000 4 1993 51.165388031999996
1000 4 1957 48.451915776
1000 0 2025 49.857848832
1000 4 1962 53.352355584
1000 0 2052 49.318562304
1000 14 2027 54.098111232
1000 2 2069 50.752627200000006
1000 4 2051 56.734182912
1000 8 1989 55.673240832000005
1000 4 1950 50.930271744
1000 6 1948 53.277793536
1000 2 2039 57.118228992
1000 6 2032 52.930884864
1000 2 1959 55.804269312
1000 4 2004 54.096734208
1000 10 2084 54.47528064
1000 4 1968 50.379073536
1000 8 1991 51.810257664000005
1000 10 2002 52.866105600000004
1000 4 2052 53.344372224
1000 0 2047 51.630475776
1000 10 1994 53.025882624
1000 6 2059 52.708854528
1000 2 2035 57.492221952
1000 6 1973 48.206281728
1000 8 2053 53.243401728
1000 8 1991 53.71952256
1000 2 2019 53.333457408
1000 4 1931 52.992183552
1000 8 2061 58.275681024
1000 4 1957 59.590857215999996
1000 4 2058 53.78237568
1000 8 1974 50.040393216
1000 6 2033 53.289494016000006
1000 6 2004 52.186548480000006
1000 12 2055 50.602877952
1000 6 2070 51.785707776
1000 8 2041 49.862909184
1000 4 1943 47.430248448
1000 6 1976 56.013636096
1000 6 2073 55.973558784000005
1000 4 1954 51.166714368
1000 6 2021 53.568531456
1000 2 1999 51.76980864
1000 8 1984 52.850121984000005
1000 6 1940 48.698191872
1000 4 2051 57.50626252800001
1000 6 2004 51.094661376000005
1000 6 2002 53.666460672
1000 4 2056 55.214590464000004
1000 6 1992 49.374268416
1000 2 1958 51.253551359999996
2000 16 3935 105.95914982400001
2000 28 3889 101.20995456
2000 24 4035 108.69179904
2000 12 4005 101.111433984
2000 22 4026 101.747044608
2000 16 3959 100.77799142399999
2000 16 4012 108.25271423999999
2000 6 4071 107.202382848
2000 22 4059 107.67666201600001
2000 35 4028 110.32716287999999
2000 26 4096 111.665309184
2000 20 3925 105.458935296
2000 26 3938 103.716847872
2000 22 3975 107.256052992
2000 18 4030 106.305965568
2000 16 4026 108.774091008
2000 28 4055 109.283040768
2000 29 4051 104.037364992
2000 22 4006 104.41946803200001
2000 40 4101 108.76838015999999
2000 18 4019 103.370555904
2000 25 4045 108.970143744
2000 32 3947 109.955433984
2000 18 4010 99.29774976
2000 20 4105 105.128846592
2000 24 4024 110.380376832
2000 16 4047 103.315044096
2000 24 4062 105.74753587200001
2000 12 4059 107.758649856
2000 22 3922 113.031823872
2000 24 4030 104.98439424000001
2000 10 4053 105.440594688
2000 26 4055 106.847702016
2000 28 4103 111.097392384
2000 16 4089 103.94416665600001
2000 14 4076 107.917573632
2000 16 3892 100.07884339200001
2000 12 4056 98.307906048
2000 12 4042 101.472653568
2000 20 3945 103.56712396799999
2000 12 3976 99.761147904
2000 28 4039 110.736958464
2000 20 3993 102.03769804800001
2000 22 4048 110.52289459200001
2000 16 3947 103.843770624
2000 4 4046 102.41556864
2000 18 4061 111.08107084800001
2000 16 3860 101.82129408
2000 16 4163 102.47774592
2000 21 3950 100.086987264
2000 18 4032 109.572097536
2000 34 4022 110.463369984
2000 18 4030 109.826095104
2000 34 4041 106.627378176
2000 20 4058 109.42843929600001
2000 24 4067 114.168789504
2000 32 4073 111.481945344
2000 20 3943 106.719351552
2000 12 4055 112.18878950400001
2000 27 3886 108.084903168
2000 40 4047 103.31257728
2000 30 4010 107.17558579199999
2000 6 3942 107.278397952
2000 22 4033 108.62193408
2000 14 3973 105.01056614400001
2000 13 3939 109.102523904
2000 30 4086 109.744267776
2000 10 3975 103.851627264
2000 26 4079 115.656017664
2000 14 4030 104.828841216
2000 28 3999 108.700804608
2000 16 4015 100.72305408
2000 22 4055 107.601272064
2000 32 4102 111.21859584
2000 47 4023 103.705341696
2000 16 4056 103.865617152
2000 10 3932 100.158195456
2000 30 4100 108.41525376
2000 24 4086 106.712973312
2000 16 4015 99.8921088
2000 14 4118 104.37962726399999
2000 26 4103 112.98173568000001
2000 20 3955 104.15218176
2000 40 4067 113.046126336
2000 26 4087 116.769540096
2000 24 4022 102.373303296
2000 22 4054 104.92021478400001
2000 30 4027 113.938412544
2000 20 4073 103.979175168
2000 20 4056 105.3429696
2000 18 3915 104.097320448
2000 16 3973 107.102654208
2000 20 3965 111.148156416
2000 16 3965 104.752150272
2000 21 4036 104.627432448
2000 32 3998 102.979835904
2000 18 3980 113.539312128
2000 26 4103 103.988070912
2000 18 3938 105.481719552
2000 16 4076 109.54340812800001
3000 38 6005 158.884121088
3000 44 5984 148.868763648
3000 50 5990 161.44932249599998
3000 38 6042 162.672736512
3000 40 6029 160.661690112
3000 38 6057 159.02201779199999
3000 38 6017 155.106327552
3000 48 6075 162.99055872
3000 44 6103 162.08560896
3000 39 6086 162.854993664
3000 28 5941 155.62132608000002
3000 60 6029 162.71958067199998
3000 64 6062 166.16698137600002
3000 59 5991 157.997689344
3000 42 6167 159.833144064
3000 46 6091 158.65588992000002
3000 40 6024 152.82653337600001
3000 42 6122 165.19861247999998
3000 45 5899 153.814265088
3000 64 6065 156.758959104
3000 30 6002 153.56378188800002
3000 46 6188 162.267164928
3000 60 5941 152.76957696
3000 58 6017 159.18412646400003
3000 40 5978 153.01499136
3000 46 5980 155.797754112
3000 54 5838 160.009926912
3000 24 5950 150.924094464
3000 40 5850 154.30914048
3000 38 6070 162.503523072
3000 36 5969 157.139786496
3000 45 6040 172.03579008000003
3000 42 6065 164.73291648
3000 34 5910 153.349337856
3000 40 6096 159.985529088
3000 40 5974 152.987687424
3000 34 6029 154.80736972800003
3000 38 6110 168.06987647999998
3000 36 5940 150.149252352
3000 45 6074 164.494023936
3000 58 5957 160.321886208
3000 32 5965 152.196946176
3000 50 5988 161.590328064
3000 38 6010 158.424423168
3000 50 6064 156.97069132800002
3000 60 6219 164.239249152
3000 47 6003 156.91130188800003
3000 56 5939 158.877894912
3000 52 5938 157.504055808
3000 38 6025 158.052736512
3000 44 6073 167.804828928
3000 26 6025 149.406208512
3000 52 5920 150.10076928
3000 52 6156 161.106941952
3000 40 6003 154.16566809600002
3000 54 6033 163.39021670399998
3000 57 6030 160.34982374400002
3000 38 6161 166.96418534400001
3000 67 6181 157.81759488
3000 44 5927 152.07513446400003
3000 60 6030 158.61022848
3000 48 5978 164.357597184
3000 44 5980 151.95952358399998
3000 50 6164 157.809256704
3000 28 5991 158.285673216
3000 48 5968 161.023087104
3000 48 6097 158.264299776
3000 44 5971 152.42314137600002
3000 60 6036 160.856830464
3000 30 6090 162.41295206400002
3000 42 6142 165.04046592
3000 36 6055 154.469221632
3000 66 6078 152.075708928
3000 38 6112 165.417432576
3000 47 5991 169.870533888
3000 38 6165 170.474439168
3000 54 6090 163.40193408000002
3000 42 5875 157.525733376
3000 42 5957 146.52255974399998
3000 44 6042 154.73878886399999
3000 44 5996 165.90836275200002
3000 40 5993 161.608854528
3000 55 6213 168.234502656
3000 49 6044 162.85606656000002
3000 40 5898 163.95532876800002
3000 50 5979 159.515152896
3000 54 6104 155.98121088
3000 42 6036 163.319025408
3000 54 5976 157.60660608
3000 46 5990 157.015178496
3000 50 6047 166.785290496
3000 36 5938 157.12135296
3000 49 6003 158.991723264
3000 46 6200 158.346456576
3000 50 6077 165.587102208
3000 48 6083 163.60936627200002
3000 35 5958 156.879833088
3000 36 5984 154.679441664
3000 32 5938 154.20519628800002
3000 40 5981 156.85152384
4000 76 8068 213.943749888
4000 65 7943 210.73882368
4000 92 7983 208.924852224
4000 88 8031 214.616269824
4000 81 7999 215.622097152
4000 114 7953 214.238500608
4000 62 7972 208.476728064
4000 92 7908 204.847163136
4000 78 8024 216.022566144
4000 84 8099 215.09544883200002
4000 75 7896 214.81784755200002
4000 76 8017 217.366752768
4000 70 8056 218.214315264
4000 82 8080 212.38110643200002
4000 111 8061 221.65820159999998
4000 74 7925 210.39283584
4000 74 7820 198.969881088
4000 75 8028 220.357632
4000 83 8146 213.70086144
4000 96 8050 215.97405772800002
4000 77 7999 210.991520256
4000 84 8047 221.767282176
4000 80 7902 201.90536678400002
4000 82 8000 209.381365248
4000 106 8080 220.742345472
4000 70 8066 212.469295104
4000 84 8010 217.137414912
4000 92 7979 207.481824
4000 77 8043 202.23129907199998
4000 75 8181 216.63877171200002
4000 52 8191 216.918527232
4000 60 7970 201.61469644800002
4000 68 8047 214.094909952
4000 78 8075 216.10288128
4000 86 8046 222.26922009600003
4000 72 7971 203.374338816
4000 81 7890 207.47122176
4000 100 7986 217.26459955200002
4000 70 7928 211.241412096
4000 103 8018 217.72982246400002
4000 90 8054 213.009443328
4000 82 7967 213.68587468799998
4000 70 8086 199.64062694400002
4000 70 7986 209.722672896
4000 76 8064 214.888878336
4000 81 8024 214.455259392
4000 99 8072 219.163794432
4000 70 8051 210.28305408
4000 90 7955 212.372776704
4000 74 8007 216.74063769600002
4000 90 8029 221.34385152000002
4000 82 7899 213.03497318400002
4000 104 8036 214.370052864
4000 86 7914 213.20648448
4000 64 7867 205.59289344
4000 78 8016 215.977124352
4000 88 8189 216.81247104
4000 66 8051 207.967997952
4000 106 7941 211.93296537600003
4000 66 7994 206.167593984
4000 44 8133 209.73790464
4000 68 8136 209.15559244800002
4000 61 7945 211.37314175999998
4000 78 8069 210.39519283200002
4000 60 8022 214.97764992
4000 78 7929 211.671068928
4000 59 8076 211.52274739199999
4000 80 8054 213.002541312
4000 68 8025 206.689502976
4000 99 8029 204.095840256
4000 76 7930 214.75448755200003
4000 90 8105 216.562646784
4000 96 8213 226.92208281600003
4000 102 8080 214.240240896
4000 64 7933 211.11666047999998
4000 77 8146 219.868273152
4000 78 8018 217.866815232
4000 66 7821 199.529544192
4000 90 8051 208.817554176
4000 70 8062 203.498642688
4000 93 8005 208.31792256
4000 67 7746 202.66820428800003
4000 97 8078 215.302146048
4000 110 7998 213.930976512
4000 82 8026 218.434808064
4000 78 8037 206.62374374400002
4000 66 8031 205.70419584
4000 67 7900 214.388241408
4000 80 7864 217.085248512
4000 83 8108 215.88423014399999
4000 76 8055 215.08476211200002
4000 74 8053 209.95925913600001
4000 94 8160 226.54717747200002
4000 102 8238 216.425544192
4000 104 8044 211.431838464
4000 89 7951 205.57130880000003
4000 111 8018 207.814683648
4000 104 7947 211.388677632
4000 111 8040 213.51121228800002
4000 88 7868 209.546067456
5000 151 10001 257.264468736
5000 118 10059 261.286536192
5000 135 10005 264.734266368
5000 105 10119 273.83499264
5000 136 9887 272.11008
5000 122 9936 259.996011264
5000 110 10125 260.414491392
5000 113 10131 266.22397824
5000 127 10211 270.588460032
5000 128 10060 258.28522368
5000 122 10005 266.236726272
5000 155 10051 264.215609856
5000 122 10022 261.363455232
5000 159 10013 261.320666112
5000 116 9908 258.07993728
5000 154 9953 270.90491366400005
5000 115 10078 258.606154752
5000 124 10140 268.608916224
5000 110 9888 264.646761984
5000 120 9991 262.53414528
5000 138 10236 267.345475584
5000 123 10222 273.586925568
5000 116 10061 267.273067776
5000 119 10054 266.483095296
5000 149 9997 268.536989952
5000 130 10076 264.23671296000003
5000 138 10073 273.89484672000003
5000 132 10065 277.128006144
5000 144 10005 266.686920192
5000 130 9883 257.505110016
5000 125 9826 258.47271859200004
5000 143 10235 272.66473344
5000 107 9950 259.952318208
5000 122 10041 261.263625216
5000 128 10161 264.188060928
5000 143 9962 268.28394700800004
5000 136 9974 259.998072576
5000 136 10069 251.485234176
5000 124 9991 260.72604518400004
5000 118 9982 276.40766207999997
5000 127 9984 258.615777024
5000 100 10032 253.146102528
5000 133 9979 265.49255884800004
5000 108 9855 255.500095488
5000 130 9871 254.584214016
5000 130 9878 264.590363136
5000 102 9934 259.250897664
5000 122 10092 271.716665088
5000 114 9985 258.06332006400004
5000 133 9928 259.59878630400004
5000 112 9973 256.42907136
5000 130 9997 276.142403328
5000 135 10066 264.014074368
5000 104 9985 270.392170752
5000 143 9892 260.06024140799997
5000 147 10030 264.933681408
5000 126 10001 265.418410752
5000 129 10267 264.813525504
5000 139 10059 259.319706624
5000 128 10156 269.707198464
5000 98 10175 257.951451648
5000 120 10044 256.674460416
5000 107 9991 266.685458688
5000 148 10099 269.119606272
5000 85 10180 265.31278540799997
5000 124 10047 254.25399859200002
5000 101 9819 250.539953664
5000 96 10023 269.09542809600003
5000 121 9966 259.650471168
5000 139 9980 266.868535296
5000 112 9963 265.56878515200003
5000 114 10008 260.140041216
5000 128 10028 258.666642432
5000 137 10153 268.84879718400003
5000 120 10080 268.347104256
5000 174 10131 272.964029184
5000 136 9844 256.72022323199997
5000 124 10039 267.244065792
5000 110 10181 261.87357081600004
5000 125 10136 261.664280064
5000 136 10135 268.204113408
5000 114 10111 266.16000153600004
5000 114 10097 267.349150464
5000 120 10104 278.170573824
5000 118 10013 268.38100608
5000 128 10199 253.508327424
5000 144 9974 267.75114009600003
5000 126 10033 267.35051059200003
5000 132 9865 261.849679872
5000 108 10228 266.431790592
5000 121 10138 270.467949312
5000 123 10011 270.99496934399997
5000 121 10195 267.613243392
5000 116 10017 265.807652352
5000 115 9979 263.71585152
5000 120 10091 267.151306752
5000 145 10047 263.095269888
5000 129 9981 263.377221888
5000 124 10123 264.682961664
5000 126 10074 270.855923712
6000 186 12024 303.49917312
6000 168 11886 307.53854207999996
6000 164 12093 321.139855872
6000 186 11828 309.24355968000003
6000 182 12093 323.199140352
6000 171 12027 322.324459776
6000 213 12020 315.210542592
6000 169 12024 309.725247744
6000 211 12040 328.250224896
6000 170 12082 312.070910976
6000 175 12168 335.092572672
6000 150 11985 313.34758963200005
6000 223 12043 321.218878464
6000 202 12063 325.899230976
6000 170 11961 316.32493516799997
6000 187 12112 325.446637824
6000 190 12279 313.27122816
6000 159 12080 318.288807936
6000 190 11958 313.19532288
6000 183 11947 306.644836608
6000 164 11976 312.41966131199996
6000 198 12197 327.414852864
6000 175 11920 320.259557376
6000 147 11929 313.700614656
6000 194 12008 313.27339084799996
6000 185 11949 311.807088384
6000 167 12059 310.45510425599997
6000 166 12073 303.275149056
6000 211 12048 316.75514956800004
6000 162 11857 307.833529344
6000 169 12142 318.819274752
6000 180 12134 320.488177152
6000 170 11942 308.184712704
6000 186 11939 308.538878208
6000 232 11988 328.38410880000004
6000 203 12241 326.809131264
6000 166 11861 312.18637824
6000 198 11942 321.98508672
6000 200 11784 309.89360793599997
6000 185 11935 310.723159296
6000 191 12225 338.109074688
6000 238 12144 314.232205056
6000 182 11879 316.935362304
6000 160 12006 315.67675392
6000 139 12079 326.233645056
6000 215 11994 310.139884032
6000 182 11970 318.337899264
6000 168 11995 322.994343936
6000 195 12147 329.997693696
6000 167 12223 325.809225984
6000 183 12115 319.840975872
6000 168 11965 313.17969408
6000 172 12175 322.418705664
6000 167 12155 319.59592473600003
6000 174 12032 315.972949248
6000 169 12051 314.34125184000004
6000 187 12195 318.595723776
6000 176 11887 310.315661568
6000 217 12096 321.86360448
6000 177 12133 321.910245888
6000 179 12129 314.83829836800004
6000 193 12130 319.669633536
6000 159 11852 318.893101824
6000 194 12074 322.180649472
6000 192 11960 313.2970368
6000 181 11986 309.615508224
6000 143 12110 317.46241612800003
6000 167 12041 324.406604544
6000 199 12112 322.145227008
6000 141 12130 330.443849472
6000 184 11919 329.139326208
6000 207 11953 320.949513984
6000 191 11825 314.547264768
6000 157 12002 323.37142041600003
6000 140 12178 322.33517184000004
6000 167 12272 318.74734848
6000 181 11933 321.33626342400004
6000 197 12080 319.79664921600005
6000 150 12129 318.408440064
6000 199 12024 315.805645056
6000 181 11884 319.14496204799997
6000 202 12015 316.05932160000003
6000 140 11973 303.116487168
6000 155 11946 306.14690304000004
6000 186 12153 331.699931904
6000 205 11956 315.244157184
6000 164 12108 315.850723584
6000 220 12153 330.48913075200005
6000 169 12342 326.829186816
6000 156 11931 317.499781632
6000 187 11810 316.62101222399997
6000 177 11788 321.885417216
6000 206 11973 320.115823104
6000 166 11984 314.932687872
6000 166 12240 323.38573977600004
6000 173 12083 315.612963072
6000 159 11882 317.559551232
6000 183 12260 319.27758719999997
6000 178 11988 321.086380032
6000 160 12193 324.025920768
7000 269 13865 377.572225536
7000 248 14054 361.131623424
7000 246 13855 371.252749824
7000 231 14006 358.56108288
7000 243 14000 377.580884736
7000 252 14212 379.95783936000004
7000 218 13947 354.621248256
7000 257 14168 368.24912256
7000 250 14048 378.362586624
7000 188 14250 365.55673651200004
7000 246 14066 372.547270656
7000 221 14110 379.087213824
7000 220 14207 376.120031232
7000 255 14128 363.990249216
7000 233 13990 370.09615104
7000 237 13976 367.71922176
7000 267 14033 369.09062784
7000 257 14166 377.026780416
7000 261 13559 358.82244710400005
7000 229 13960 364.19171712
7000 234 13868 358.140211968
7000 230 13999 381.96493209600004
7000 264 14191 372.21577113600006
7000 238 13918 360.47641344
7000 267 13943 378.60165657600004
7000 228 14012 370.898432256
7000 275 14122 385.63878144
7000 290 14061 378.843869184
7000 230 14002 370.387683072
7000 264 13931 372.768439296
7000 226 14122 369.06290995200004
7000 264 14096 383.22850790399997
7000 176 13856 353.359471872
7000 257 14153 375.9343104
7000 300 14262 383.124014592
7000 198 14220 364.915220736
7000 269 13873 357.124652544
7000 209 14028 373.560937728
7000 269 13881 364.911436032
7000 249 14083 387.430779648
7000 212 14015 363.251699712
7000 289 14113 372.295368192
7000 221 14077 372.667097088
7000 231 14031 367.70473344
7000 254 13851 370.896632832
7000 197 14206 364.35021849599997
7000 267 13952 382.39428480000004
7000 274 14167 380.787002112
7000 219 14163 374.93956684799997
7000 266 13966 380.028903936
7000 220 14155 379.37256192
7000 268 14131 371.195134464
7000 280 14140 388.53486566400005
7000 255 13869 365.677052928
7000 295 13984 362.204037888
7000 267 14048 380.365615872
7000 263 14064 372.77526528000004
7000 256 14024 370.83112704
7000 241 14038 372.550683648
7000 240 13989 359.999844864
7000 240 14167 374.643109632
7000 251 13965 359.219300352
7000 226 14138 360.406616064
7000 263 14109 384.385537536
7000 269 13985 358.982283264
7000 269 14343 369.274143744
7000 269 14336 376.57547136
7000 235 13891 361.13435212800005
7000 261 14178 377.03527910400004
7000 240 14208 366.6248256
7000 229 14107 363.541525248
7000 265 14019 362.7683136
7000 220 14043 373.5072
7000 264 14035 369.989300736
7000 222 13950 363.562434048
7000 228 13963 370.61612544
7000 227 14116 360.394493184
7000 244 14047 364.02191232
7000 219 13988 352.71107097600003
7000 224 14069 369.733469952
7000 246 13830 359.979299328
7000 250 14058 377.07114931200005
7000 232 14033 374.590292736
7000 210 13882 360.66526848
7000 243 14166 365.448010752
7000 303 14124 373.7272704
7000 250 14145 365.67413836800006
7000 271 13991 370.9119744
7000 261 13972 378.351629568
7000 276 14171 381.350188032
7000 210 14103 373.349585664
7000 240 13899 370.239758592
7000 239 14088 375.26497536
7000 289 14272 382.298957568
7000 212 13985 366.67542912
7000 227 14159 382.51351987199996
7000 274 13963 377.480725248
7000 269 13950 369.227882496
7000 259 14240 380.36764339200005
7000 280 14083 374.426883072
8000 318 15827 413.93007744
8000 371 16190 435.80473728000004
8000 355 15867 429.364793088
8000 383 16149 444.228880128
8000 302 16352 441.66646656
8000 349 15869 433.27266892800003
8000 271 16217 411.938393856
8000 313 16004 422.309910528
8000 322 16044 423.61510963200004
8000 298 15867 420.15060172799997
8000 313 15936 435.19134489600003
8000 318 16241 425.459747328
8000 354 16192 423.48839807999997
8000 268 16209 423.7132416
8000 313 15874 420.880635648
8000 341 15883 435.153599232
8000 356 16078 431.819063808
8000 327 16034 427.987296
8000 366 16127 432.176481792
8000 327 16204 425.198923776
8000 307 15927 417.13214822400005
8000 394 16154 437.09972275200005
8000 328 15892 423.912707328
8000 321 16256 443.928781824
8000 296 15825 419.162540544
8000 309 15953 411.637484544
8000 314 16228 418.69901568
8000 291 16001 428.305726464
8000 363 16207 427.831016448
8000 316 15908 431.295853824
8000 269 15991 416.338171392
8000 309 16093 419.063555328
8000 339 16114 428.129830656
8000 340 16024 431.687764992
8000 335 16054 431.14445721600003
8000 294 16014 428.194677504
8000 362 15982 420.22466534399996
8000 298 16033 428.12871551999996
8000 325 16070 427.125566208
8000 343 16229 434.734367232
8000 350 15961 414.780698112
8000 372 16065 433.43444812800004
8000 345 16082 424.028402688
8000 327 15945 426.71849088
8000 299 15873 404.71572556800004
8000 251 16126 419.266484736
8000 314 15952 411.570246912
8000 297 15977 424.47960192
8000 289 16034 404.40757632
8000 326 16116 427.03119360000005
8000 339 15949 429.755774976
8000 297 16012 422.722595328
8000 347 15885 427.26778828799996
8000 313 16177 429.67447142400005
8000 321 15898 420.639284736
8000 313 16208 431.01445094400003
8000 314 16060 423.957861888
8000 395 15988 433.830617088
8000 303 16096 409.930515456
8000 281 16097 419.243033088
8000 335 16146 436.341709056
8000 275 15738 409.087911936
8000 323 15794 414.761943552
8000 318 16055 424.012697856
8000 294 16028 435.76369689600006
8000 309 16149 423.43439846399997
8000 324 16123 425.828215296
8000 326 16189 433.435309824
8000 274 15968 416.488182528
8000 367 16089 428.49219072000005
8000 332 16099 423.623464704
8000 305 16003 428.08613760000003
8000 304 16150 416.063231232
8000 321 16156 433.009285632
8000 304 16182 421.60598937599997
8000 334 15868 435.474226176
8000 376 16114 424.237870848
8000 276 15955 409.346860032
8000 323 16169 440.945463552
8000 323 16223 418.130220288
8000 346 15972 410.044242432
8000 337 16109 421.416238848
8000 309 16151 427.962906624
8000 289 15907 418.06613376
8000 345 15926 426.018624768
8000 370 15988 428.874952704
8000 307 15978 417.90715929600003
8000 339 16034 413.614620672
8000 344 15765 422.011070976
8000 333 16139 443.052850944
8000 293 16107 413.17364352
8000 350 16083 431.569155072
8000 288 15844 418.11209088
8000 375 16127 435.64021248
8000 314 15823 407.998179072
8000 320 16151 412.31101824
8000 323 16073 432.638562048
8000 297 15848 415.489206528
8000 299 16048 403.69606886400004
8000 349 16233 438.51384192
9000 483 18221 499.85987251200004
9000 405 18215 482.400264192
9000 418 17906 489.303462912
9000 367 18051 463.64872857600005
9000 436 18106 478.523831808
9000 352 18242 470.348837376
9000 441 18093 461.842005504
9000 410 17964 470.282208
9000 388 18145 474.88898688
9000 419 17860 471.544364544
9000 394 18045 474.53317401600003
9000 392 18118 473.49309004800006
9000 435 17941 476.25190272000003
9000 504 18241 494.31756211199996
9000 441 18038 491.204499456
9000 371 18004 477.553494528
9000 414 18222 483.805757952
9000 407 18101 484.029275136
9000 459 18149 489.42744576
9000 421 17962 479.72567807999997
9000 427 18233 493.97825664
9000 432 18000 490.556470272
9000 421 18172 489.699614976
9000 439 17893 478.35293721600004
9000 438 18070 468.27677107200003
9000 362 17823 460.008350208
9000 431 18124 477.5656512
9000 382 18103 479.244344832
9000 423 18172 479.237789184
9000 388 17899 469.492674816
9000 383 17897 465.48128563200004
9000 397 18066 460.13577139200004
9000 371 18067 473.51526604800006
9000 369 17876 459.513914112
9000 426 18280 477.639326208
9000 380 18060 472.996905216
9000 421 17655 462.25302604800004
9000 395 17859 463.858483968
9000 444 17804 484.412738304
9000 386 18096 480.61672243199996
9000 404 17847 486.549702144
9000 461 18074 489.408741888
9000 417 17934 462.256118016
9000 412 18015 477.82192128
9000 453 18124 478.886006016
9000 458 18169 477.93717734399996
9000 379 18123 471.14479104000003
9000 390 17975 461.74104345600006
9000 445 18110 491.237919744
9000 344 17981 472.776336384
9000 456 18276 488.151468288
9000 406 18282 485.61193190399996
9000 444 18158 480.515870208
9000 406 17786 463.1504064
9000 413 17972 478.018531584
9000 422 18130 482.5132224
9000 411 18162 481.97413862400003
9000 367 18039 463.863307776
9000 415 18173 488.16293222400003
9000 411 18030 480.375050496
9000 374 18086 484.48599936
9000 391 17848 476.861882112
9000 393 18049 474.18458419200005
9000 403 18040 481.0234176
9000 375 18009 463.990957056
9000 436 18184 476.62275302399996
9000 365 18025 475.283871744
8000 294 15938 423.684746496
9000 397 17851 475.835855616
9000 366 17884 472.73854848
9000 370 17974 470.63368704000004
9000 406 18014 477.876850176
9000 413 17995 467.57660928
9000 417 18050 488.83367807999997
9000 400 18059 480.32976921600005
9000 445 18119 484.985690112
9000 445 18150 487.863104256
9000 466 18147 485.48092032
9000 472 18276 489.783976704
9000 426 18147 478.782982656
9000 397 18260 467.488640256
9000 398 18231 490.440665088
9000 411 18177 489.144598272
9000 430 18416 494.316784896
9000 412 18157 478.925846784
9000 381 18016 474.829774848
9000 411 18073 477.34619750400003
9000 394 18123 478.762276608
9000 393 18220 476.740171776
9000 384 18306 478.933230336
9000 387 17902 465.44749363200003
9000 419 18019 469.83238579199997
9000 369 17939 469.702396416
9000 359 17965 470.132230656
9000 435 18146 464.876831232
9000 402 17917 483.027122688
9000 411 18207 477.05538355199997
9000 398 18003 476.567959296
9000 413 18118 489.05729664
9000 402 18059 480.04595865600004
9000 384 18168 479.45876352
9000 422 18176 479.28414336000003
9000 390 18139 471.424749312
9000 413 18311 488.62195430400004
9000 414 17851 477.03642624
9000 386 18003 458.78874624
9000 408 17996 474.949736448
9000 397 17865 480.457815552
9000 415 17927 466.72133376
9000 448 17994 477.05504563200003
9000 361 17947 470.888343552
9000 424 18020 479.849568
9000 413 17979 479.174201088
9000 465 18124 481.147493376
9000 441 18186 482.095274496
9000 425 18105 474.828803328
9000 416 17814 479.431890432
9000 460 18141 486.434707968
9000 353 18218 467.05644057600006
9000 435 18145 477.13357824
9000 457 18051 485.083686912
9000 409 18222 472.14883584000006
9000 391 17779 466.906353408
9000 458 18058 478.949061888
9000 422 18014 488.45983718400004
9000 414 17984 476.53786751999996
9000 392 18017 480.186398208
9000 403 18222 497.31297792000004
9000 358 18113 463.949046528
9000 339 17910 465.035121408
9000 362 18029 467.125502976
9000 500 17753 473.81953766400005
9000 402 17944 473.00005632
9000 411 18050 491.47722624
9000 391 17871 470.518295808
9000 364 18050 472.13566540799997
9000 360 17946 461.01922944
9000 392 17971 466.038794496
9000 398 18038 465.66338227200004
9000 397 18349 473.813691648
9000 367 18015 482.552640768
9000 386 18136 484.081019136
8000 20 15971 421.82923622400006
8000 10 16274 427.520214528
9000 12 18400 489.828185088
9000 10 18149 486.430450176
9000 16 18457 480.29198976
9000 14 18064 490.90146124800003
9000 16 17986 478.66984704000004
9000 26 18105 479.363140608
9000 10 17935 485.563727616
9000 14 18164 485.399718144
9000 12 17959 459.954156288
9000 10 17896 466.579779072
9000 12 18039 484.48568678400005
9000 24 17931 473.11262592
9000 8 17823 459.130645248
9000 16 18277 492.23273932800004
9000 20 18291 496.19017113600006
9000 12 18018 474.89372620800003
9000 24 18274 491.701748736
9000 20 17910 464.612476416
9000 12 18086 476.788950528
9000 16 17982 476.002745856
9000 10 17992 472.03683225599997
9000 14 17952 451.27900646399996
9000 12 18163 481.17555763200005
9000 10 17809 477.389814528
9000 20 18041 472.38632601600006
9000 16 17967 468.744021504
9000 28 18047 482.389070592
9000 10 17975 474.218207232
9000 14 18121 478.016233728
9000 12 18150 477.97542144
9000 8 18055 481.046168064
9000 12 18143 480.754196736
9000 10 17819 458.639318016
9000 14 18128 476.62773734399997
9000 8 18198 487.48207411199996
9000 18 18142 479.7748032
9000 24 18093 480.29439744
9000 10 17932 456.886518528
9000 6 18236 473.393927424
9000 10 18080 478.18740710400004
9000 16 18130 478.807321344
9000 16 17865 464.66462592
9000 20 18131 489.258409728
9000 14 17963 469.866938112
9000 10 18279 484.016484864
9000 14 18191 481.60414156800005
9000 6 17965 473.67931776
9000 6 18004 473.22604032
9000 24 17933 475.63342464
9000 12 18014 467.674386432
9000 14 18018 476.18082124800003
9000 20 18196 486.34007347200003
9000 28 18576 496.05904128000003
9000 16 17898 461.00976768
9000 22 17864 460.74109593599997
9000 14 18241 508.10086272
9000 14 18161 475.696632576
9000 14 18110 480.882226176
9000 14 17886 478.724725248
9000 8 18125 475.34093798400005
9000 12 17991 477.519161856
9000 18 17919 459.7272768
9000 10 18397 476.30228659200003
9000 22 18057 484.510422528
9000 14 17993 483.651826944
9000 387 18074 476.533711104
9000 431 17965 466.473883392
9000 392 18023 473.49603840000003
9000 428 18428 478.04433177600004
9000 447 18358 482.22390374400004
9000 377 18089 476.320568064
9000 422 17890 471.901199616
9000 394 18036 472.14254208
9000 404 17992 474.893540352
9000 425 18196 488.323866624
9000 421 17843 462.944334336
9000 354 18039 476.871318528
9000 413 18159 479.95898649599997
9000 443 18100 489.03727488
9000 161 17851 453.87627648
9000 173 18004 476.663328768
9000 189 17909 468.297713664
9000 179 17909 474.897189888
9000 188 18035 476.436820992
9000 165 18242 482.615806464
9000 196 18056 468.80870784
9000 174 18216 473.83071436800003
9000 190 18100 474.69312844800004
9000 187 18030 485.89694208
9000 233 18180 483.01518566400006
9000 168 18108 485.118610944
9000 204 18160 471.672123648
9000 229 18157 490.069966848
9000 198 18188 480.176066304
9000 203 18043 477.45804057600003
9000 243 18187 488.97228441600004
9000 201 18021 479.53876607999996
9000 179 18165 476.13490636800003
9000 182 17995 480.180070656
9000 185 18123 471.271527936
9000 216 18196 465.890439168
9000 210 18069 489.748503552
9000 186 18059 477.095021568
9000 173 17851 461.27554176
9000 221 18152 493.78696012800003
9000 160 18028 468.24770995200004
9000 178 18121 489.240018432
9000 184 18046 476.361735168
9000 225 18107 496.337546496
9000 195 17886 476.00415667199997
9000 178 18082 467.454966528
9000 192 17924 475.716248832
9000 225 18284 482.48158464
9000 197 18019 465.905611776
9000 210 18110 458.312042496
9000 186 17955 458.94402048
9000 152 18003 472.834500864
9000 193 18141 486.23380607999997
9000 202 17991 473.739332352
9000 208 18159 492.583880448
9000 196 18267 479.8565376
9000 149 17921 454.423909632
9000 172 17818 467.034441984
9000 207 18118 492.45312230400003
9000 242 17996 476.258931456
9000 158 18071 469.99680921600003
9000 188 18040 479.953554432
9000 155 17857 476.130437376
9000 198 18098 498.982505472
9000 168 18288 481.19496268800003
9000 180 18039 483.116722176
9000 216 18065 495.3909312
9000 163 18194 468.525201408
9000 176 17979 475.91235225599996
9000 188 18215 461.009032704
9000 160 18211 484.8615552
9000 219 18167 474.138914304
9000 163 17793 482.18687616000005
9000 190 18216 469.622309376
9000 187 18221 475.339586304
9000 179 17869 489.720101376
9000 162 17763 454.53173145600005
9000 192 18254 489.49853568000003
9000 189 18094 470.609120256
9000 175 17969 466.444822272
9000 190 18290 482.108022528
9000 176 18156 489.713250048
9000 199 18171 477.54651648000004
9000 184 18182 480.180231168
9000 187 17950 473.742390528
9000 218 18167 492.332974848
9000 151 18055 470.82723072000005
9000 4 18084 482.16378777600005
9000 14 17705 460.75451136000004
9000 22 18074 486.35348889600004
9000 18 17846 480.365926656
9000 4 17816 483.000452352
9000 18 17994 482.214602496
9000 10 18130 484.906566144
9000 16 18333 482.083041792
9000 14 18032 471.707233536
9000 14 18107 474.970848
9000 6 18063 498.897434112
9000 8 18049 478.301286144
9000 18 17954 484.85834496
9000 10 17936 470.09293900800003
9000 4 18070 475.27244160000004
9000 24 17951 476.000650752
9000 18 18270 475.83277209600004
9000 8 18133 471.71634048000004
9000 18 18133 485.750360832
9000 16 17889 478.14480384
9000 20 17874 472.354003968
9000 14 18088 471.62607360000004
9000 20 17938 472.936206336
9000 16 18090 475.91203968
9000 6 17813 463.381188864
9000 14 18033 471.777537792
10000 20 20159 531.043484928
9000 342 17907 470.499431424
9000 393 17881 466.363552512
9000 423 17961 488.287269888
9000 430 18033 471.11077939200004
9000 442 18035 478.60695168
9000 391 18123 479.58377702399997
9000 352 18121 480.852320256
9000 367 18006 479.74417075200006
9000 455 18157 480.267777792
9000 370 18160 479.184043008
9000 386 18044 475.077647616
9000 398 18196 479.518499328
10000 529 20015 531.0890787840001
10000 496 20051 527.663465472
10000 427 19912 523.968420096
10000 516 20028 527.63010432
10000 465 20081 530.834827776
10000 518 20176 554.060990208
10000 530 20175 521.480577024
10000 484 20190 531.613327872
10000 490 20042 520.697810688
10000 518 20174 539.501732352
10000 513 20138 547.212889344
10000 565 20237 538.752301824
10000 523 19898 515.6883071999999
10000 468 19937 520.831711488
10000 444 20102 526.10059392
10000 525 20153 542.803371264
10000 486 20146 523.573746432
10000 423 20116 523.501093632
10000 521 20229 531.088960512
10000 547 20159 547.076369664
10000 487 19928 527.520457728
10000 529 20224 534.23770752
10000 470 20025 526.1199060480001
10000 527 20022 541.147318272
10000 512 19664 512.885970432
10000 498 20105 535.69553664
10000 468 19880 514.3341772800001
10000 518 20034 527.145113088
10000 553 19904 519.43047552
10000 512 19921 518.752886784
10000 493 19887 527.2174448640001
10000 548 20102 530.173256448
10000 426 19958 517.786993152
10000 522 20150 537.6444564479999
10000 524 20017 525.604882176
10000 510 19831 519.32597376
10000 518 19938 525.2567485440001
10000 510 19943 530.4944832
10000 486 20049 530.827934208
10000 439 20026 530.683219968
10000 507 20172 541.8321216
10000 538 20056 538.493404416
10000 501 20412 543.107313408
10000 584 20128 541.8640128
10000 464 20222 517.876871424
10000 525 20036 544.858972416
10000 494 20245 535.312174848
10000 469 19927 532.8159936000001
10000 489 19903 509.5776576
10000 485 19947 532.878711552
10000 468 19943 533.935117056
10000 531 20006 521.353172736
10000 468 20104 532.098859776
10000 500 19956 535.188006144
10000 472 20155 525.46065792
10000 511 20009 531.172443648
10000 532 19911 526.978957824
10000 546 20189 546.33042816
10000 510 20149 528.3159467520001
10000 469 20070 515.619227904
10000 480 20140 536.019086592
10000 464 20190 526.751436288
10000 515 20139 544.158092544
10000 531 20216 537.4427857920001
10000 464 20269 524.453859072
10000 489 20240 534.514489344
10000 524 20349 536.499346944
10000 525 20363 536.457098496
10000 480 20258 528.3591667200001
10000 475 20195 533.977449984
10000 511 19915 543.509083392
10000 539 19888 528.364556544
10000 513 19955 525.388055808
10000 514 19951 527.14417536
10000 489 20033 526.6157783040001
10000 442 19869 509.830658304
10000 512 20162 538.819066368
10000 493 19803 517.66011264
10000 518 20324 529.958635008
10000 495 20348 534.119258112
10000 485 20004 503.60091724800003
10000 467 20244 532.91720064
10000 565 20185 552.723249408
10000 510 20010 521.907758592
10000 540 20203 534.683702784
10000 439 19926 509.14718976
10000 496 20053 517.39471872
10000 496 20136 531.738755328
10000 520 20097 538.695345408
10000 545 20043 519.8200634880001
10000 538 20287 547.657929984
10000 470 19992 531.8821347840001
10000 501 20050 540.9053928960001
10000 506 20097 540.1805967360001
10000 500 20099 537.40211712
10000 518 20005 530.5935951360001
10000 454 20093 523.898648064
10000 504 20061 542.304288768
10000 532 20021 522.829511424
10000 503 20329 534.18883584
11000 595 21683 575.350414848
11000 601 21842 576.5660398079999
11000 609 22157 599.01654912
11000 566 21998 578.376868608
11000 636 21991 585.299210496
11000 607 22062 583.485188352
11000 554 21915 563.008740096
11000 651 22094 592.059021312
11000 620 22159 593.432361984
11000 573 21885 592.043003904
11000 632 22205 606.2334389760001
11000 561 22081 577.272867072
11000 600 21985 576.097319424
11000 603 22347 581.5906736640001
11000 596 21902 585.67462272
11000 537 21993 570.572318976
11000 562 22049 590.832059136
11000 617 21992 585.616390656
11000 638 22244 577.245867264
11000 604 22239 578.016333312
11000 591 22179 581.381382912
11000 563 22573 598.117994496
11000 642 22221 589.12702464
11000 564 21907 576.011876352
11000 520 22102 574.3533818880001
11000 661 22036 587.344167168
11000 549 22037 582.6645327360001
11000 556 22011 572.79881472
11000 598 22208 596.550974976
11000 596 22079 573.5449589760001
11000 611 22188 595.279263744
11000 631 22521 605.841975552
11000 619 22136 584.532503808
11000 591 22175 572.712907008
11000 528 22116 567.054622464
11000 640 22116 589.3277575679999
11000 614 21903 578.289938688
11000 576 21819 584.883391488
11000 655 21983 599.24777088
11000 567 21985 584.06561664
11000 639 21966 589.687270656
11000 664 22024 588.818976768
11000 634 21991 585.32132736
11000 571 22054 578.943180288
11000 604 22029 587.697800448
11000 640 22090 592.612323072
11000 550 22096 585.418301952
11000 587 22015 579.8381952000001
11000 649 22133 576.728173824
11000 535 22070 590.6172264960001
11000 602 22201 594.3084533760001
11000 635 22222 603.698270208
11000 618 22272 588.4775424
11000 581 22040 589.105431552
11000 572 22235 572.208865536
11000 575 22290 573.0738224639999
11000 566 22392 601.0720488960001
11000 629 22360 601.334232576
11000 560 21958 580.123898112
11000 512 21820 575.1387755520001
11000 620 21938 592.813883904
11000 633 21960 571.148869632
11000 593 22155 582.567760896
11000 612 21938 573.87124608
11000 680 22167 584.136858624
11000 517 22035 570.9824440320001
11000 602 21939 576.9148830720001
11000 648 22211 589.938514176
11000 593 22035 569.5620564479999
11000 600 22119 578.699303424
11000 633 22224 587.513236992
11000 660 22253 593.0092354559999
11000 680 22386 588.999958272
11000 536 22053 567.4366832640001
11000 590 22446 581.22062592
11000 634 21881 572.778505728
11000 613 22190 597.0809349120001
11000 602 22152 582.473582592
11000 598 22214 596.923759872
11000 564 22120 580.012874496
11000 546 21700 568.459482624
11000 629 21923 584.442541056
11000 604 21945 591.3050542080001
11000 549 21964 577.811452416
11000 605 21854 561.359453952
11000 598 22135 579.04167552
11000 627 22217 592.033533696
11000 581 22116 579.402050304
11000 585 21826 574.762738176
11000 650 21845 596.129225472
11000 575 22185 577.52741376
11000 562 22010 574.57310592
11000 574 22192 579.51662208
11000 555 21855 571.6170324479999
11000 635 22239 591.754589184
11000 617 22062 581.158017792
11000 613 22230 596.7237872640001
11000 613 22274 582.086807808
11000 653 21952 577.9954076160001
11000 586 22123 596.2220267519999
12000 689 23989 616.69694592
12000 709 23801 624.10862976
12000 675 23696 630.1028997120001
12000 723 23815 635.3341209600001
12000 636 23823 618.022082304
12000 741 24051 641.479694592
12000 745 24087 638.012593152
12000 719 24134 625.689022464
12000 696 24000 639.691295232
12000 713 24112 655.0956825600001
12000 731 24060 640.1975247360001
12000 664 24144 636.804824832
12000 671 24214 635.9939688960001
12000 657 24065 637.064896512
12000 688 23958 627.268063488
12000 752 23894 641.629764864
12000 718 24149 638.684842752
12000 806 24467 662.734845696
12000 740 24209 618.565085952
12000 783 24100 651.4574499839999
12000 732 24069 646.252814592
12000 722 23837 624.0254760959999
12000 746 24098 628.9408519680001
12000 717 24180 639.192162048
12000 745 23785 633.3405619199999
12000 658 24053 627.98744448
12000 756 24007 623.9353697280001
12000 749 24130 636.81032448
12000 665 23975 640.3598108159999
12000 696 24103 637.978826496
12000 692 23790 636.5072693760001
12000 743 24172 631.43760768
12000 640 23971 624.0429719040001
12000 753 24235 635.614155264
12000 755 24565 643.013800704
12000 709 24042 625.68891264
12000 766 24140 645.05430528
12000 674 24028 617.4021173760001
12000 691 24290 630.01217664
12000 781 24274 648.805521408
12000 743 24112 643.6607485440001
12000 633 24187 627.1660454400001
12000 674 23756 622.616467968
12000 733 24329 639.755398656
12000 669 24154 651.30422016
12000 681 24019 623.496715776
12000 719 23823 635.7190878719999
12000 772 24145 650.2556375040001
12000 709 23844 633.2708490240001
12000 691 23886 626.532665088
12000 735 23812 627.939789312
12000 675 24284 637.789878528
12000 754 24035 656.8551306239999
12000 703 24122 632.501903616
12000 744 24180 646.016101632
12000 721 24141 636.378572544
12000 748 24085 624.573337344
12000 753 23979 628.5816176640001
12000 699 24318 653.008663296
12000 809 24131 643.264925952
12000 689 24042 624.7942272
12000 727 23757 633.698157312
12000 744 24103 632.6089904639999
12000 665 24266 634.047549696
12000 830 24043 634.290184704
12000 726 24161 648.73784448
12000 711 23672 613.186050048
12000 771 24125 645.591758592
12000 640 23818 639.388037376
12000 708 24023 631.7110440959999
12000 754 24059 638.5162629120001
12000 682 24029 623.685013248
12000 745 24130 627.1567188480001
12000 755 24050 650.7924910080001
12000 686 24191 646.640704512
12000 700 24165 634.6921574400001
12000 692 23904 652.4530467840001
12000 822 24212 654.482332416
12000 777 23940 638.716117248
12000 741 23883 644.387327232
12000 764 24157 627.22264704
9000 167 17904 473.728214784
9000 204 17984 494.79201868800004
9000 192 18221 490.9077888
12000 737 24315 640.901496576
9000 151 17986 474.326214912
12000 659 23784 626.742893568
9000 199 18188 487.474952448
12000 724 24201 628.82050176
9000 192 18020 470.205221376
12000 760 24053 649.347477504
9000 152 17747 456.796445952
9000 203 18187 478.00624819200004
9000 198 18200 488.305542912
9000 186 17914 488.876357376
9000 198 18141 483.424263168
12000 791 23975 651.7423756800001
9000 167 17863 465.749509632
12000 753 24141 643.289205504
9000 170 17918 454.31458406400003
9000 206 18131 482.499266304
9000 175 17867 470.422140672
9000 203 17904 454.254062592
9000 221 17892 463.831720704
9000 208 18051 474.625459968
9000 225 18474 521.542931712
9000 165 17666 452.102255616
9000 171 18012 486.29504563200004
9000 141 18043 477.21716275200004
9000 173 17782 472.952443392
9000 196 18047 465.544662528
9000 181 17985 471.23725440000004
9000 175 18085 479.72964864
9000 181 18057 478.320108288
10000 222 19866 511.115844096
10000 219 20051 523.666750464
10000 222 19900 526.169588736
10000 273 20069 539.4259960320001
10000 213 20053 522.417806592
10000 249 20125 528.960816384
10000 227 20049 527.205600768
10000 225 19997 526.181407488
10000 224 19785 518.651155968
10000 226 20196 527.78423808
10000 236 20068 546.590432256
10000 233 19755 529.1978250239999
10000 222 20072 514.767508992
10000 250 19981 534.6685555199999
10000 221 19859 527.166537216
12000 704 23997 646.621510656
10000 263 20120 537.605435136
10000 182 19884 530.143603968
10000 264 20207 545.088073728
10000 231 19864 518.9713689600001
10000 208 20025 515.257932288
10000 239 20091 526.048402176
10000 251 20077 549.22255872
10000 208 20035 526.618380288
10000 220 19872 511.519033344
10000 203 19984 530.026573824
10000 221 20033 532.137543168
10000 262 19996 530.04792192
10000 239 20098 530.4450624
10000 249 19989 529.07213568
10000 241 20087 514.709800704
10000 206 20004 526.864723968
10000 240 20031 524.131990272
10000 265 19931 529.9318041600001
10000 263 20068 544.6471472640001
10000 207 20116 522.36543744
10000 236 19961 533.599934208
10000 252 20193 534.658282752
10000 208 20074 526.026437376
10000 224 20144 538.249780992
10000 270 20280 543.8327685119999
10000 220 20250 536.441976576
10000 213 20149 527.174774016
10000 222 20006 535.402382592
10000 241 20087 525.9108940799999
10000 225 20006 541.2242964479999
10000 217 20007 528.64492032
10000 198 20010 522.0479953920001
10000 245 20131 536.09124096
10000 261 19990 540.659589888
10000 233 20191 551.82496512
10000 235 20057 536.8751984639999
10000 260 20250 547.687624704
10000 231 20117 551.0579880959999
10000 228 20027 527.45544192
10000 241 20107 530.570861568
10000 220 20053 525.831955968
10000 226 19911 522.2699328
10000 289 20341 553.446820608
10000 236 20084 524.468169984
10000 186 19988 528.080256
10000 235 20251 542.0755253760001
10000 232 20284 532.550540544
10000 239 19967 541.5980782080001
10000 248 20088 520.385091072
10000 232 19861 530.54787456
10000 233 20207 549.6290004479999
10000 218 20104 521.75561856
10000 238 19948 548.105918976
10000 278 19994 543.43390464
10000 246 20221 522.810528768
10000 239 20134 532.89798144
10000 256 20021 538.446644736
10000 269 20023 548.469436416
10000 205 20171 542.773338624
10000 228 20110 530.455394304
10000 237 20037 530.1303406080001
10000 245 19869 515.132462592
10000 232 20010 518.293974528
10000 249 20310 538.879114752
10000 204 19898 523.533897216
10000 234 20290 533.122563072
10000 226 19983 512.503656192
10000 243 19963 534.20851968
10000 242 19993 532.52555136
10000 215 20236 538.3684838400001
10000 235 19889 531.498342144
10000 208 20486 542.66243328
10000 251 20079 538.2931276800001
10000 256 20107 529.937988096
10000 240 20120 526.358072064
10000 255 19994 531.65054976
10000 209 20123 521.3753909760001
10000 203 20263 521.186586624
10000 220 20217 545.445136896
10000 250 20273 550.682736384
10000 243 20102 522.646891008
10000 225 20123 536.73045888
10000 237 19953 543.7358446080001
10000 195 20032 511.153454592
11000 297 22059 596.764852992
10000 272 20146 549.162814464
11000 290 21934 583.6315415040001
11000 274 22074 583.28683776
11000 281 22039 599.32257792
11000 333 22027 583.035923712
11000 280 22229 589.272938496
11000 306 22379 586.069473792
11000 304 22138 580.68709248
11000 249 22113 574.3708185600001
11000 285 21803 585.469522176
11000 311 22104 578.5591933439999
11000 284 22223 592.29722112
11000 274 22097 590.4969523200001
11000 273 22081 579.544306176
11000 298 22037 587.0911833600001
11000 274 22020 585.3754199040001
11000 276 22183 589.2827888639999
11000 269 22132 581.57104896
11000 292 21984 569.8611494400001
11000 304 22114 589.728158976
11000 255 22269 561.0950568960001
11000 288 21733 572.541142272
11000 331 21956 576.2964810240001
11000 285 22001 577.123269888
11000 306 21983 576.470391552
11000 251 22112 589.026552576
11000 291 22134 601.57287168
11000 279 22044 576.7779072000001
11000 251 22279 587.541596928
11000 297 22048 579.750513408
11000 235 21938 586.449371904
11000 286 22119 587.3710149120001
11000 274 22036 594.008583168
11000 258 22239 588.840384
11000 317 22029 599.033774592
11000 284 22112 599.793798912
11000 296 22162 580.80050688
11000 258 22027 580.547725824
11000 269 22076 578.814787584
11000 280 22026 585.0819110399999
11000 254 21960 569.661751296
11000 292 22002 587.928853248
11000 309 22058 591.8587530240001
12000 732 24036 640.1390476800001
11000 309 21976 586.784335104
11000 321 21858 579.541155072
11000 268 22290 593.82487296
11000 281 21912 585.746793984
11000 277 22202 578.075207424
11000 296 22051 582.7703016959999
11000 281 22183 588.308024832
11000 306 22124 581.432560896
11000 289 22054 582.794809344
11000 319 22018 578.717627136
11000 282 22254 600.82057728
11000 291 22136 580.94429184
11000 277 22005 574.611620352
11000 290 21907 584.25506304
11000 225 21907 584.6363297280001
11000 262 22067 574.310280192
11000 345 22216 590.3040929279999
11000 281 22181 597.441106944
11000 282 22263 589.1277680640001
11000 296 22320 604.342582272
11000 287 22017 578.317344
11000 286 22116 582.6421624320001
11000 305 22172 601.751597568
11000 317 22359 588.398688768
11000 319 22069 593.826866688
11000 284 21943 591.459399168
11000 311 22193 589.7019870720001
11000 276 22040 580.2854914559999
11000 305 21966 583.049524992
11000 252 22126 577.642281216
11000 294 22126 578.330134272
11000 255 21954 584.33016576
11000 246 22077 571.01168256
11000 314 22199 603.62873472
11000 214 22071 574.560290304
11000 276 22188 601.777642752
11000 242 22190 593.472076032
11000 286 21988 568.551633408
11000 300 22055 594.953660928
11000 327 21971 580.9774840320001
11000 318 22162 569.333749248
11000 268 22075 598.074749184
11000 292 22250 590.31147648
11000 291 22081 588.970331136
11000 275 22087 595.431530496
11000 304 22078 584.745790464
11000 270 22120 591.200856576
12000 679 24120 615.350942976
11000 287 21902 584.1728555520001
11000 318 21991 586.249230336
11000 330 22159 594.916084224
11000 235 22090 570.86253312
11000 299 22219 602.663356416
11000 309 21857 570.3443750399999
11000 253 21820 569.166825216
11000 272 21963 587.065467648
11000 312 22098 592.949271552
11000 283 22122 596.7088005119999
12000 301 24142 644.599600128
12000 346 24244 644.7209387519999
12000 285 24003 617.108625408
12000 313 24084 620.229570048
12000 372 24208 640.656470784
12000 305 24025 630.260395776
12000 342 23982 633.7745863680001
12000 349 24123 642.683382528
12000 361 24163 639.484032
12000 390 23986 634.05775488
12000 312 24099 632.225240064
12000 349 23890 620.260008192
12000 329 24152 655.89161088
12000 344 24265 632.9546826239999
12000 302 24145 623.814884352
12000 311 24023 636.126703872
12000 339 24168 642.2491806720001
12000 306 24186 631.45648896
12000 303 24053 646.711904256
12000 354 24114 638.2611333120001
12000 330 24053 641.0660044800001
12000 312 23986 635.832873984
12000 372 24095 659.847868416
12000 309 24073 644.8444062719999
12000 342 24007 627.8109150720001
12000 340 24121 633.207784704
12000 307 23989 633.2040760320001
12000 327 24273 641.703718656
12000 349 24080 641.751441408
12000 274 23988 628.7830433280001
12000 324 24003 629.264849664
12000 363 24188 644.655044352
12000 363 24330 650.9390469120001
12000 279 23832 622.677310464
12000 380 24475 655.802999808
12000 334 24155 644.3224212480001
12000 386 24054 637.979232
12000 314 24182 639.3225653760001
12000 308 24348 616.676231424
12000 379 23837 632.445234432
12000 292 24126 628.43831424
12000 292 23959 632.086143744
12000 307 23827 626.732485632
12000 366 24437 631.661910528
12000 306 23879 632.835008256
12000 289 24037 611.766177792
12000 351 24051 643.863508992
12000 347 24000 632.4519843840001
12000 305 24244 641.827600128
12000 278 24209 643.566164736
12000 326 24241 632.382432
12000 320 24420 646.093012224
12000 295 23955 634.00415232
12000 337 24077 625.94361984
12000 345 24144 614.9847475199999
12000 299 24125 634.947591168
12000 270 23936 641.74737792
12000 383 24073 650.090496
12000 308 24026 637.969314048
12000 316 24139 641.1185594880001
12000 360 23925 629.162451456
12000 360 24047 624.8501529600001
12000 360 23986 634.3377469440001
12000 333 23938 636.76626816
12000 315 24150 622.204704
12000 331 23873 630.238439424
12000 353 24197 643.531747584
12000 297 23969 632.83837056
12000 321 23947 655.1432701440001
12000 310 24002 636.338866944
12000 353 24080 643.492878336
12000 373 23999 633.2470425600001
12000 336 23944 632.071199232
12000 358 24024 635.8312519680001
12000 313 23994 628.8276149760001
12000 351 24065 637.53727488
12000 343 24020 642.981326592
12000 294 24047 624.088768512
12000 323 23717 627.93510912
12000 306 24004 635.088360192
12000 318 24058 638.6809566720001
12000 314 24008 638.9565726720001
12000 311 23839 631.791376128
12000 304 24271 637.402208256
12000 342 24066 631.710799104
12000 301 24098 618.3179735040001
12000 344 24090 635.59676928
12000 340 23919 641.717243904
12000 378 24266 658.216593408
12000 354 24080 630.905662464
12000 281 23921 622.509583872
12000 371 24158 648.1691166720001
12000 325 23815 626.1383631360001
12000 315 23965 625.595080704
12000 349 24311 637.731181824
12000 334 24007 627.749067264
12000 386 24242 648.428216832
9000 8 17914 467.911124736
9000 14 17935 478.807769088
9000 10 17825 478.736560896
9000 14 18091 472.1540736
12000 351 24064 643.49146752
9000 16 18120 478.95584563200003
9000 24 18177 480.039470592
9000 14 18111 475.82629248
12000 371 24149 651.71141376
12000 312 24135 629.7713663999999
9000 10 18037 470.140382976
10000 32 20178 524.146157568
9000 22 18137 477.62684851200004
10000 20 20080 535.075673088
10000 4 20043 512.245966848
10000 12 19967 519.230832384
10000 22 20112 543.680341248
10000 6 20299 557.757209856
10000 18 19806 518.791274496
10000 18 20105 520.777154304
10000 16 19946 530.763416832
10000 8 20418 545.038669824
10000 14 19862 526.359558912
10000 14 20140 528.373342464
10000 18 20127 529.413468672
10000 18 20236 534.616084992
10000 22 20122 527.970406656
10000 26 19937 524.660868864
10000 16 20138 536.244893184
10000 20 20141 521.330971392
10000 14 20216 532.95589248
10000 20 20045 531.694977792
10000 18 20087 536.022440448
10000 28 20117 527.941894656
10000 10 19932 517.374494208
10000 10 19986 539.1240898560001
10000 26 20233 544.06805376
10000 20 20218 530.243949312
10000 12 19961 510.03164467199997
10000 12 20272 527.023394304
10000 6 19902 525.121107456
10000 12 20312 552.16056192
10000 10 19752 527.952412416
10000 28 20276 557.171628288
10000 14 19666 519.5885798400001
10000 28 20016 529.530456576
10000 10 20275 541.5843924479999
10000 24 20095 529.173376512
10000 10 19916 525.5638333439999
10000 16 19751 539.9991167999999
10000 6 20282 542.9997196800001
10000 14 20016 533.390423808
10000 10 20402 534.62188032
10000 20 20162 523.957665792
10000 28 20264 533.907289344
10000 12 20176 520.665598464
10000 16 19944 526.091149056
10000 16 20225 541.424074752
10000 14 20015 548.1338480640001
10000 22 20164 518.501170176
10000 14 20117 531.09336192
10000 14 20131 533.528599296
10000 20 19989 540.780041472
10000 8 19872 516.808157184
10000 18 20232 543.109974528
10000 16 20332 546.046000896
10000 18 20178 539.592751104
10000 12 20216 527.269737984
10000 12 20308 528.41006592
10000 16 20268 541.684695552
10000 16 20116 525.691643136
10000 16 20133 529.4044968960001
10000 30 20083 539.48454912
10000 20 20299 543.924218112
10000 22 20170 536.611832064
10000 28 20251 537.095784192
10000 26 20045 527.751814656
10000 26 20304 548.096372736
10000 16 20251 544.6807618560001
10000 27 20108 537.814311936
10000 22 20103 541.8512478719999
10000 6 20098 528.76657152
10000 22 19931 517.898760192
10000 12 20088 527.564657664
10000 18 19876 527.709574656
10000 12 19806 532.545125376
10000 12 20000 532.732197888
10000 16 20180 529.225483776
10000 20 20176 536.920589568
10000 10 19909 528.82528512
10000 24 20042 532.345372416
10000 24 20030 530.293581312
10000 30 19860 525.938071296
10000 22 20072 529.122925056
10000 20 20140 542.232590592
10000 10 19977 535.3738368
10000 18 20027 523.280051712
10000 16 20132 534.162064128
10000 16 20137 542.2838783999999
10000 12 20032 519.7692149760001
10000 16 19908 520.887738624
10000 20 19981 527.49468288
10000 22 19832 517.782836736
10000 18 20250 535.406961408
10000 22 20341 543.668530944
10000 2 19966 525.313443072
10000 20 20016 540.275814144
10000 20 19999 531.357961728
10000 20 19900 530.890001664
10000 12 20070 538.486933248
11000 22 22201 586.370374656
10000 16 20375 544.3081290240001
11000 16 22172 587.1508008960001
11000 28 22200 577.353139968
11000 16 22370 592.079440128
11000 20 22171 581.941814784
11000 20 22167 581.919334656
11000 12 21968 580.811616
11000 20 22270 590.835472128
11000 22 21859 567.729795072
11000 24 21950 584.1387509760001
11000 16 21767 565.383151872
11000 36 22114 583.2780096
11000 22 22043 580.3107763200001
11000 14 22143 590.827167744
11000 18 22033 586.4029670399999
11000 16 22024 585.0738009600001
11000 12 22019 578.0880483840001
11000 16 22143 586.915912704
11000 30 21913 577.907303424
11000 14 22251 569.087540736
11000 2 22085 576.2506083840001
11000 16 22141 591.93758976
11000 14 21889 567.325051392
11000 26 21950 586.1528217599999
11000 8 22031 582.060331776
11000 24 22097 586.96467456
11000 24 21980 582.92006784
11000 16 21909 577.033949184
11000 22 22180 597.668391936
11000 32 22260 583.537591296
11000 28 22389 586.810988544
11000 22 22004 580.909756416
11000 12 22108 585.1488867840001
11000 22 21638 586.690021632
11000 28 21921 598.079674368
11000 18 22002 575.824035072
11000 30 22294 588.998784
11000 10 22060 589.007603712
11000 14 22024 577.8386127360001
11000 20 21902 575.618562816
11000 22 21939 582.048893184
11000 8 22291 584.810552832
11000 10 21950 577.202647296
11000 14 22092 565.434372096
11000 26 21898 586.739755008
11000 10 21996 571.699577856
11000 32 22235 597.173567232
11000 20 22318 594.2921064960001
11000 12 21989 582.546125568
11000 24 22060 581.73409536
11000 24 22052 590.8601064960001
11000 24 22176 588.795896832
11000 16 22204 588.461761536
11000 20 22228 589.273318656
11000 14 22296 570.033970176
11000 14 21912 569.966251008
11000 26 21944 585.473450496
11000 16 22093 580.838674944
11000 28 22215 591.4203356160001
11000 20 22199 593.645978112
11000 12 22268 602.086662144
11000 18 22332 596.6918369279999
11000 18 21975 588.069030912
11000 20 22004 589.092548352
11000 22 22135 594.462409728
11000 14 22233 587.9843397120001
11000 16 21717 574.081922304
11000 18 22037 581.1829056
11000 24 22069 579.870998784
11000 28 22150 578.493501696
11000 16 21910 571.845474816
11000 18 22110 593.37919872
11000 14 22248 589.3996331520001
11000 16 22009 569.127964416
11000 30 22068 597.176143872
11000 28 22158 577.578625536
11000 28 22233 599.314079232
11000 26 22053 582.913402368
11000 20 22080 573.5978350080001
11000 30 22285 592.68321024
11000 18 22287 584.3144947200001
11000 28 21843 577.3942310399999
11000 30 22273 587.904066816
11000 16 21932 573.3172177920001
11000 24 21954 576.8342976
11000 14 21852 587.556026112
11000 22 22130 572.1920286720001
11000 8 21772 573.29809152
11000 28 22211 587.7999874559999
11000 24 21839 581.753796096
11000 28 22202 589.580716032
11000 17 21893 587.483576064
11000 32 22249 573.363622656
11000 16 21963 580.3470520320001
11000 20 22117 579.851306496
11000 16 21979 581.076477696
11000 36 22299 596.734102272
11000 14 22083 590.6074944
11000 26 22297 600.667693824
11000 12 22188 582.834734592
12000 30 24237 620.715313152
12000 24 24033 624.702895872
12000 30 24197 642.5070136319999
12000 26 24012 628.7313838079999
12000 28 24066 629.264393472
12000 36 24216 645.9102144
12000 14 24267 634.5543283200001
12000 26 24201 641.363095296
12000 24 24161 656.3917662719999
12000 26 24334 632.2003776
12000 22 24125 639.0691591679999
12000 30 24047 614.7779320320001
12000 18 23897 629.3416419839999
12000 18 24065 618.915424512
12000 34 24035 626.935507968
12000 24 24267 648.6765204479999
12000 22 24406 636.347830272
12000 32 24044 637.067887104
12000 28 24078 632.803159296
12000 20 24232 641.423160576
12000 28 24259 658.589995008
12000 18 23877 642.059894784
12000 20 24048 643.24398336
12000 32 24251 638.598816768
12000 30 24414 650.4049728000001
12000 22 23980 629.4047232
12000 26 24232 633.411305472
12000 18 24093 628.519170048
12000 32 24183 644.818149888
12000 22 24049 646.6711173120001
12000 22 24089 658.807319808
12000 14 24120 628.545274368
12000 32 23824 621.37409664
12000 18 24204 640.8906324479999
12000 26 24039 624.7227993600001
12000 26 24108 650.256634368
12000 14 23699 637.5957350399999
12000 22 24170 648.793297152
12000 28 24293 650.2049664
12000 18 24165 632.249553408
12000 32 24101 638.755324416
12000 42 23859 636.912384768
12000 21 23802 627.1744005119999
12000 26 24259 654.3637816319999
12000 20 23893 635.978002176
12000 16 24075 644.31920256
12000 20 23820 620.4477058560001
12000 34 23941 641.5036362239999
12000 18 23896 639.6909826560001
12000 26 23833 620.266842624
12000 20 23862 627.889396992
12000 32 24263 649.621936128
12000 18 24086 620.384768256
12000 22 24214 638.29544064
12000 30 24003 643.772355072
12000 10 24055 621.950368512
12000 36 24274 648.334697472
12000 24 24192 641.9419100160001
12000 20 24192 638.453680128
12000 18 23947 641.195943168
12000 20 24242 640.484790528
12000 36 24078 640.097044224
12000 22 24438 634.2772846080001
12000 16 24261 644.0088230399999
12000 24 24355 643.361731584
12000 26 24057 627.997007616
12000 20 23993 647.89034112
12000 22 24095 627.7221603840001
12000 20 23855 624.221021952
12000 25 23948 650.141040384
12000 26 24141 617.511806208
12000 30 24142 640.6743552
12000 26 23993 637.148050176
12000 26 24207 633.5411343359999
12000 26 24123 627.207465984
12000 34 24003 641.991601152
12000 26 24124 628.0064440320001
12000 30 24127 633.379938048
12000 22 24108 622.8357104639999
12000 20 24018 627.394504704
12000 26 24126 634.7613296640001
12000 24 24436 640.808391168
12000 32 24020 639.453306624
12000 22 24019 629.093608704
12000 28 24093 639.13926912
12000 28 24228 636.6050380800001
12000 24 23840 633.721972224
12000 20 24085 629.338389504
12000 20 24105 638.7686638079999
12000 20 24026 644.7159966720001
12000 30 24037 628.158736128
12000 16 24174 632.813170176
12000 16 24059 644.2632514559999
12000 14 24057 628.835167488
12000 26 23880 626.06214528
12000 40 24346 643.1367697920001
12000 26 24142 638.736206592
12000 18 24059 625.742354688
12000 16 24268 644.827341312
12000 28 23969 621.8015823359999
12000 725 23958 632.325517824
12000 714 23914 620.770875648
12000 674 24020 627.324217344
12000 752 24097 633.6607495679999
12000 708 24099 647.897107968
12000 669 24101 624.9651217920001
12000 725 24194 650.4515297280001
12000 705 24302 655.998528768
12000 711 23913 630.038720256
12000 705 24036 640.286566656