#nrNodes nrCollisions nrTransmissions OverallEnergy
10 0 1 0.17409638400000002
10 0 5 0.8704819200000001
500 58 1639 285.34397337600006
500 80 1655 288.12951552000004
1000 376 3452 600.980717568
1000 266 3411 593.8427658240001
1500 681 5062 881.2758958080001
1500 640 5130 893.1144499200001
2000 1279 6794 1182.8108328960002
2000 1001 6690 1164.70480896
2500 2010 8614 1499.6662517760003
2500 1516 8511 1481.7343242240001
3000 2695 10045 1748.7981772800001
3000 2087 9945 1731.3885388800002
3500 3284 11498 2001.7602232320003
3500 2745 11446 1992.707211264
4000 4386 13325 2319.8343168
4000 3638 13346 2323.4903408640002
4500 5521 15035 2617.5391334400006
4500 4489 14960 2604.4819046400003
5000 6654 16604 2890.696359936
5000 5756 16912 2944.3180462080004
500 84 1667 290.21867212800004
500 54 1691 294.39698534400003
1000 298 3352 583.5710791680001
1000 238 3269 569.1210792960002
2000 1241 6769 1178.4584232960003
2000 934 6640 1155.9999897600003
3000 2630 9851 1715.0234787840002
3000 2164 10009 1742.5307074560003
4000 4723 13544 2357.9614248960006
4000 3635 13267 2309.7367265280004
5000 6536 16650 2898.7047936000004
5000 5449 16465 2866.4969625600006
500 79 1669 290.566864896
500 66 1761 306.583732224
1000 316 3251 565.987344384
1000 252 3381 588.6198743040001
2000 1236 6631 1154.433122304
2000 974 6782 1180.721676288
3000 2632 9891 1721.9873341440002
3000 2058 9913 1725.8174545920003
4000 4632 13574 2363.1843164160005
4000 3804 13504 2350.9975695360004
5000 6693 16855 2934.39455232
5000 5851 17019 2962.9463592960005
500 84 1600 278.55421440000003
500 66 1715 298.5752985600001
1000 318 3150 548.4036096
1000 237 3265 568.4246937600001
2000 1136 6453 1123.443965952
2000 885 6472 1126.7517972480002
3000 2545 9845 1713.9789004800002
3000 2063 9780 1702.6626355200003
4000 4221 12984 2260.4674498560003
4000 3450 13006 2264.2975703040006
5000 6424 16204 2821.0578063360003
5000 5362 16382 2852.0469626880003
500 30 952 165.73975756800002
500 0 981 170.78855270400004
200 6 601 104.63192678400002
500 78 1749 304.4945756160001
1000 133 1979 344.53674393600005
1000 0 2054 357.59397273600007
1000 254 3264 568.2505973760001
2000 431 4049 704.9162588160001
2000 0 4064 707.5277045760001
1000 206 3199 556.934332416
2000 970 6624 1153.2144476160001
3000 946 5869 1021.7716776960001
3000 0 6024 1048.756617216
2000 1046 6828 1188.7301099520002
3000 2197 10146 1766.381912064
4000 1746 8123 1414.184927232
4000 0 8064 1403.9132405760001
3000 2097 10002 1741.312032768
4000 3633 13312 2317.571063808
5000 2539 9943 1731.0403461120002
5000 0 9984 1738.1782978560002
5000 5421 16586 2887.562625024
4000 3982 13554 2359.702388736
500 18 960 167.13252864
500 0 1006 175.14096230400003
500 54 1628 283.428913152
1000 132 1953 340.010237952
1000 0 1990 346.45180416000005
1000 260 3568 621.1758981120001
2000 497 4104 714.4915599360002
2000 0 3948 687.332524032
2000 883 6463 1125.184929792
3000 982 5949 1035.6993884160001
3000 0 6133 1067.7331230720001
3000 2108 10006 1742.008418304
4000 1685 8090 1408.4397465600002
4000 0 7974 1388.2445660160004
4000 3590 13265 2309.3885337600004
5000 2733 10170 1770.5602252800002
5000 0 10172 1770.9084180480002
5000 5612 16650 2898.7047936000004
200 4 645 112.29216768
500 38 1041 181.23433574400002
500 0 1008 175.48915507200002
500 92 1670 290.74096128
1000 129 1988 346.103611392
1000 0 2063 359.160840192
1000 283 3486 606.8999946240001
1000 264 3482 606.203609088
2000 491 4110 715.5361382400001
2000 0 4023 700.3897528320001
2000 943 6545 1139.4608332800003
3000 1022 6057 1054.501797888
2000 1002 6639 1155.825893376
3000 0 5968 1039.007219712
3000 2059 9720 1692.2168524800002
4000 1799 8093 1408.9620357120002
4000 0 7990 1391.03010816
3000 2070 9817 1709.1042017280001
4000 3709 13539 2357.0909429760004
5000 2552 10018 1744.0975749120003
5000 0 9963 1734.5222737920003
4000 3542 13240 2305.0361241600003
5000 5742 16857 2934.7427450880004
500 32 1017 177.05602252800003
500 40 1049 182.627106816
500 24 1019 177.40421529600005
500 36 1006 175.14096230400003
500 28 990 172.35542016000002
500 22 966 168.177106944
500 26 996 173.39999846400002
500 26 1012 176.185540608
500 42 1011 176.011444224
500 24 988 172.00722739200003
1000 130 2023 352.196984832
1000 95 1934 336.702406656
1000 128 1984 345.4072258560001
1000 97 2010 349.93373184
1000 127 2032 353.76385228800007
1000 130 2074 361.0759004160001
1000 132 2027 352.89337036800003
1000 125 1934 336.702406656
1000 125 2003 348.71505715200004
1000 130 2040 355.15662336
2000 486 4111 715.7102346240001
2000 491 4104 714.4915599360002
2000 462 4057 706.3090298880002
2000 468 4019 699.6933672960001
2000 463 4060 706.83131904
2000 470 4039 703.175294976
2000 456 4029 701.4343311360001
2000 445 3978 692.555415552
2000 492 4051 705.2644515840001
2000 420 4057 706.3090298880002
3000 1060 5989 1042.6632437760002
3000 1031 6126 1066.5144483840002
3000 929 5961 1037.788545024
3000 993 5993 1043.3596293120002
3000 1000 5965 1038.4849305600003
3000 1035 6001 1044.752400384
3000 1032 6012 1046.667460608
3000 1032 5978 1040.7481835520002
3000 977 5967 1038.833123328
3000 936 5898 1026.8204728320002
500 0 1038 180.712046592
500 0 1018 177.23011891200002
500 0 996 173.39999846400002
500 0 991 172.52951654400002
500 0 1068 185.93493811200003
500 0 1021 177.752408064
500 0 993 172.877709312
500 0 1004 174.792769536
500 0 1026 178.62288998400004
4000 1708 8019 1396.0789032960001
4000 1751 8055 1402.3463731200002
4000 1655 7986 1390.333722624
500 0 996 173.39999846400002
1000 0 2044 355.853008896
1000 0 1969 342.79578009600004
1000 0 2048 356.54939443200004
1000 0 2000 348.19276800000006
4000 1787 8079 1406.5246863360003
1000 0 2027 352.89337036800003
4000 1882 8242 1434.9023969280001
4000 1854 8061 1403.3909514240001
1000 0 1959 341.05481625600004
4000 1889 8088 1408.091553792
1000 0 2015 350.80421376000004
4000 1914 8236 1433.8578186240002
4000 1803 8075 1405.8283008
4000 1763 7981 1389.4632407040003
1000 0 1976 344.01445478400007
1000 0 1957 340.70662348800005
1000 0 2051 357.071683584
2000 0 3915 681.5873433600001
2000 0 3882 675.842162688
2000 0 4108 715.1879454720001
2000 0 3961 689.5957770240001
2000 0 4036 702.6530058240002
2000 0 4091 712.2283069440001
2000 0 4059 706.6572226560002
2000 0 3940 685.9397529600001
2000 0 4104 714.4915599360002
2000 0 4056 706.1349335040001
3000 0 5964 1038.310834176
5000 2459 9793 1704.9258885120003
5000 2539 9897 1723.0319124480002
5000 2691 10195 1774.91263488
3000 0 5792 1008.3662561280001
3000 0 6012 1046.667460608
3000 0 6039 1051.3680629760001
3000 0 5918 1030.302400512
3000 0 6095 1061.11746048
3000 0 5932 1032.7397498880002
3000 0 6023 1048.5825208320002
3000 0 5989 1042.6632437760002
3000 0 6165 1073.3042073600002
5000 2800 10142 1765.685526528
5000 2642 10026 1745.4903459840002
5000 2621 9999 1740.7897436160001
5000 2735 10032 1746.5349242880002
5000 2665 10022 1744.7939604480002
5000 2678 10007 1742.1825146880003
5000 2573 10002 1741.312032768
4000 0 8007 1393.9897466880002
4000 0 7931 1380.7584215040001
4000 0 7956 1385.110831104
4000 0 8042 1400.0831201280002
4000 0 7883 1372.4017950720004
4000 0 8039 1399.560830976
4000 0 8077 1406.176493568
4000 0 8081 1406.872879104
4000 0 7879 1371.7054095360002
4000 0 8107 1411.3993850880001
5000 0 10064 1752.1060085760002
5000 0 10052 1750.016851968
5000 0 10140 1765.3373337600003
5000 0 10026 1745.4903459840002
5000 0 10244 1783.443357696
5000 0 9952 1732.6072135680004
5000 0 10183 1772.8234782720003
5000 0 10152 1767.4264903680003
5000 0 10038 1747.5795025920002
5000 0 9964 1734.696370176
500 63 1535 267.23794944
500 73 1620 282.03614208000005
500 88 1684 293.178310656
500 50 1694 294.91927449600007
500 77 1716 298.749394944
500 50 1748 304.320479232
500 76 1753 305.190961152
500 72 1763 306.93192499200006
500 78 1781 310.06565990400003
500 85 1796 312.677105664
1000 255 3359 584.7897538560001
1000 260 3293 573.299392512
1000 261 3307 575.736741888
1000 255 3332 580.0891514880001
1000 217 3324 578.6963804160001
1000 225 3258 567.206019072
1000 234 3383 588.968067072
1000 264 3305 575.3885491200001
1000 249 3311 576.4331274240001
1000 233 3415 594.53915136
2000 986 6645 1156.87047168
2000 970 6627 1153.7367367680001
2000 1012 6804 1184.5517967360001
2000 964 6636 1155.3036042240003
2000 931 6479 1127.9704719360002
2000 989 6662 1159.8301102080002
2000 992 6786 1181.4180618240002
2000 1116 6853 1193.0825195520001
2000 1119 6974 1214.148182016
2000 972 6775 1179.5030016
3000 2110 9897 1723.0319124480002
3000 2076 10001 1741.1379363840003
3000 2166 10179 1772.1270927360003
3000 2031 9724 1692.9132380160004
3000 2138 9959 1733.8258882560003
3000 2193 10198 1775.4349240320003
3000 2088 9919 1726.862032896
3000 2230 10077 1754.3692615680004
3000 2213 10079 1754.7174543360002
3000 2194 10061 1751.5837194240003
4000 3614 13394 2331.8469672960005
4000 3601 13269 2310.0849192960004
4000 3742 13576 2363.5325091840004
4000 3625 13178 2294.242148352
4000 3623 13153 2289.8897387520005
4000 3591 13336 2321.7493770240003
4000 3460 13036 2269.5204618240004
4000 3716 13405 2333.7620275200006
4000 3599 13297 2314.9596180480003
4000 3674 13424 2337.0698588160003
500 42 1017 177.05602252800003
500 31 986 171.65903462400001
500 40 990 172.35542016000002
500 48 1055 183.67168512000003
500 24 1001 174.27048038400002
500 28 1040 181.06023936000003
500 28 1054 183.49758873600004
500 30 1102 191.85421516800002
500 30 939 163.476504576
500 42 1040 181.06023936000003
1000 115 1990 346.45180416000005
1000 119 1992 346.79999692800004
1000 143 2066 359.68312934400006
1000 111 2021 351.84879206400007
1000 124 1994 347.14818969600003
1000 107 1962 341.5771054080001
1000 126 2020 351.67469568000007
1000 120 2007 349.411442688
1000 132 1986 345.755418624
1000 137 2049 356.72349081600004
2000 423 4042 703.6975841280001
2000 494 4078 709.9650539520002
2000 502 3995 695.51505408
2000 428 4007 697.6042106880001
2000 448 3986 693.9481866240001
2000 473 3948 687.332524032
2000 439 4043 703.8716805120001
2000 454 3985 693.7740902400001
2000 494 4102 714.143367168
2000 494 4008 697.7783070720001
3000 993 5914 1029.606014976
3000 1094 6106 1063.032520704
3000 975 6130 1067.2108339200001
3000 964 5946 1035.1770992640002
3000 1021 6091 1060.421074944
3000 975 6010 1046.31926784
3000 1060 6063 1055.5463761920003
3000 988 5942 1034.4807137280002
3000 980 5940 1034.1325209600002
3000 1093 6101 1062.162038784
4000 1681 7951 1384.2403491840003
4000 1717 7828 1362.8264939520002
4000 1793 8090 1408.4397465600002
4000 1861 8094 1409.1361320960002
4000 1732 8053 1401.9981803520002
4000 1736 8032 1398.342156288
4000 1748 7990 1391.03010816
4000 1783 8174 1423.0638428160003
4000 1640 7917 1378.3210721280002
4000 1814 8138 1416.7963729920002
5000 2740 10075 1754.0210688000002
5000 2759 10198 1775.4349240320003
5000 2692 10098 1758.0252856320003
500 0 937 163.12831180800003
500 0 1038 180.712046592
500 0 1003 174.618673152
500 0 1010 175.83734784000004
500 0 979 170.44035993600002
500 0 1059 184.36807065600001
500 0 1057 184.01987788800002
500 0 1065 185.41264896
1000 0 2034 354.11204505600006
1000 0 2007 349.411442688
1000 0 1998 347.84457523200007
1000 0 1960 341.22891264000003
1000 0 2047 356.37529804800005
1000 0 2000 348.19276800000006
500 0 1027 178.79698636800003
500 0 1053 183.32349235200002
1000 0 1964 341.92529817600007
1000 0 1971 343.14397286400003
1000 0 1903 331.30541875200004
1000 0 2058 358.290358272
2000 0 3951 687.8548131840001
2000 0 3937 685.4174638080001
2000 0 3872 674.1011988480001
2000 0 3988 694.2963793920001
2000 0 3879 675.3198735360002
2000 0 4065 707.70180096
2000 0 4078 709.9650539520002
2000 0 3959 689.2475842560001
2000 0 4028 701.2602347520001
2000 0 4002 696.7337287680001
5000 2621 10007 1742.1825146880003
3000 0 6002 1044.926496768
3000 0 6114 1064.4252917760002
3000 0 6053 1053.805412352
3000 0 6066 1056.068665344
3000 0 6111 1063.903002624
3000 0 6075 1057.6355328
3000 0 5990 1042.8373401600002
3000 0 6023 1048.5825208320002
3000 0 5973 1039.877701632
3000 0 6088 1059.8987857920001
5000 2570 9910 1725.2951654400003
5000 2572 9881 1720.246370304
5000 2762 10127 1763.0740807680002
5000 2690 10026 1745.4903459840002
5000 2690 10114 1760.8108277760002
5000 2539 9938 1730.1698641920002
4000 0 8090 1408.4397465600002
4000 0 7915 1377.9728793600002
4000 0 8023 1396.7752888320003
4000 0 7977 1388.7668551680001
4000 0 8014 1395.2084213760002
4000 0 7893 1374.142758912
4000 0 7937 1381.802999808
4000 0 8009 1394.3379394560002
4000 0 7958 1385.4590238720002
4000 0 8038 1399.3867345920003
5000 0 10050 1749.6686592000003
5000 0 10199 1775.609020416
5000 0 10239 1782.5728757760003
5000 0 10060 1751.4096230400003
5000 0 10066 1752.454201344
5000 0 9992 1739.5710689280002
5000 0 9867 1717.809020928
5000 0 9958 1733.6517918720003
5000 0 10156 1768.1228759040002
5000 0 10135 1764.4668518400001
500 80 1668 290.39276851200003
500 84 1768 307.80240691200004
500 57 1625 282.9066240000001
500 69 1561 271.764455424
500 76 1703 296.486141952
500 44 1589 276.63915417600003
500 85 1699 295.789756416
500 78 1649 287.084937216
500 63 1607 279.77288908800006
500 46 1537 267.586142208
1000 253 3357 584.4415610880001
1000 234 3414 594.3650549760001
1000 258 3362 585.312043008
1000 274 3326 579.044573184
1000 312 3447 600.1102356480001
1000 250 3378 588.0975851520001
1000 244 3348 582.8746936320001
1000 265 3265 568.4246937600001
1000 234 3244 564.7686696960001
1000 238 3420 595.4096332800001
2000 972 6552 1140.6795079680003
2000 985 6628 1153.9108331520001
2000 939 6611 1150.951194624
2000 1030 6859 1194.127097856
2000 943 6731 1171.8427607040003
2000 1067 6976 1214.4963747840002
2000 970 6604 1149.732519936
2000 970 6738 1173.0614353920002
2000 936 6594 1147.9915560960003
2000 950 6771 1178.806616064
3000 2146 10116 1761.1590205440002
3000 2287 10223 1779.7873336320001
3000 2133 9972 1736.089141248
3000 2214 10220 1779.2650444800004
3000 2114 9851 1715.0234787840002
3000 2073 9866 1717.6349245440001
3000 2077 9984 1738.1782978560002
3000 2063 9885 1720.9427558400002
3000 2017 10063 1751.9319121920003
3000 2078 10078 1754.5433579520002
4000 3666 13284 2312.696365056
4000 3706 13555 2359.8764851200003
4000 3421 13118 2283.7963653120005
4000 3767 13280 2311.9999795200006
4000 3697 13405 2333.7620275200006
4000 3742 13419 2336.1993768960006
4000 3603 13364 2326.6240757760006
4000 3844 13605 2368.58130432
4000 3613 13368 2327.320461312
4000 3634 13408 2334.2843166720004
500 39 1049 182.627106816
500 36 959 166.958432256
500 36 991 172.52951654400002
500 33 1008 175.48915507200002
500 23 1058 184.19397427200002
500 26 1022 177.926504448
500 32 985 171.48493824000002
500 26 1030 179.31927552000002
500 36 1016 176.88192614400003
500 34 1073 186.80542003200003
1000 128 1968 342.621683712
1000 133 2063 359.160840192
1000 146 2099 365.428310016
1000 136 1969 342.79578009600004
1000 113 2021 351.84879206400007
1000 142 1962 341.5771054080001
1000 126 1987 345.929515008
1000 145 2039 354.9825269760001
1000 86 1951 339.662045184
1000 104 1984 345.4072258560001
2000 445 3875 674.6234880000001
2000 471 4039 703.175294976
2000 498 3951 687.8548131840001
2000 472 3974 691.859030016
2000 435 3936 685.243367424
2000 440 3933 684.7210782720001
2000 434 4036 702.6530058240002
2000 485 4075 709.4427648000001
2000 457 3940 685.9397529600001
2000 493 3974 691.859030016
3000 967 5907 1028.3873402880001
3000 985 6029 1049.6270991360002
3000 1048 6059 1054.849990656
3000 995 5994 1043.5337256960001
3000 924 5961 1037.788545024
3000 1143 6204 1080.0939663360002
3000 992 6083 1059.0283038720002
3000 994 5983 1041.6186654720002
3000 1108 6094 1060.943364096
3000 996 6074 1057.4614364160002
4000 1743 7974 1388.2445660160004
4000 1794 8050 1401.4758912000002
4000 1622 7917 1378.3210721280002
4000 1756 8188 1425.5011921920002
4000 1801 7986 1390.333722624
4000 1738 8041 1399.9090237440003
4000 1729 8104 1410.8770959360002
4000 1675 7954 1384.7626383360002
4000 1674 7929 1380.4102287360001
4000 1643 8100 1410.1807104000002
5000 2593 9955 1733.1295027200003
5000 2760 10207 1777.0017914880002
5000 2705 10028 1745.8385387520002
5000 2678 10107 1759.5921530880003
5000 2702 10063 1751.9319121920003
5000 2719 10096 1757.6770928640003
5000 2637 9876 1719.3758883840003
500 0 1048 182.453010432
500 0 1014 176.53373337600001
500 0 1002 174.44457676800002
500 0 1009 175.66325145600004
500 0 987 171.833131008
500 0 988 172.00722739200003
500 0 1046 182.10481766400002
500 0 968 168.52529971200002
500 0 1021 177.752408064
500 0 1014 176.53373337600001
1000 0 2050 356.89758720000003
1000 0 2025 352.54517760000005
1000 0 2084 362.81686425600003
1000 0 1987 345.929515008
1000 0 2027 352.89337036800003
1000 0 2052 357.2457799680001
1000 0 2063 359.160840192
1000 0 1955 340.35843072
1000 0 2056 357.94216550400006
1000 0 2087 363.3391534080001
2000 0 4000 696.3855360000001
2000 0 4136 720.0626442240001
2000 0 4018 699.519270912
2000 0 3948 687.332524032
2000 0 3841 668.7042109440001
2000 0 4055 705.9608371200002
2000 0 3948 687.332524032
2000 0 3927 683.676499968
2000 0 3925 683.3283072
2000 0 3930 684.1987891200001
3000 0 6018 1047.7120389120003
3000 0 6032 1050.1493882880002
3000 0 5915 1029.78011136
3000 0 6053 1053.805412352
3000 0 5974 1040.0517980160002
3000 0 5939 1033.9584245760002
3000 0 5999 1044.4042076160001
3000 0 6029 1049.6270991360002
3000 0 6006 1045.622882304
3000 0 6028 1049.4530027520002
5000 2551 10028 1745.8385387520002
5000 2676 10013 1743.227092992
5000 2661 10020 1744.4457676800002
4000 0 7997 1392.248782848
4000 0 8071 1405.131915264
4000 0 7986 1390.333722624
4000 0 8228 1432.4650475520002
4000 0 8172 1422.715650048
4000 0 7919 1378.6692648960002
4000 0 7956 1385.110831104
4000 0 8056 1402.5204695040002
4000 0 8087 1407.9174574080002
4000 0 8023 1396.7752888320003
5000 0 10166 1769.8638397440002
5000 0 9942 1730.8662497280002
5000 0 10114 1760.8108277760002
5000 0 10190 1774.0421529600003
5000 0 10217 1778.7427553280004
5000 0 10084 1755.5879362560004
5000 0 9997 1740.4415508480004
5000 0 9878 1719.7240811520003
5000 0 9984 1738.1782978560002
5000 0 9932 1729.1252858880002
500 42 1605 279.42469632000007
500 33 1504 261.84096153600007
500 80 1600 278.55421440000003
500 62 1646 286.56264806400003
500 41 1598 278.20602163200004
500 63 1657 288.47770828800003
500 48 1515 263.75602176
500 34 1531 266.54156390400004
500 62 1517 264.104214528
500 34 1594 277.509636096
1000 220 3167 551.363248128
1000 245 3131 545.095778304
1000 249 3209 558.675296256
1000 249 3172 552.2337300480001
1000 224 3244 564.7686696960001
1000 283 3254 566.509633536
1000 216 3105 540.5692723200001
1000 224 3171 552.059633664
1000 219 3228 561.983127552
1000 276 3360 584.9638502400002
2000 973 6538 1138.2421585920004
2000 1024 6652 1158.089146368
2000 907 6362 1107.601195008
2000 861 6375 1109.8644480000003
2000 883 6416 1117.0023997440003
2000 854 6327 1101.507821568
2000 887 6291 1095.2403517440002
2000 917 6378 1110.3867371520003
2000 901 6298 1096.4590264320002
2000 997 6474 1127.099990016
3000 1968 9578 1667.4951659520002
3000 2039 9831 1711.541551104
3000 1968 9669 1683.3379368960002
3000 2178 9988 1738.8746833920002
3000 2098 10010 1742.70480384
3000 1970 9818 1709.2782981120001
3000 2003 9561 1664.5355274240003
3000 2009 9669 1683.3379368960002
3000 1901 9546 1661.9240816640004
3000 1936 9592 1669.9325153280004
4000 3354 12833 2234.1788958720003
4000 3384 12901 2246.017449984
4000 3294 12799 2228.2596188160005
4000 3365 12776 2224.2554019840004
4000 3565 13107 2281.8813050880003
4000 3704 13265 2309.3885337600004
4000 3205 12665 2204.9307033600003
4000 3532 12931 2251.2403415040003
4000 3387 12839 2235.2234741760003
4000 3482 13129 2285.711425536
5000 5012 15850 2759.4276864000003
5000 5328 16272 2832.8963604480005
5000 5206 16058 2795.639734272
5000 5043 16011 2787.4572042240006
5000 5373 16303 2838.293348352
5000 5260 16002 2785.890336768
5000 5285 16454 2864.5819023360004
5000 5423 16569 2884.602986496
5000 5392 16612 2892.0891310080005
5000 5060 15928 2773.0072043520004
500 89 1622 282.38433484800004
500 64 1614 280.991563776
500 0 1717 298.923491328
500 50 1686 293.526503424
5000 0 16613 2892.2632273920003
5000 6679 16632 2895.571058688
500 35 1701 296.13794918400004
500 52 1509 262.71144345600004
500 54 1612 280.64337100800003
500 97 1654 287.95541913600005
500 66 1691 294.39698534400003
500 78 1497 260.62228684800004
500 89 1659 288.8259010560001
500 79 1653 287.78132275200005
500 80 1717 298.923491328
500 127 1725 300.3162624
500 71 1519 264.45240729600005
500 76 1558 271.242166272
500 53 1564 272.28674457600005
500 71 1583 275.59457587200006
500 74 1594 277.509636096
500 78 1635 284.64758784
500 113 1641 285.69216614400005
500 73 1661 289.17409382400007
500 103 1675 291.61144320000005
500 87 1691 294.39698534400003
500 110 1740 302.92770816
500 93 1712 298.05300940800004
500 83 1781 310.06565990400003
500 118 1863 324.341563392
500 79 1569 273.1572264960001
500 83 1707 297.18252748800006
500 75 1698 295.615660032
500 95 1722 299.79397324800004
500 102 1668 290.39276851200003
500 102 1660 288.9999974400001
500 81 1660 288.9999974400001
500 70 1776 309.19517798400005
500 106 1750 304.6686720000001
500 83 1645 286.38855168000003
500 66 1617 281.513852928
500 85 1742 303.27590092800006
500 52 1652 287.60722636800006
500 88 1733 301.70903347200004
500 77 1678 292.13373235200004
500 81 1590 276.8132505600001
500 106 1727 300.664455168
500 78 1640 285.51806976000006
500 75 1743 303.44999731200005
500 90 1635 284.64758784
500 86 1707 297.18252748800006
500 96 1743 303.44999731200005
500 73 1851 322.252406784
500 65 1537 267.586142208
500 89 1665 289.87047936
500 92 1733 301.70903347200004
500 89 1679 292.30782873600003
500 73 1668 290.39276851200003
500 96 1631 283.951202304
500 78 1684 293.178310656
500 62 1638 285.16987699200007
500 83 1718 299.097587712
500 84 1629 283.603009536
500 73 1633 284.29939507200004
500 70 1601 278.72831078400003
500 85 1720 299.44578048
500 88 1750 304.6686720000001
500 99 1619 281.86204569600005
500 94 1661 289.17409382400007
500 90 1625 282.9066240000001
500 83 1717 298.923491328
500 91 1626 283.0807203840001
500 78 1759 306.235539456
500 65 1609 280.121081856
500 97 1616 281.339756544
500 62 1586 276.11686502400005
500 75 1598 278.20602163200004
500 79 1629 283.603009536
500 80 1714 298.4012021760001
500 82 1694 294.91927449600007
500 66 1597 278.03192524800005
500 63 1657 288.47770828800003
500 84 1778 309.54337075200004
500 98 1718 299.097587712
500 89 1668 290.39276851200003
500 70 1626 283.0807203840001
500 87 1704 296.660238336
500 95 1651 287.433129984
500 88 1637 284.995780608
500 75 1583 275.59457587200006
500 71 1673 291.26325043200006
500 80 1660 288.9999974400001
500 79 1702 296.31204556800003
500 86 1614 280.991563776
500 78 1604 279.25059993600007
500 77 1804 314.0698767360001
500 72 1674 291.43734681600006
500 80 1715 298.5752985600001
500 81 1621 282.21023846400004
500 57 1691 294.39698534400003
500 77 1612 280.64337100800003
500 66 1656 288.30361190400004
500 64 1576 274.37590118400004
500 68 1689 294.04879257600004
500 78 1789 311.458430976
500 70 1742 303.27590092800006
500 76 1718 299.097587712
1000 317 3289 572.6030069760001
1000 392 3498 608.9891512320002
1000 308 3149 548.2295132160001
1000 338 3277 570.513850368
1000 304 3321 578.174091264
1000 353 3392 590.5349345280001
1000 294 3266 568.5987901440001
1000 337 3367 586.1825249280001
1000 274 3240 564.0722841600001
1000 313 3384 589.142163456
1000 343 3498 608.9891512320002
1000 299 3206 558.153007104
1000 310 3515 611.9487897600001
1000 345 3388 589.8385489920001
1000 341 3284 571.7325250560001
1000 302 3222 560.9385492480001
1000 283 3245 564.9427660800001
1000 329 3344 582.178308096
1000 367 3439 598.7174645760001
1000 352 3493 608.1186693120001
1000 334 3347 582.700597248
1000 349 3469 603.9403560960001
1000 333 3355 584.0933683200001
1000 298 3175 552.7560192000001
1000 328 3347 582.700597248
1000 304 3368 586.356621312
1000 332 3393 590.7090309120001
1000 360 3394 590.8831272960001
1000 341 3458 602.0252958720001
1000 305 3365 585.83433216
1000 408 3496 608.640958464
1000 343 3373 587.2271032320001
1000 315 3440 598.89156096
1000 296 3296 573.821681664
1000 295 3223 561.1126456320001
1000 341 3343 582.004211712
1000 296 3244 564.7686696960001
1000 335 3220 560.59035648
1000 324 3454 601.328910336
1000 348 3319 577.825898496
1000 329 3321 578.174091264
1000 330 3330 579.74095872
1000 311 3317 577.477705728
1000 340 3370 586.70481408
1000 313 3439 598.7174645760001
1000 304 3363 585.486139392
1000 270 3159 549.9704770560002
1000 322 3367 586.1825249280001
1000 331 3387 589.664452608
1000 353 3401 592.1018019840001
1000 367 3528 614.2120427520001
1000 370 3494 608.2927656960001
1000 302 3272 569.643368448
1000 291 3254 566.509633536
1000 326 3376 587.7493923840001
1000 268 3244 564.7686696960001
1000 326 3418 595.0614405120001
1000 309 3186 554.671079424
1000 351 3280 571.0361395200001
1000 308 3227 561.809031168
1000 354 3435 598.0210790400001
1000 312 3306 575.5626455040001
1000 302 3361 585.137946624
1000 283 3289 572.6030069760001
1000 351 3347 582.700597248
1000 308 3278 570.6879467520001
1000 339 3336 580.7855370240001
1000 346 3396 591.2313200640001
1000 278 3122 543.528910848
1000 277 3188 555.019272192
1000 319 3397 591.4054164480001
1000 304 3380 588.4457779200001
1000 365 3469 603.9403560960001
1000 350 3390 590.1867417600001
1000 280 3253 566.335537152
1000 340 3386 589.4903562240002
1000 343 3300 574.5180672
1000 333 3431 597.324693504
1000 324 3372 587.053006848
1000 333 3353 583.7451755520001
1000 287 3354 583.9192719360001
1000 356 3377 587.9234887680001
1000 305 3319 577.825898496
1000 343 3366 586.008428544
1000 272 3132 545.2698746880001
1000 365 3413 594.1909585920001
1000 368 3473 604.636741632
1000 323 3319 577.825898496
1000 307 3203 557.630717952
1000 340 3384 589.142163456
1000 315 3411 593.8427658240001
1000 282 3174 552.5819228160001
1000 273 2989 520.3740917760001
1000 339 3350 583.2228864000001
1000 336 3389 590.012645376
1000 344 3427 596.6283079680001
1000 327 3470 604.1144524800001
1000 324 3347 582.700597248
1000 311 3360 584.9638502400002
1000 302 3385 589.31625984
2000 1136 6506 1132.671074304
2000 1300 6768 1178.284326912
2000 1402 6977 1214.6704711680002
2000 1228 6697 1165.9234836480002
2000 1304 6960 1211.71083264
2000 1258 6741 1173.5837245440002
2000 1336 6893 1200.0463749120001
2000 1213 6678 1162.6156523520003
2000 1248 6617 1151.9957729280002
2000 1224 6833 1189.6005918720002
2000 1311 6861 1194.475290624
2000 1339 6774 1179.328905216
2000 1136 6642 1156.348182528
2000 1262 6907 1202.483724288
2000 1286 6712 1168.5349294080002
2000 1295 6840 1190.8192665600002
2000 1267 6670 1161.2228812800001
2000 1237 6597 1148.513845248
2000 1259 6665 1160.3523993600002
2000 1251 6646 1157.044568064
2000 1346 6980 1215.1927603200002
2000 1284 6935 1207.3584230400002
2000 1210 6536 1137.8939658240001
2000 1124 6508 1133.019267072
2000 1113 6547 1139.809026048
2000 1288 6572 1144.1614356480002
2000 1260 6663 1160.0042065920002
2000 1285 6701 1166.6198691840002
2000 1382 6907 1202.483724288
2000 1313 6866 1195.345772544
2000 1271 6650 1157.7409536000002
2000 1289 6796 1183.159025664
2000 1266 6770 1178.63251968
2000 1229 6715 1169.0572185600001
2000 1224 6598 1148.6879416320003
2000 1293 6782 1180.721676288
2000 1087 6385 1111.6054118400002
2000 1174 6679 1162.789748736
2000 1101 6475 1127.2740864
2000 1170 6582 1145.9023994880001
2000 1309 6686 1164.008423424
2000 1272 6652 1158.089146368
2000 1194 6690 1164.70480896
2000 1203 6649 1157.566857216
2000 1258 6822 1187.6855316480003
2000 1252 6646 1157.044568064
2000 1138 6490 1129.8855321600001
2000 1127 6389 1112.3017973760002
2000 1209 6729 1171.494567936
2000 1233 6739 1173.235531776
2000 1302 6818 1186.9891461120003
2000 1237 6631 1154.433122304
2000 1221 6683 1163.486134272
2000 1208 6659 1159.3078210560002
2000 1313 6868 1195.693965312
2000 1102 6591 1147.4692669440003
2000 1154 6478 1127.796375552
2000 1231 6651 1157.9150499840002
2000 1281 6707 1167.6644474880002
2000 1181 6544 1139.286736896
2000 1266 6830 1189.07830272
2000 1270 6688 1164.356616192
2000 1356 6918 1204.398784512
2000 1149 6515 1134.2379417600002
2000 1205 6670 1161.2228812800001
2000 1250 6594 1147.9915560960003
2000 1333 6762 1177.2397486080001
2000 1123 6410 1115.95782144
2000 1183 6653 1158.263242752
2000 1192 6567 1143.2909537280002
2000 1199 6668 1160.8746885120001
2000 1183 6729 1171.494567936
2000 1208 6611 1150.951194624
2000 1306 6772 1178.9807124480003
2000 1201 6664 1160.1783029760002
2000 1219 6746 1174.4542064640002
2000 1269 6750 1175.1505920000002
2000 1278 6753 1175.6728811520002
2000 1276 6860 1194.3011942400003
2000 1185 6656 1158.785531904
2000 1228 6512 1133.715652608
2000 1266 6824 1188.033724416
2000 1215 6516 1134.412038144
2000 1166 6448 1122.5734840320001
2000 1179 6542 1138.938544128
2000 1239 6821 1187.5114352640003
2000 1247 6665 1160.3523993600002
2000 1236 6705 1167.31625472
2000 1316 6814 1186.2927605760003
2000 1178 6609 1150.6030018560002
2000 1281 6851 1192.7343267840001
2000 1244 6663 1160.0042065920002
2000 1132 6374 1109.6903516160003
2000 1226 6616 1151.8216765440002
2000 1195 6720 1169.9277004800003
2000 1329 6840 1190.8192665600002
2000 1254 6607 1150.254809088
2000 1200 6729 1171.494567936
2000 1356 6927 1205.9656519680002
2000 1216 6854 1193.2566159360001
3000 2605 10065 1752.2801049600002
3000 2563 9885 1720.9427558400002
3000 2527 9823 1710.1487800320003
3000 2631 9858 1716.2421534720002
3000 2605 10086 1755.9361290240001
3000 2556 9942 1730.8662497280002
3000 2554 10035 1747.0572134400004
3000 2727 10104 1759.069863936
3000 2573 9998 1740.6156472320001
3000 2584 9920 1727.0361292800003
3000 2658 10147 1766.5560084480003
3000 2685 10059 1751.235526656
3000 2682 9961 1734.174081024
3000 2649 10039 1747.7535989760004
3000 2682 10108 1759.766249472
3000 2761 10086 1755.9361290240001
3000 2714 10074 1753.8469724160002
3000 2831 10077 1754.3692615680004
3000 2707 10240 1782.7469721600003
3000 2694 10124 1762.5517916160002
3000 2521 9830 1711.3674547200003
3000 2869 10493 1826.7933573120004
3000 2570 10042 1748.2758881280004
3000 2466 9703 1689.257213952
3000 2738 10029 1746.0126351360002
3000 2511 9788 1704.0554065920003
3000 2582 9953 1732.7813099520001
3000 2660 10143 1765.859622912
3000 2536 9814 1708.5819125760001
3000 2606 10061 1751.5837194240003
3000 2525 9993 1739.7451653120004
3000 2739 10067 1752.6282977280002
3000 2676 10049 1749.4945628160003
3000 2535 9789 1704.2295029760003
3000 2633 9909 1725.1210690560001
3000 2641 10067 1752.6282977280002
3000 2675 9999 1740.7897436160001
3000 2516 9907 1724.7728762880001
3000 2565 9808 1707.5373342720004
3000 2588 9918 1726.6879365120003
3000 2562 9923 1727.558418432
3000 2679 10095 1757.5029964800003
3000 2865 10157 1768.296972288
3000 2562 9865 1717.4608281600003
3000 2578 10001 1741.1379363840003
3000 2675 10090 1756.6325145600001
3000 2536 9987 1738.7005870080002
3000 2727 10269 1787.7957672960003
3000 2714 10282 1790.059020288
3000 2426 9740 1695.69878016
3000 2560 9795 1705.2740812800002
3000 2450 9790 1704.40359936
3000 2698 9949 1732.0849244160001
3000 2520 9932 1729.1252858880002
3000 2706 10080 1754.8915507200002
3000 2598 10090 1756.6325145600001
3000 2573 9854 1715.5457679360002
3000 2648 9898 1723.2060088320002
3000 2550 9900 1723.5542016000002
3000 2560 9799 1705.9704668160002
3000 2634 9995 1740.0933580800001
3000 2570 9771 1701.0957680640001
3000 2483 9788 1704.0554065920003
3000 2889 10439 1817.3921525760002
3000 2706 10040 1747.9276953600001
3000 2444 9675 1684.3825152000004
3000 2635 10064 1752.1060085760002
3000 2526 9825 1710.4969728
3000 2680 10158 1768.4710686720002
3000 2735 10094 1757.328900096
3000 2644 10119 1761.6813096960002
3000 2576 9857 1716.0680570880004
3000 2573 9997 1740.4415508480004
3000 2791 10222 1779.6132372480001
3000 2640 10100 1758.3734784
3000 2652 10110 1760.1144422400002
3000 2789 10303 1793.7150443520002
3000 2802 10181 1772.475285504
3000 2860 10362 1803.986731008
3000 2565 9900 1723.5542016000002
3000 2631 10076 1754.1951651840002
3000 2763 10228 1780.6578155520003
3000 2720 10080 1754.8915507200002
3000 2612 9828 1711.019261952
3000 2705 10093 1757.154803712
3000 2596 9927 1728.2548039680003
3000 2775 10098 1758.0252856320003
3000 2632 10097 1757.851189248
3000 2619 10052 1750.016851968
3000 2670 9975 1736.6114304
3000 2639 10102 1758.7216711680003
3000 2710 10118 1761.5072133120002
3000 2517 9946 1731.5626352640002
3000 2474 9699 1688.560828416
3000 2720 10136 1764.640948224
3000 2586 9875 1719.2017920000003
3000 2623 9936 1729.8216714240002
3000 2699 9996 1740.2674544640001
3000 2677 10186 1773.3457674240003
3000 2754 10151 1767.2523939840003
4000 4398 13179 2294.416244736
4000 4657 13552 2359.3541959680006
4000 4348 13194 2297.027690496
4000 4445 13406 2333.9361239040004
4000 4572 13408 2334.2843166720004
4000 4374 13073 2275.962028032
4000 4403 13059 2273.524678656
4000 4453 13410 2334.63250944
4000 4447 13348 2323.8385336320002
4000 4386 13293 2314.2632325120003
4000 4291 13271 2310.433112064
4000 4429 13166 2292.1529917440002
4000 4401 13334 2321.4011842560003
4000 4565 13491 2348.734316544
4000 4546 13598 2367.3626296320003
4000 4245 12992 2261.8602209280007
4000 4365 13154 2290.0638351360003
4000 4480 13327 2320.182509568
4000 4428 13301 2315.6560035840002
4000 4374 13432 2338.4626298880003
4000 4469 13571 2362.6620272640002
4000 4617 13585 2365.09937664
4000 4564 13425 2337.2439552
4000 4321 13222 2301.902389248
4000 4446 13251 2306.9511843840005
4000 4714 13641 2374.848774144
4000 4463 13443 2340.3776901120004
4000 4372 13278 2311.651786752
4000 4383 13264 2309.214437376
4000 4340 13338 2322.0975697920003
4000 4503 13238 2304.6879313920003
4000 4510 13312 2317.571063808
4000 4591 13590 2365.9698585600004
4000 4579 13447 2341.0740756480004
4000 4576 13359 2325.7535938560004
4000 4365 13115 2283.2740761600003
4000 4515 13411 2334.806605824
4000 4639 13676 2380.942147584
4000 4456 13260 2308.51805184
4000 4536 13357 2325.4054010880004
4000 4436 13374 2328.365039616
4000 4562 13142 2287.9746785280004
4000 4291 13112 2282.7517870080005
4000 4476 13443 2340.3776901120004
4000 4835 13825 2406.8825088000003
4000 4400 13307 2316.7005818880007
4000 4543 13563 2361.2692561920003
4000 4435 13213 2300.3355217920002
4000 4423 13138 2287.278292992
4000 4453 13341 2322.619858944
4000 4643 13629 2372.7596175360004
4000 4700 13591 2366.143954944
4000 4512 13391 2331.3246781440002
4000 4143 12914 2248.280702976
4000 4411 13110 2282.40359424
4000 4445 13398 2332.5433528320004
4000 4264 13018 2266.386726912
4000 4507 13359 2325.7535938560004
4000 4529 13518 2353.4349189120003
4000 4348 13300 2315.4819072000005
4000 4569 13440 2339.8554009600007
4000 4266 12985 2260.64154624
4000 4350 12995 2262.3825100800004
4000 4395 13195 2297.2017868800003
4000 4561 13420 2336.3734732800003
4000 4443 13311 2317.396967424
4000 4540 13380 2329.40961792
4000 4563 13423 2336.895762432
4000 4576 13596 2367.0144368640003
4000 4287 13194 2297.027690496
4000 4627 13578 2363.880701952
4000 4486 13322 2319.3120276480004
4000 4437 13263 2309.040340992
4000 4597 13462 2343.6855214080006
4000 4294 13094 2279.618052096
4000 4393 13123 2284.6668472320002
4000 4319 13242 2305.3843169280003
4000 4639 13578 2363.880701952
4000 4759 13712 2387.2096174080007
4000 4537 13250 2306.7770880000003
4000 4423 13289 2313.5668469760003
4000 4692 13449 2341.4222684160004
4000 4663 13675 2380.7680512
4000 4481 13431 2338.288533504
4000 4221 12985 2260.64154624
4000 4234 13124 2284.840943616
4000 4431 13309 2317.048774656
4000 4471 13266 2309.562630144
4000 4554 13517 2353.2608225280005
4000 4421 13333 2321.227087872
4000 4521 13484 2347.5156418560005
4000 4447 13311 2317.396967424
4000 4279 13139 2287.4523893760006
4000 4264 13127 2285.363232768
4000 4548 13383 2329.9319070720003
4000 4421 13280 2311.9999795200006
4000 4771 13615 2370.3222681600005
4000 4394 13205 2298.9427507200003
4000 4546 13309 2317.048774656
4000 4537 13462 2343.6855214080006
5000 7132 17131 2982.4451543040004
5000 6731 16836 2931.0867210240003
5000 6500 16495 2871.7198540800005
5000 6922 16806 2925.863829504
5000 6619 16616 2892.785516544
5000 6533 16655 2899.5752755200006
5000 6806 16951 2951.1078051840004
5000 6621 16713 2909.6728657920003
5000 6558 16812 2926.9084078080004
5000 6867 17086 2974.610817024
5000 6639 16609 2891.5668418560003
5000 6500 16375 2850.8282880000006
5000 6432 16558 2882.6879262720004
5000 6545 16688 2905.320456192
5000 6685 16723 2911.4138296320007
5000 6798 16982 2956.5047930880005
5000 6604 16758 2917.5072030720007
5000 6548 16634 2895.9192514560004
5000 6696 16691 2905.8427453440004
5000 6980 16971 2954.5897328640003
5000 6457 16491 2871.023468544
5000 6674 16861 2935.4391306240004
5000 6612 16627 2894.7005767680002
5000 6584 16556 2882.3397335040004
5000 6736 16806 2925.863829504
5000 6775 16892 2940.8361185280005
5000 6718 16599 2889.8258780160004
5000 6831 16869 2936.8319016960004
5000 6843 16968 2954.0674437120006
5000 6425 16486 2870.1529866240007
5000 6774 16879 2938.5728655360003
5000 6441 16424 2859.3590108160006
5000 6602 16684 2904.624070656
5000 6762 16820 2928.30117888
5000 6738 16864 2935.9614197760006
5000 6411 16518 2875.724070912
5000 6620 16714 2909.846962176
5000 7008 17042 2966.950576128
5000 6553 16362 2848.5650350080005
5000 6714 16774 2920.2927452160006
5000 6568 16533 2878.3355166720003
5000 6811 16885 2939.6174438400003
5000 6658 16727 2912.110215168
5000 6441 16380 2851.6987699200004
5000 6527 16547 2880.772866048
5000 6546 16344 2845.431300096
5000 6944 17002 2959.986720768
5000 6755 16891 2940.6620221440007
5000 6399 16504 2873.286721536
5000 6761 16857 2934.7427450880004
5000 6643 16630 2895.2228659200005
5000 6941 16947 2950.4114196480004
5000 6609 16627 2894.7005767680002
5000 6618 16543 2880.0764805120007
5000 6489 16568 2884.4288901120003
5000 6466 16365 2849.08732416
5000 6931 17109 2978.6150338560005
5000 6980 17119 2980.3559976960005
5000 6485 16600 2889.9999744000006
5000 6702 16721 2911.065636864
5000 6561 16616 2892.785516544
5000 6392 16369 2849.7837096960006
5000 6441 16576 2885.8216611840003
5000 6520 16397 2854.6584084480005
5000 6719 16739 2914.1993717760006
5000 6801 16785 2922.2078054400004
5000 6526 16388 2853.091540992001
5000 6305 16491 2871.023468544
5000 6794 16910 2943.9698534400004
5000 6702 16712 2909.4987694080005
5000 6658 16680 2903.92768512
5000 6741 16550 2881.2951552000004
5000 6661 16670 2902.1867212800003
5000 6537 16664 2901.1421429760003
5000 6692 16748 2915.7662392320003
5000 6588 16493 2871.3716613120005
5000 6544 16718 2910.5433477120005
5000 6719 16690 2905.6686489600006
5000 6619 16669 2902.0126248960005
5000 7010 16956 2951.9782871040006
5000 7028 17004 2960.3349135360004
5000 6819 16957 2952.1523834880004
500 0 1674 291.43734681600006
500 0 1781 310.06565990400003
500 0 1756 305.71325030400004
500 0 1632 284.12529868800004
5000 7151 17271 3006.818648064
500 0 1703 296.486141952
500 0 1693 294.7451781120001
500 0 1722 299.79397324800004
5000 6793 16704 2908.1059983360005
500 0 1624 282.7325276160001
500 0 1827 318.074093568
500 0 1663 289.522286592
500 0 1756 305.71325030400004
500 0 1690 294.22288896000003
500 0 1726 300.490358784
500 0 1651 287.433129984
500 0 1715 298.5752985600001
500 0 1725 300.3162624
500 0 1666 290.04457574400004
500 0 1605 279.42469632000007
5000 6724 16788 2922.7300945920006
5000 6547 16554 2881.9915407360004
5000 6455 16497 2872.0680468480004
5000 6705 16792 2923.426480128
500 0 1663 289.522286592
500 0 1711 297.87891302400004
5000 6524 16576 2885.8216611840003
500 0 1724 300.14216601600003
500 0 1599 278.38011801600004
5000 7113 16995 2958.76804608
500 0 1674 291.43734681600006
500 0 1726 300.490358784
5000 6559 16545 2880.42467328
500 0 1541 268.28252774400005
5000 6697 16779 2921.163227136
500 0 1631 283.951202304
500 0 1720 299.44578048
500 0 1641 285.69216614400005
500 0 1687 293.70059980800005
500 0 1586 276.11686502400005
500 0 1800 313.37349120000005
500 0 1753 305.190961152
500 0 1665 289.87047936
500 0 1731 301.36084070400005
500 0 1652 287.60722636800006
500 0 1692 294.571081728
500 0 1612 280.64337100800003
500 0 1640 285.51806976000006
500 0 1703 296.486141952
500 0 1780 309.89156352000003
500 0 1697 295.44156364800006
500 0 1852 322.42650316800007
500 0 1704 296.660238336
500 0 1572 273.67951564800006
500 0 1707 297.18252748800006
500 0 1614 280.991563776
500 0 1640 285.51806976000006
500 0 1612 280.64337100800003
5000 6688 16697 2906.8873236480003
5000 6546 16534 2878.509613056
500 0 1631 283.951202304
500 0 1668 290.39276851200003
500 0 1603 279.076503552
500 0 1675 291.61144320000005
500 0 1708 297.35662387200006
500 0 1713 298.22710579200003
500 0 1587 276.29096140800004
500 0 1687 293.70059980800005
500 0 1711 297.87891302400004
500 0 1556 270.89397350400003
5000 6713 16699 2907.2355164160003
5000 6980 17004 2960.3349135360004
500 0 1539 267.93433497600006
500 0 1796 312.677105664
500 0 1806 314.418069504
500 0 1656 288.30361190400004
500 0 1639 285.34397337600006
500 0 1648 286.910840832
500 0 1748 304.320479232
500 0 1686 293.526503424
5000 6633 16668 2901.8385285120007
5000 6655 16630 2895.2228659200005
500 0 1601 278.72831078400003
500 0 1610 280.29517824
500 0 1815 315.98493696
500 0 1630 283.77710592
500 0 1666 290.04457574400004
5000 6608 16604 2890.696359936
5000 6715 16828 2929.6939499520004
500 0 1521 264.80060006400004
500 0 1715 298.5752985600001
500 0 1579 274.898190336
500 0 1600 278.55421440000003
500 0 1716 298.7493949440001
500 0 1789 311.458430976
500 0 1680 292.48192512
500 0 1757 305.88734668800004
500 0 1675 291.61144320000005
500 0 1755 305.53915392
500 0 1651 287.433129984
500 0 1638 285.16987699200007
500 0 1699 295.789756416
500 0 1652 287.60722636800006
500 0 1616 281.339756544
500 0 1561 271.764455424
500 0 1611 280.46927462400004
500 0 1697 295.44156364800006
500 0 1602 278.902407168
500 0 1752 305.01686476800006
500 0 1719 299.271684096
500 0 1732 301.53493708800005
500 0 1689 294.04879257600004
500 0 1673 291.26325043200006
500 0 1725 300.3162624
500 0 1665 289.87047936
500 0 1642 285.86626252800005
500 0 1686 293.526503424
500 0 1612 280.64337100800003
1000 0 3288 572.4289105920001
1000 0 3339 581.3078261760002
1000 0 3285 571.9066214400001
1000 0 3438 598.543368192
1000 0 3312 576.6072238080001
1000 0 3334 580.4373442560001
1000 0 3106 540.7433687040001
1000 0 3447 600.1102356480001
1000 0 3352 583.5710791680001
1000 0 3286 572.0807178240001
1000 0 3439 598.7174645760001
1000 0 3275 570.1656576
1000 0 3588 624.657825792
1000 0 3537 615.7789102080001
1000 0 3375 587.5752960000001
1000 0 3302 574.866259968
1000 0 3300 574.5180672
1000 0 3304 575.2144527360001
1000 0 3319 577.825898496
1000 0 3381 588.6198743040001
1000 0 3423 595.9319224320001
1000 0 3293 573.299392512
1000 0 3337 580.9596334080001
1000 0 3210 558.8493926400001
1000 0 3278 570.6879467520001
1000 0 3365 585.83433216
1000 0 3436 598.195175424
1000 0 3210 558.8493926400001
1000 0 3386 589.4903562240002
1000 0 3303 575.0403563520001
1000 0 3423 595.9319224320001
1000 0 3461 602.547585024
1000 0 3488 607.2481873920001
1000 0 3135 545.7921638400001
1000 0 3374 587.4011996160001
1000 0 3168 551.5373445120001
1000 0 3260 567.55421184
1000 0 3274 569.991561216
1000 0 3328 579.392765952
1000 0 3353 583.7451755520001
1000 0 3454 601.328910336
1000 0 3400 591.9277056
1000 0 3306 575.5626455040001
1000 0 3398 591.579512832
1000 0 3432 597.4987898880001
1000 0 3287 572.2548142080001
1000 0 3279 570.862043136
1000 0 3275 570.1656576
1000 0 3404 592.6240911360001
1000 0 3380 588.4457779200001
1000 0 3330 579.74095872
1000 0 3306 575.5626455040001
1000 0 3395 591.0572236800001
1000 0 3444 599.5879464960001
1000 0 3143 547.184934912
1000 0 3309 576.084934656
1000 0 3406 592.972283904
1000 0 3252 566.1614407680001
1000 0 3314 576.9554165760001
1000 0 3539 616.1271029760001
1000 0 3314 576.9554165760001
1000 0 3309 576.084934656
1000 0 3386 589.4903562240002
1000 0 3184 554.322886656
1000 0 3231 562.5054167040001
1000 0 3271 569.469272064
1000 0 3308 575.9108382720001
1000 0 3424 596.1060188160001
1000 0 3370 586.70481408
1000 0 3363 585.486139392
1000 0 3451 600.806621184
1000 0 3286 572.0807178240001
1000 0 3369 586.5307176960001
1000 0 3443 599.4138501120001
1000 0 3280 571.0361395200001
1000 0 3317 577.477705728
1000 0 3329 579.5668623360001
1000 0 3402 592.2758983680001
1000 0 3250 565.8132480000002
1000 0 3422 595.7578260480001
1000 0 3301 574.6921635840001
1000 0 3351 583.396982784
1000 0 3405 592.79818752
1000 0 3298 574.169874432
1000 0 3307 575.736741888
1000 0 3390 590.1867417600001
1000 0 3098 539.3505976320001
1000 0 3350 583.2228864000001
1000 0 3325 578.8704768000001
1000 0 3367 586.1825249280001
1000 0 3378 588.0975851520001
1000 0 3331 579.9150551040001
1000 0 3281 571.210235904
1000 0 3458 602.0252958720001
1000 0 3460 602.3734886400001
1000 0 3363 585.486139392
1000 0 3299 574.3439708160001
1000 0 3212 559.1975854080001
1000 0 3381 588.6198743040001
2000 0 6581 1145.7283031040001
2000 0 6570 1143.8132428800002
2000 0 6605 1149.9066163200002
2000 0 6733 1172.190953472
2000 0 6513 1133.889748992
2000 0 6812 1185.944567808
2000 0 6508 1133.019267072
2000 0 6659 1159.3078210560002
2000 0 6812 1185.944567808
2000 0 6751 1175.324688384
2000 0 6510 1133.3674598400003
2000 0 6590 1147.29517056
2000 0 6614 1151.473483776
2000 0 6820 1187.33733888
2000 0 6522 1135.4566164480002
2000 0 6928 1206.1397483520002
2000 0 6817 1186.815049728
2000 0 6480 1128.1445683200002
2000 0 6634 1154.955411456
2000 0 6385 1111.6054118400002
2000 0 6614 1151.473483776
2000 0 6736 1172.713242624
2000 0 6768 1178.284326912
2000 0 6732 1172.016857088
2000 0 6716 1169.2313149440001
2000 0 6766 1177.936134144
2000 0 6619 1152.3439656960002
2000 0 6792 1182.4626401280002
2000 0 6797 1183.3331220480002
2000 0 6936 1207.5325194240002
2000 0 6763 1177.4138449920001
2000 0 6752 1175.4987847680002
2000 0 6799 1183.6813148160002
2000 0 6645 1156.87047168
2000 0 6637 1155.477700608
2000 0 6450 1122.9216768000001
2000 0 6834 1189.774688256
2000 0 6847 1192.0379412480002
2000 0 6757 1176.3692666880002
2000 0 6744 1174.106013696
2000 0 6881 1197.9572183040002
2000 0 6901 1201.439145984
2000 0 6946 1209.273483264
2000 0 6633 1154.781315072
2000 0 6777 1179.851194368
2000 0 6736 1172.713242624
2000 0 6693 1165.2270981120002
2000 0 6737 1172.887339008
2000 0 6630 1154.25902592
2000 0 6785 1181.24396544
2000 0 6744 1174.106013696
2000 0 6684 1163.660230656
2000 0 6817 1186.815049728
2000 0 6525 1135.9789056000002
2000 0 6507 1132.8451706880003
2000 0 6558 1141.724086272
2000 0 6629 1154.0849295360003
2000 0 6651 1157.9150499840002
2000 0 6663 1160.0042065920002
2000 0 6559 1141.8981826560002
2000 0 6867 1195.5198689280003
2000 0 6745 1174.2801100800002
2000 0 6846 1191.8638448640002
2000 0 6671 1161.3969776640001
2000 0 6615 1151.6475801600002
2000 0 6666 1160.5264957440002
2000 0 6721 1170.101796864
2000 0 6721 1170.101796864
2000 0 6624 1153.2144476160001
2000 0 6510 1133.3674598400003
2000 0 6664 1160.1783029760002
2000 0 6657 1158.9596282880002
2000 0 6789 1181.940350976
2000 0 6763 1177.4138449920001
2000 0 6841 1190.9933629440002
2000 0 7002 1219.022880768
2000 0 6928 1206.1397483520002
2000 0 6676 1162.267459584
2000 0 6571 1143.9873392640002
2000 0 6372 1109.342158848
2000 0 6586 1146.598785024
2000 0 6618 1152.169869312
2000 0 6844 1191.5156520960002
2000 0 6740 1173.40962816
2000 0 6737 1172.887339008
2000 0 6754 1175.8469775360002
2000 0 6686 1164.008423424
2000 0 7042 1225.9867361280003
2000 0 6560 1142.0722790400002
2000 0 6579 1145.3801103360001
2000 0 6714 1168.8831221760001
2000 0 6694 1165.401194496
2000 0 6567 1143.2909537280002
2000 0 6758 1176.543363072
2000 0 6764 1177.5879413760001
2000 0 6930 1206.4879411200002
2000 0 6741 1173.5837245440002
2000 0 6992 1217.281916928
2000 0 6797 1183.3331220480002
2000 0 6697 1165.9234836480002
3000 0 10091 1756.8066109440003
3000 0 9977 1736.9596231680002
3000 0 10118 1761.5072133120002
3000 0 9794 1705.0999848960003
3000 0 10024 1745.1421532160002
3000 0 9807 1707.3632378880002
3000 0 10108 1759.766249472
3000 0 10457 1820.525887488
3000 0 10030 1746.1867315200002
3000 0 9821 1709.8005872640001
3000 0 9973 1736.2632376320003
3000 0 9584 1668.5397442560002
3000 0 10123 1762.3776952320002
3000 0 9953 1732.7813099520001
3000 0 10152 1767.4264903680003
3000 0 10196 1775.0867312640003
3000 0 9832 1711.715647488
3000 0 10121 1762.0295024640002
3000 0 10124 1762.5517916160002
3000 0 10036 1747.2313098240002
3000 0 9930 1728.77709312
3000 0 10154 1767.7746831360002
3000 0 10356 1802.9421527040001
3000 0 10198 1775.4349240320003
3000 0 9895 1722.6837196800002
3000 0 9946 1731.5626352640002
3000 0 9925 1727.9066112000003
3000 0 10109 1759.9403458560002
3000 0 10227 1780.4837191680003
3000 0 10039 1747.7535989760004
3000 0 10146 1766.381912064
3000 0 10123 1762.3776952320002
3000 0 9841 1713.2825149440002
3000 0 9996 1740.2674544640001
3000 0 10123 1762.3776952320002
3000 0 10098 1758.0252856320003
3000 0 10015 1743.5752857600003
3000 0 10129 1763.4222735360001
3000 0 9854 1715.5457679360002
3000 0 10085 1755.7620326400001
3000 0 10180 1772.3011891200001
3000 0 10074 1753.8469724160002
3000 0 9987 1738.7005870080002
3000 0 10253 1785.0102251520002
3000 0 10127 1763.0740807680002
3000 0 9902 1723.9023943680002
3000 0 9822 1709.9746836480003
3000 0 9813 1708.4078161920002
3000 0 9903 1724.0764907520002
3000 0 10018 1744.0975749120003
3000 0 9996 1740.2674544640001
3000 0 10200 1775.7831168000002
3000 0 10087 1756.1102254080001
3000 0 10042 1748.2758881280004
3000 0 10210 1777.5240806400002
3000 0 10236 1782.0505866240003
3000 0 10150 1767.0782976
3000 0 10125 1762.7258880000002
3000 0 10206 1776.8276951040004
3000 0 9943 1731.0403461120002
3000 0 9917 1726.5138401280003
3000 0 9946 1731.5626352640002
3000 0 9873 1718.853599232
3000 0 10057 1750.8873338880003
3000 0 10234 1781.702393856
3000 0 9923 1727.558418432
3000 0 10132 1763.9445626880001
3000 0 9966 1735.0445629440003
3000 0 10152 1767.4264903680003
3000 0 9790 1704.40359936
3000 0 9927 1728.2548039680003
3000 0 9794 1705.0999848960003
3000 0 10099 1758.1993820160003
3000 0 9862 1716.9385390080001
3000 0 9987 1738.7005870080002
3000 0 10013 1743.227092992
3000 0 10082 1755.2397434880002
3000 0 9938 1730.1698641920002
3000 0 10280 1789.7108275200003
3000 0 10192 1774.390345728
3000 0 9850 1714.8493824000002
3000 0 9956 1733.3035991040003
3000 0 10233 1781.528297472
3000 0 10186 1773.3457674240003
3000 0 10099 1758.1993820160003
3000 0 9969 1735.5668520960003
3000 0 9876 1719.3758883840003
3000 0 9861 1716.7644426240004
3000 0 10128 1763.2481771520002
3000 0 9856 1715.8939607040002
3000 0 10027 1745.6644423680002
3000 0 10183 1772.8234782720003
3000 0 9910 1725.2951654400003
3000 0 10038 1747.5795025920002
3000 0 10236 1782.0505866240003
3000 0 10215 1778.3945625600002
3000 0 10120 1761.8554060800002
3000 0 10314 1795.6301045760001
3000 0 10137 1764.8150446080003
3000 0 9964 1734.696370176
4000 0 13422 2336.7216660480003
4000 0 13328 2320.3566059520003
4000 0 13311 2317.396967424
4000 0 13274 2310.955401216
4000 0 13253 2307.2993771520005
4000 0 13416 2335.6770877440003
4000 0 13492 2348.9084129280004
4000 0 13429 2337.940340736
4000 0 13534 2356.220461056
4000 0 13640 2374.67467776
4000 0 13383 2329.9319070720003
4000 0 13262 2308.866244608
4000 0 13351 2324.3608227840004
4000 0 13285 2312.87046144
4000 0 13357 2325.4054010880004
4000 0 13257 2307.995762688
4000 0 13260 2308.51805184
4000 0 13138 2287.278292992
4000 0 13286 2313.0445578240005
4000 0 13319 2318.789738496
4000 0 13372 2328.016846848
4000 0 13321 2319.1379312640006
4000 0 13556 2360.050581504
4000 0 13510 2352.0421478400003
4000 0 13058 2273.3505822720003
4000 0 13164 2291.8047989760003
4000 0 13354 2324.883111936
4000 0 13136 2286.9301002240004
4000 0 13293 2314.2632325120003
4000 0 13503 2350.8234731520006
4000 0 13239 2304.8620277760006
4000 0 13140 2287.6264857600004
4000 0 13616 2370.4963645440002
4000 0 13647 2375.8933524480003
4000 0 13375 2328.5391360000003
4000 0 13292 2314.089136128
4000 0 13319 2318.789738496
4000 0 13354 2324.883111936
4000 0 13388 2330.802388992
4000 0 13560 2360.7469670400005
4000 0 13581 2364.402991104
4000 0 13198 2297.724076032
4000 0 13335 2321.5752806400005
4000 0 13094 2279.618052096
4000 0 13591 2366.143954944
4000 0 13126 2285.1891363840004
4000 0 12979 2259.5969679360005
4000 0 13468 2344.7300997120005
4000 0 13471 2345.2523888640003
4000 0 13736 2391.387930624
4000 0 13295 2314.6114252800003
4000 0 13270 2310.25901568
4000 0 13443 2340.3776901120004
4000 0 13412 2334.9807022080004
4000 0 13370 2327.6686540800006
4000 0 13815 2405.1415449600004
4000 0 14025 2441.7017856
4000 0 13372 2328.016846848
4000 0 13235 2304.16564224
4000 0 13355 2325.05720832
4000 0 13370 2327.6686540800006
4000 0 13357 2325.4054010880004
4000 0 13466 2344.381906944
4000 0 13511 2352.2162442240005
4000 0 13095 2279.7921484800004
4000 0 13355 2325.05720832
4000 0 13432 2338.4626298880003
4000 0 13452 2341.944557568
4000 0 13356 2325.2313047040006
4000 0 13429 2337.940340736
4000 0 13126 2285.1891363840004
4000 0 13245 2305.9066060800005
4000 0 13359 2325.7535938560004
4000 0 13345 2323.3162444800005
4000 0 13106 2281.7072087040005
4000 0 13359 2325.7535938560004
4000 0 13355 2325.05720832
4000 0 13551 2359.180099584
4000 0 13305 2316.35238912
4000 0 13445 2340.72588288
4000 0 13455 2342.4668467200004
4000 0 13563 2361.2692561920003
4000 0 13398 2332.5433528320004
4000 0 13344 2323.1421480960003
4000 0 13418 2336.025280512
4000 0 13177 2294.0680519680004
4000 0 13392 2331.4987745280005
4000 0 13231 2303.4692567040006
4000 0 13784 2399.7445570560003
4000 0 13845 2410.3644364800007
4000 0 13344 2323.1421480960003
4000 0 13448 2341.248172032
4000 0 13649 2376.2415452160003
4000 0 13262 2308.866244608
4000 0 13476 2346.1228707840005
4000 0 13495 2349.43070208
4000 0 13612 2369.7999790080003
4000 0 13599 2367.536726016
4000 0 13374 2328.365039616
4000 0 13453 2342.118653952
5000 0 16494 2871.5457576960007
5000 0 16451 2864.0596131840007
5000 0 16610 2891.74093824
5000 0 16552 2881.6433479680004
5000 0 16903 2942.751178752
5000 0 16818 2927.9529861120004
5000 0 16847 2933.001781248
5000 0 16681 2904.101781504
5000 0 16799 2924.6451548160003
5000 0 17050 2968.3433472
5000 0 16617 2892.9596129280003
5000 0 16759 2917.6812994560005
5000 0 16651 2898.878889984
5000 0 16646 2898.008408064
5000 0 17132 2982.619250688
5000 0 16217 2823.3210593280005
5000 0 16626 2894.5264803840005
5000 0 16728 2912.2843115520004
5000 0 16998 2959.2903352320004
5000 0 16631 2895.396962304
5000 0 16669 2902.0126248960005
5000 0 16835 2930.9126246400006
5000 0 16668 2901.8385285120007
5000 0 16759 2917.6812994560005
5000 0 17017 2962.5981665280005
5000 0 16646 2898.008408064
5000 0 16937 2948.6704558080005
5000 0 16948 2950.5855160320007
5000 0 16823 2928.8234680320006
5000 0 16771 2919.770456064
5000 0 16597 2889.477685248
5000 0 16527 2877.2909383680003
5000 0 17165 2988.3644313600003
5000 0 16708 2908.802383872
5000 0 16730 2912.63250432
5000 0 16942 2949.5409377280002
5000 0 17146 2985.056600064
5000 0 16595 2889.1294924800004
5000 0 16643 2897.486118912
5000 0 16762 2918.2035886080002
5000 0 16728 2912.2843115520004
5000 0 16922 2946.0590100480003
5000 0 16467 2866.8451553280006
5000 0 16739 2914.1993717760006
5000 0 16898 2941.8806968320005
5000 0 16380 2851.6987699200004
5000 0 16600 2889.9999744000006
5000 0 16592 2888.6072033280007
5000 0 16818 2927.9529861120004
5000 0 16812 2926.9084078080004
5000 0 17115 2979.6596121600005
5000 0 16881 2938.9210583040003
5000 0 16770 2919.59635968
5000 0 16739 2914.1993717760006
5000 0 16830 2930.0421427200004
5000 0 16709 2908.9764802560007
5000 0 16683 2904.4499742720004
5000 0 16762 2918.2035886080002
5000 0 16549 2881.1210588160006
5000 0 16745 2915.2439500800006
5000 0 16887 2939.9656366080003
5000 0 16686 2904.972263424
5000 0 16494 2871.5457576960007
5000 0 16776 2920.640937984
5000 0 16773 2920.1186488320004
5000 0 16570 2884.7770828800003
5000 0 16314 2840.2084085760002
5000 0 16882 2939.095154688
5000 0 16556 2882.3397335040004
5000 0 16507 2873.8090106880004
5000 0 16610 2891.74093824
5000 0 16896 2941.532504064
5000 0 16950 2950.9337088
5000 0 16786 2922.3819018240006
5000 0 16712 2909.4987694080005
5000 0 16716 2910.195154944
5000 0 16569 2884.602986496
5000 0 16732 2912.9806970880004
5000 0 16940 2949.1927449600007
5000 0 16668 2901.8385285120007
5000 0 16707 2908.6282874880003
5000 0 16544 2880.2505768960004
5000 0 16403 2855.7029867520005
500 38 1611 280.46927462400004
500 43 1673 291.26325043200006
500 44 1701 296.13794918400004
500 30 1614 280.991563776
500 71 1722 299.79397324800004
5000 0 16965 2953.5451545600004
500 46 1721 299.61987686400005
500 30 1543 268.63072051200004
500 49 1609 280.121081856
500 30 1537 267.586142208
500 46 1724 300.14216601600003
5000 0 16826 2929.3457571840004
5000 0 16872 2937.3541908480006
500 33 1662 289.34819020800006
500 42 1619 281.86204569600005
500 57 1651 287.433129984
500 40 1711 297.87891302400004
500 42 1672 291.089154048
500 50 1640 285.51806976000006
5000 0 16388 2853.091540992001
5000 0 16996 2958.9421424640004
500 64 1737 302.405419008
500 44 1615 281.16566016
500 42 1721 299.61987686400005
500 46 1711 297.87891302400004
5000 0 16777 2920.8150343680004
5000 0 16579 2886.3439503360005
500 48 1614 280.991563776
500 41 1574 274.027708416
500 56 1687 293.70059980800005
500 41 1588 276.46505779200004
5000 0 16741 2914.547564544
500 43 1755 305.53915392
500 47 1561 271.764455424
500 52 1686 293.526503424
500 40 1637 284.995780608
500 39 1607 279.77288908800006
500 70 1767 307.62831052800004
500 55 1612 280.64337100800003
500 42 1641 285.69216614400005
500 53 1640 285.51806976000006
5000 0 16816 2927.6047933440004
500 48 1663 289.522286592
500 42 1711 297.87891302400004
500 42 1518 264.27831091200005
500 42 1584 275.76867225600006
500 44 1694 294.91927449600007
500 44 1640 285.51806976000006
500 44 1654 287.95541913600005
500 51 1642 285.86626252800005
500 49 1767 307.62831052800004
5000 0 16668 2901.8385285120007
500 64 1691 294.39698534400003
500 55 1776 309.19517798400005
500 55 1610 280.29517824
5000 0 17059 2969.9102146560003
5000 0 16783 2921.8596126720004
5000 0 16473 2867.8897336320006
500 26 1636 284.821684224
500 60 1844 321.033732096
500 50 1614 280.991563776
500 48 1729 301.01264793600006
500 42 1618 281.68794931200006
500 43 1602 278.902407168
500 36 1616 281.339756544
500 60 1735 302.05722624000003
500 50 1695 295.09337088000007
500 34 1507 262.36325068800005
500 42 1686 293.526503424
5000 0 16641 2897.1379261440006
500 64 1709 297.53072025600005
5000 0 16398 2854.8325048320003
500 40 1658 288.651804672
500 44 1638 285.16987699200007
500 38 1632 284.12529868800004
500 42 1670 290.74096128
500 50 1518 264.27831091200005
500 28 1498 260.79638323200004
5000 0 16901 2942.402985984
500 32 1680 292.48192512
500 33 1700 295.9638528
500 52 1687 293.70059980800005
500 48 1655 288.12951552000004
500 63 1710 297.70481664000005
500 42 1714 298.4012021760001
500 38 1772 308.498792448
500 48 1604 279.25059993600007
500 50 1664 289.696382976
500 50 1783 310.4138526720001
500 34 1653 287.78132275200005
5000 0 16444 2862.8409384960005
500 53 1666 290.04457574400004
500 50 1632 284.12529868800004
500 67 1690 294.22288896000003
500 42 1601 278.72831078400003
500 42 1634 284.47349145600003
500 38 1607 279.77288908800006
500 56 1734 301.88312985600004
500 37 1607 279.77288908800006
500 47 1572 273.67951564800006
500 38 1570 273.3313228800001
500 39 1690 294.22288896000003
500 50 1613 280.817467392
500 54 1664 289.696382976
500 50 1716 298.749394944
500 48 1634 284.47349145600003
500 58 1675 291.61144320000005
500 62 1698 295.61566003200005
500 48 1626 283.0807203840001
500 45 1632 284.12529868800004
500 42 1606 279.59879270400006
500 40 1654 287.95541913600005
500 43 1704 296.660238336
500 43 1649 287.084937216
500 48 1577 274.54999756800004
500 40 1619 281.86204569600005
500 58 1811 315.28855142400005
1000 161 3318 577.6518021120002
1000 218 3433 597.672886272
1000 182 3293 573.299392512
1000 163 3204 557.804814336
1000 170 3459 602.199392256
1000 235 3540 616.3011993600002
1000 184 3340 581.48192256
1000 217 3537 615.7789102080001
1000 176 3437 598.3692718080001
1000 198 3341 581.6560189440002
1000 176 3229 562.1572239360002
1000 139 3149 548.2295132160001
1000 182 3162 550.492766208
1000 206 3308 575.9108382720001
1000 139 3242 564.4204769280001
1000 179 3395 591.0572236800001
1000 155 3271 569.469272064
1000 212 3317 577.477705728
1000 202 3306 575.5626455040001
1000 178 3259 567.3801154560001
1000 183 3364 585.660235776
1000 203 3472 604.4626452480001
1000 176 3366 586.008428544
1000 166 3295 573.64758528
1000 187 3325 578.8704768000001
1000 188 3187 554.8451758080001
1000 193 3266 568.5987901440001
1000 178 3328 579.392765952
1000 201 3374 587.4011996160001
1000 187 3343 582.004211712
1000 180 3366 586.008428544
1000 209 3362 585.312043008
1000 215 3450 600.6325248
1000 181 3333 580.2632478720001
1000 157 3247 565.2909588480001
1000 176 3428 596.8024043520002
1000 142 3087 537.4355374080001
1000 177 3279 570.862043136
1000 165 3245 564.9427660800001
1000 192 3332 580.0891514880001
1000 177 3322 578.3481876480001
1000 189 3391 590.360838144
1000 203 3331 579.9150551040001
1000 188 3434 597.846982656
1000 193 3293 573.299392512
1000 208 3385 589.31625984
1000 180 3186 554.671079424
1000 228 3385 589.31625984
1000 171 3211 559.023489024
1000 219 3368 586.356621312
1000 184 3353 583.7451755520001
1000 176 3304 575.2144527360001
1000 190 3343 582.004211712
1000 182 3366 586.008428544
1000 208 3451 600.806621184
1000 216 3410 593.66866944
1000 197 3439 598.7174645760001
1000 224 3507 610.5560186880001
1000 219 3519 612.6451752960002
1000 201 3352 583.5710791680001
1000 161 3270 569.29517568
1000 232 3370 586.70481408
1000 199 3317 577.477705728
1000 177 3218 560.242163712
1000 169 3436 598.195175424
1000 213 3368 586.356621312
1000 219 3545 617.1716812800001
1000 187 3321 578.174091264
1000 179 3334 580.4373442560001
1000 132 3198 556.7602360320001
1000 167 3255 566.6837299200001
1000 194 3342 581.830115328
1000 177 3384 589.142163456
1000 189 3399 591.7536092160001
1000 177 3357 584.4415610880001
1000 189 3308 575.9108382720001
1000 216 3359 584.7897538560001
1000 201 3326 579.044573184
1000 212 3344 582.178308096
1000 206 3392 590.5349345280001
1000 193 3416 594.7132477440001
1000 204 3471 604.2885488640001
1000 195 3383 588.968067072
1000 206 3547 617.5198740480001
1000 152 3208 558.5011998720001
1000 206 3424 596.1060188160001
1000 166 3302 574.866259968
1000 215 3366 586.008428544
1000 177 3354 583.9192719360001
1000 173 3404 592.6240911360001
1000 182 3405 592.79818752
1000 179 3212 559.1975854080001
1000 165 3266 568.5987901440001
1000 179 3354 583.9192719360001
1000 189 3417 594.887344128
1000 219 3434 597.846982656
1000 215 3418 595.0614405120001
1000 177 3400 591.9277056
1000 221 3435 598.0210790400001
1000 186 3357 584.4415610880001
2000 692 6537 1138.0680622080001
2000 678 6615 1151.6475801600002
2000 849 6954 1210.6662543360003
2000 721 6537 1138.0680622080001
2000 590 6558 1141.724086272
2000 785 6799 1183.6813148160002
2000 740 6668 1160.8746885120001
2000 708 6691 1164.878905344
2000 707 6669 1161.0487848960001
2000 762 6823 1187.859628032
2000 727 6671 1161.3969776640001
2000 783 6808 1185.2481822720001
2000 783 6784 1181.0698690560002
2000 604 6460 1124.66264064
2000 702 6574 1144.5096284160002
2000 702 6675 1162.0933632
2000 726 6797 1183.3331220480002
2000 797 6710 1168.1867366400002
2000 701 6520 1135.10842368
2000 759 6677 1162.441555968
2000 743 6708 1167.8385438720002
2000 781 6817 1186.815049728
2000 681 6654 1158.4373391360002
2000 705 6629 1154.0849295360003
2000 670 6566 1143.1168573440002
2000 728 6751 1175.324688384
2000 725 6750 1175.1505920000002
2000 772 6587 1146.7728814080003
2000 754 6892 1199.8722785280002
2000 793 6843 1191.3415557120002
2000 772 6744 1174.106013696
2000 726 6589 1147.121074176
2000 717 6623 1153.0403512320001
2000 734 6611 1150.951194624
2000 732 6583 1146.0764958720001
2000 713 6556 1141.3758935040003
2000 662 6524 1135.804809216
2000 718 6620 1152.5180620800002
2000 732 6704 1167.1421583360002
2000 716 6602 1149.3843271680003
2000 719 6678 1162.6156523520003
2000 666 6489 1129.711435776
2000 715 6633 1154.781315072
2000 754 6667 1160.7005921280002
2000 770 6729 1171.494567936
2000 764 6782 1180.721676288
2000 710 6597 1148.513845248
2000 755 6510 1133.3674598400003
2000 725 6649 1157.566857216
2000 674 6456 1123.966255104
2000 710 6736 1172.713242624
2000 660 6529 1136.6752911360002
2000 787 6852 1192.9084231680001
2000 711 6504 1132.3228815360003
2000 801 6791 1182.2885437440002
2000 727 6927 1205.9656519680002
2000 791 6751 1175.324688384
2000 769 6887 1199.001796608
2000 680 6462 1125.0108334080003
2000 760 6742 1173.7578209280002
2000 689 6624 1153.2144476160001
2000 705 6620 1152.5180620800002
2000 757 6662 1159.8301102080002
2000 742 6845 1191.6897484800002
2000 783 6944 1208.9252904960001
2000 739 6609 1150.6030018560002
2000 742 6603 1149.558423552
2000 771 6752 1175.4987847680002
2000 798 6775 1179.5030016
2000 584 6474 1127.099990016
2000 745 6693 1165.2270981120002
2000 684 6737 1172.887339008
2000 750 6790 1182.1144473600002
2000 736 6651 1157.9150499840002
2000 698 6803 1184.3777003520001
2000 765 6610 1150.7770982400002
2000 682 6763 1177.4138449920001
2000 764 6923 1205.2692664320002
2000 826 6827 1188.556013568
2000 722 6753 1175.6728811520002
2000 784 6895 1200.3945676800001
2000 742 6718 1169.5795077120001
2000 698 6546 1139.634929664
2000 710 6586 1146.598785024
2000 655 6397 1113.6945684480002
2000 772 6678 1162.6156523520003
2000 799 6857 1193.778905088
2000 753 6876 1197.086736384
2000 682 6598 1148.6879416320003
2000 642 6427 1118.9174599680002
2000 694 6703 1166.9680619520002
2000 747 6760 1176.8915558400001
2000 637 6529 1136.6752911360002
2000 751 6804 1184.5517967360001
2000 700 6727 1171.1463751680003
2000 833 6818 1186.9891461120003
2000 719 6842 1191.1674593280002
2000 746 6651 1157.9150499840002
2000 743 6760 1176.8915558400001
2000 798 6782 1180.721676288
3000 1579 9963 1734.5222737920003
3000 1690 10192 1774.390345728
3000 1735 10236 1782.0505866240003
3000 1497 9737 1695.176491008
3000 1795 10387 1808.3391406080002
3000 1736 10175 1771.4307072000004
3000 1591 9953 1732.7813099520001
3000 1751 10338 1799.8084177920002
3000 1631 10097 1757.851189248
3000 1710 9955 1733.1295027200003
3000 1581 10028 1745.8385387520002
3000 1660 10113 1760.6367313920002
3000 1659 10053 1750.1909483520003
3000 1674 10195 1774.91263488
3000 1474 9808 1707.5373342720004
3000 1572 9832 1711.715647488
3000 1536 9949 1732.0849244160001
3000 1692 10241 1782.921068544
3000 1505 9967 1735.2186593280003
3000 1525 9848 1714.5011896320002
3000 1562 9936 1729.8216714240002
3000 1740 10277 1789.1885383680003
3000 1648 10184 1772.997574656
3000 1584 10022 1744.7939604480002
3000 1806 10433 1816.3475742720002
3000 1730 10102 1758.7216711680003
3000 1571 9924 1727.7325148160003
3000 1679 10087 1756.1102254080001
3000 1609 9940 1730.5180569600002
3000 1686 10037 1747.4054062080002
3000 1583 9961 1734.174081024
3000 1571 9921 1727.2102256640003
3000 1505 9986 1738.5264906240004
3000 1732 10364 1804.3349237760003
3000 1662 10206 1776.8276951040004
3000 1519 10009 1742.5307074560003
3000 1667 10306 1794.2373335040002
3000 1611 9815 1708.7560089600004
3000 1532 9968 1735.392755712
3000 1430 9711 1690.6499850240002
3000 1491 9915 1726.16564736
3000 1656 10167 1770.0379361280002
3000 1551 9940 1730.5180569600002
3000 1542 10001 1741.1379363840003
3000 1601 9951 1732.4331171840004
3000 1640 10109 1759.9403458560002
3000 1700 10268 1787.6216709120001
3000 1660 10139 1765.163237376
3000 1533 9752 1697.7879367680002
3000 1679 10146 1766.381912064
3000 1544 9948 1731.9108280320004
3000 1437 9868 1717.9831173120003
3000 1499 9681 1685.4270935040001
3000 1592 9967 1735.2186593280003
3000 1624 10137 1764.8150446080003
3000 1510 9836 1712.4120330240003
3000 1578 10135 1764.4668518400001
3000 1694 10134 1764.2927554560004
3000 1581 9960 1733.99998464
3000 1686 10239 1782.5728757760003
3000 1656 10061 1751.5837194240003
3000 1548 9994 1739.9192616960001
3000 1650 10361 1803.8126346240003
3000 1526 9987 1738.7005870080002
3000 1552 10048 1749.320466432
3000 1487 9882 1720.4204666880003
3000 1531 10000 1740.9638400000003
3000 1615 10023 1744.9680568320002
3000 1585 10068 1752.8023941120002
3000 1556 9917 1726.5138401280003
3000 1730 10341 1800.3307069440002
3000 1528 9925 1727.9066112000003
3000 1525 9703 1689.257213952
3000 1623 9950 1732.2590208000001
3000 1625 10166 1769.8638397440002
3000 1635 10105 1759.2439603200003
3000 1794 10294 1792.1481768960002
3000 1793 10312 1795.2819118080004
3000 1839 10498 1827.663839232
3000 1520 10149 1766.9042012160003
3000 1474 9809 1707.7114306560002
3000 1615 10074 1753.8469724160002
3000 1582 9935 1729.6475750400002
3000 1620 10087 1756.1102254080001
3000 1702 10075 1754.0210688000002
3000 1631 10223 1779.7873336320001
3000 1742 10400 1810.6023936000001
3000 1540 9824 1710.322876416
3000 1571 9875 1719.2017920000003
3000 1531 10047 1749.146370048
3000 1544 10035 1747.0572134400004
3000 1639 10225 1780.1355264000001
3000 1672 10124 1762.5517916160002
3000 1578 10106 1759.4180567040003
3000 1638 10108 1759.766249472
3000 1669 10354 1802.5939599360001
3000 1617 10212 1777.8722734080002
3000 1591 10146 1766.381912064
3000 1582 10067 1752.6282977280002
3000 1682 10222 1779.6132372480001
4000 2680 13126 2285.1891363840004
4000 2485 12874 2241.3168476160004
4000 2563 13086 2278.225281024
4000 2748 13320 2318.96383488
4000 2708 13296 2314.7855216640005
4000 2893 13698 2384.7722680320003
4000 2868 13621 2371.3668464640004
4000 2512 13098 2280.3144376320006
4000 2939 13583 2364.751183872
4000 2637 13050 2271.9578112000004
4000 2604 13313 2317.745160192
4000 2629 13314 2317.9192565760004
4000 2695 13443 2340.3776901120004
4000 2724 13463 2343.8596177920003
4000 2993 13531 2355.6981719040004
4000 2833 13280 2311.9999795200006
4000 2823 13411 2334.806605824
4000 2593 13051 2272.131907584
4000 2867 13519 2353.6090152960005
4000 2779 13488 2348.212027392
4000 2749 13453 2342.118653952
4000 2836 13529 2355.349979136
4000 2479 13106 2281.7072087040005
4000 2640 13073 2275.962028032
4000 2689 13463 2343.8596177920003
4000 2822 13519 2353.6090152960005
4000 2553 13149 2289.193353216
4000 2623 13002 2263.601184768
4000 2805 13535 2356.39455744
4000 2828 13493 2349.082509312
4000 3025 13668 2379.549376512
4000 2668 13097 2280.1403412480004
4000 2598 13236 2304.339738624
4000 2626 13290 2313.74094336
4000 2830 13437 2339.333111808
4000 2732 13582 2364.5770874880004
4000 2851 13568 2362.1397381120005
4000 2622 13211 2299.9873290240002
4000 2655 12974 2258.7264860160003
4000 2794 13286 2313.0445578240005
4000 2822 13430 2338.1144371200003
4000 2941 13721 2388.7764848640004
4000 2866 13420 2336.3734732800003
4000 2556 13107 2281.8813050880003
4000 2812 13294 2314.4373288960005
4000 2806 13342 2322.7939553280003
4000 2798 13469 2344.9041960960003
4000 2850 13476 2346.1228707840005
4000 2640 13218 2301.2060037120004
4000 2503 12928 2250.718052352
4000 3030 13813 2404.7933521920004
4000 2867 13411 2334.806605824
4000 2628 13204 2298.7686543360005
4000 2914 13625 2372.0632320000004
4000 2682 13319 2318.789738496
4000 2699 13224 2302.2505820160004
4000 2658 13244 2305.7325096960003
4000 2859 13542 2357.613232128
4000 3017 13757 2395.043954688
4000 2756 13307 2316.7005818880007
4000 2800 13382 2329.757810688
4000 2735 13319 2318.789738496
4000 2743 13504 2350.9975695360004
4000 2746 13321 2319.1379312640006
4000 2834 13557 2360.2246778880003
4000 2710 13306 2316.526485504
4000 2798 13275 2311.1294976000004
4000 2602 13058 2273.3505822720003
4000 2754 13279 2311.8258831360004
4000 2964 13525 2354.6535936000005
4000 2838 13410 2334.63250944
4000 2643 13153 2289.8897387520005
4000 2844 13357 2325.4054010880004
4000 2797 13332 2321.0529914880003
4000 2666 13262 2308.866244608
4000 2852 13539 2357.0909429760004
4000 2588 13096 2279.966244864
4000 2734 13249 2306.602991616
4000 3001 13722 2388.950581248
4000 2635 13065 2274.56925696
4000 2872 13381 2329.5837143040003
4000 2740 13328 2320.3566059520003
4000 2781 13378 2329.0614251520005
4000 2497 12976 2259.0746787840003
4000 2507 12924 2250.0216668160006
4000 2592 13178 2294.242148352
4000 2660 13210 2299.8132326400005
4000 2870 13397 2332.369256448
4000 2715 13213 2300.3355217920002
4000 2635 13177 2294.0680519680004
4000 2730 13487 2348.037931008
4000 2781 13427 2337.5921479680005
4000 2641 13094 2279.618052096
4000 2633 13175 2293.7198592000004
4000 2727 13281 2312.1740759040003
4000 2647 13254 2307.4734735360003
4000 2850 13525 2354.6535936000005
4000 2775 13394 2331.8469672960005
4000 2736 13331 2320.878895104
4000 2759 13492 2348.9084129280004
5000 4196 16554 2881.9915407360004
5000 4279 16833 2930.564431872
5000 4257 16904 2942.925275136
5000 4268 16765 2918.72587776
5000 4113 16601 2890.1740707840004
5000 4345 17014 2962.0758773760003
5000 4170 16741 2914.547564544
5000 4149 16775 2920.4668416000004
5000 4207 16806 2925.863829504
5000 4560 17375 3024.9246720000006
5000 4363 16976 2955.4602147840005
5000 4280 16903 2942.751178752
5000 4384 16894 2941.1843112960005
5000 3960 16642 2897.3120225280004
5000 4351 16884 2939.4433474560005
5000 4264 16609 2891.5668418560003
5000 3997 16255 2829.9367219200008
5000 4151 16689 2905.4945525760004
5000 4391 16956 2951.9782871040006
5000 4156 16952 2951.281901568
5000 4211 16777 2920.8150343680004
5000 4042 16616 2892.785516544
5000 4451 17178 2990.6276843520004
5000 4060 16596 2889.303588864
5000 4042 16373 2850.480095232
5000 4136 16733 2913.154793472
5000 4156 16763 2918.3776849920005
5000 3913 16291 2836.2041917440006
5000 4138 16752 2916.4626247680003
5000 4169 16797 2924.2969620480003
5000 4174 16731 2912.8066007040006
5000 4388 16934 2948.1481666560003
5000 4114 16497 2872.0680468480004
5000 4154 16684 2904.624070656
5000 4105 16653 2899.227082752
5000 4077 16320 2841.25298688
5000 4321 17004 2960.3349135360004
5000 3991 16529 2877.6391311360003
5000 4325 16682 2904.2758778880007
5000 4282 16703 2907.9319019520003
5000 4273 16905 2943.0993715200007
5000 4071 16662 2900.7939502080003
5000 4160 16807 2926.0379258880007
5000 4389 16963 2953.1969617920004
5000 4082 16610 2891.74093824
5000 4373 16830 2930.0421427200004
5000 4307 16924 2946.4072028160003
5000 4132 16725 2911.7620224000007
5000 4175 16875 2937.8764800000004
5000 4262 16850 2933.5240704000007
5000 4079 16419 2858.4885288960004
5000 4347 16887 2939.9656366080003
5000 4099 16830 2930.0421427200004
5000 4166 16639 2896.789733376
5000 4345 16859 2935.0909378560004
5000 4042 16427 2859.8812999680003
5000 4130 16760 2917.8553958400003
5000 4359 16948 2950.5855160320007
5000 4289 16835 2930.9126246400006
5000 4150 16774 2920.2927452160006
5000 4207 16707 2908.6282874880003
5000 3914 16303 2838.293348352
5000 4143 16686 2904.972263424
5000 4181 16693 2906.1909381120004
5000 4157 16838 2931.4349137920003
5000 4149 16607 2891.2186490880003
5000 4215 16995 2958.76804608
5000 4335 17115 2979.6596121600005
5000 4121 16743 2914.895757312
5000 4122 16607 2891.2186490880003
5000 4015 16549 2881.1210588160006
5000 4153 16564 2883.7325045760003
5000 4180 16909 2943.795757056
5000 4331 16854 2934.2204559360002
5000 4196 16860 2935.26503424
5000 4179 16696 2906.7132272640006
5000 4117 16563 2883.5584081920006
5000 4269 16677 2903.4053959680004
5000 4466 16977 2955.6343111680003
5000 4464 17156 2986.797563904
5000 4114 16665 2901.31623936
5000 4204 16647 2898.1825044480006
5000 4068 16803 2925.3415403520003
5000 4408 16846 2932.8276848640003
5000 4345 16988 2957.549371392
5000 4258 16504 2873.286721536
5000 4527 17043 2967.1246725120004
5000 4324 16903 2942.751178752
5000 4236 16671 2902.3608176640005
5000 3945 16402 2855.5288903680007
5000 4267 17007 2960.857202688
5000 3938 16416 2857.9662397440006
5000 4369 16954 2951.6300943360006
5000 4117 16740 2914.3734681600004
5000 4242 16629 2895.0487695360002
5000 4206 16681 2904.101781504
5000 4436 17065 2970.9547929600003
5000 4285 16851 2933.6981667840005
5000 4169 16504 2873.286721536
5000 4210 16599 2889.8258780160004
500 104 1938 337.39879219200003
500 10 987 171.833131008
500 34 1034 180.01566105600003
500 0 974 169.56987801600002
500 16 938 163.30240819200003
500 30 967 168.351203328
500 26 971 169.04758886400003
500 44 984 171.310841856
500 26 1017 177.05602252800003
500 25 966 168.177106944
500 16 989 172.18132377600003
500 40 991 172.52951654400002
500 14 1006 175.14096230400003
500 28 1004 174.792769536
500 23 1007 175.31505868800002
500 33 1014 176.53373337600001
500 38 1009 175.66325145600004
500 44 1014 176.53373337600001
500 36 1021 177.752408064
500 38 1013 176.35963699200002
500 33 1028 178.97108275200003
500 47 1029 179.145179136
500 43 1035 180.18975744000002
500 31 1048 182.453010432
500 32 1075 187.15361280000002
500 50 1110 193.24698624
500 30 946 164.69517926400002
500 18 956 166.43614310400002
500 36 976 169.918070784
500 28 995 173.22590208000003
500 30 1012 176.185540608
500 36 1018 177.23011891200002
500 29 1018 177.23011891200002
500 38 1038 180.712046592
500 32 988 172.00722739200003
500 26 1000 174.09638400000003
500 24 984 171.310841856
500 27 988 172.00722739200003
500 38 1048 182.453010432
500 50 1005 174.96686592
500 26 1009 175.66325145600004
500 42 1027 178.79698636800003
500 18 1023 178.10060083200003
500 32 1050 182.80120320000003
500 31 954 166.08795033600003
500 34 1033 179.84156467200003
500 18 971 169.04758886400003
500 30 982 170.96264908800003
500 44 1007 175.31505868800002
500 32 967 168.351203328
500 24 1024 178.27469721600002
500 45 1009 175.66325145600004
500 24 1001 174.27048038400002
500 36 1076 187.327709184
500 46 998 173.748191232
500 22 961 167.30662502400003
500 28 979 170.44035993600002
500 31 1002 174.44457676800002
500 26 984 171.310841856
500 26 1090 189.76505856000003
500 20 959 166.958432256
500 20 954 166.08795033600003
500 30 922 160.516866048
500 26 976 169.918070784
500 30 1047 182.27891404800002
500 25 1017 177.05602252800003
500 24 1034 180.01566105600003
500 28 1042 181.40843212800002
500 32 988 172.00722739200003
500 28 1044 181.75662489600003
500 18 980 170.61445632000002
500 30 1027 178.79698636800003
500 28 904 157.383131136
500 36 1007 175.31505868800002
500 30 1011 176.011444224
500 44 1010 175.83734784000004
500 30 988 172.00722739200003
500 15 1006 175.14096230400003
500 26 1012 176.185540608
500 18 974 169.56987801600002
500 22 1000 174.09638400000003
500 20 985 171.48493824000002
500 12 954 166.08795033600003
500 38 1043 181.582528512
500 18 1016 176.88192614400003
500 24 1046 182.10481766400002
500 24 999 173.92228761600003
500 52 980 170.61445632000002
500 38 963 167.65481779200002
500 22 972 169.22168524800003
500 30 969 168.69939609600002
500 30 955 166.26204672000003
500 30 1019 177.40421529600005
500 34 961 167.30662502400003
500 20 993 172.877709312
500 36 900 156.68674560000002
500 34 1019 177.40421529600005
500 30 986 171.65903462400001
500 28 1022 177.926504448
500 30 984 171.310841856
500 24 1004 174.792769536
500 22 1017 177.05602252800003
500 32 1051 182.97529958400003
1000 127 2001 348.36686438400005
1000 104 1977 344.18855116800006
1000 135 2033 353.93794867200006
1000 137 2005 349.06324992000003
1000 120 2005 349.06324992000003
1000 132 2004 348.88915353600004
1000 146 2068 360.03132211200005
1000 126 1996 347.496382464
1000 127 1984 345.4072258560001
1000 129 2080 362.12047872000005
1000 137 1996 347.496382464
1000 117 1947 338.96565964800004
1000 121 2044 355.853008896
1000 102 1992 346.79999692800004
1000 112 1958 340.88071987200004
1000 117 1986 345.755418624
1000 150 2006 349.237346304
1000 150 1925 335.13553920000004
1000 129 2028 353.06746675200003
1000 110 1952 339.836141568
1000 137 1981 344.88493670400004
1000 118 2031 353.58975590400007
1000 130 2043 355.678912512
1000 119 2028 353.06746675200003
1000 104 2021 351.84879206400007
1000 122 2042 355.504816128
1000 144 2032 353.76385228800007
1000 126 2081 362.29457510400005
1000 113 1968 342.621683712
1000 103 2002 348.54096076800005
1000 161 2044 355.853008896
1000 96 1986 345.755418624
1000 107 2004 348.88915353600004
1000 118 2069 360.20541849600005
1000 119 2002 348.54096076800005
1000 115 2058 358.290358272
1000 139 2081 362.29457510400005
1000 116 1995 347.32228608
1000 136 2022 352.022888448
1000 142 2045 356.02710528000006
1000 97 1893 329.5644549120001
1000 141 2063 359.160840192
1000 132 2042 355.504816128
1000 117 2031 353.58975590400007
1000 117 1966 342.27349094400006
1000 109 1918 333.916864512
1000 114 1951 339.662045184
1000 124 1919 334.090960896
1000 129 1973 343.492165632
1000 134 2005 349.06324992000003
1000 114 2018 351.3265029120001
1000 113 2007 349.411442688
1000 127 1983 345.2331294720001
1000 127 2065 359.50903296
1000 122 1946 338.79156326400005
1000 115 2019 351.5005992960001
1000 125 2011 350.10782822400006
1000 140 1969 342.79578009600004
1000 123 1998 347.84457523200007
1000 126 2092 364.20963532800005
1000 103 2038 354.8084305920001
1000 94 1979 344.53674393600005
1000 123 1995 347.32228608
1000 161 2119 368.910237696
1000 144 2030 353.41565952
1000 143 1994 347.14818969600003
1000 116 2046 356.20120166400005
1000 115 2027 352.89337036800003
1000 121 2024 352.371081216
1000 105 2029 353.241563136
1000 111 2011 350.10782822400006
1000 104 1991 346.62590054400005
1000 122 2008 349.585539072
1000 99 1960 341.22891264000003
1000 122 1988 346.103611392
1000 137 2053 357.4198763520001
1000 112 2055 357.76806912000006
1000 131 2041 355.330719744
1000 141 1938 337.39879219200003
1000 130 1991 346.62590054400005
1000 117 2019 351.5005992960001
1000 130 1999 348.01867161600006
1000 107 2054 357.59397273600007
1000 133 2024 352.371081216
1000 153 2017 351.15240652800003
1000 92 2027 352.89337036800003
1000 90 1983 345.2331294720001
1000 114 2015 350.80421376000004
1000 113 2060 358.63855104000004
1000 111 1952 339.836141568
1000 98 1931 336.18011750400007
1000 104 1973 343.492165632
1000 131 1982 345.05903308800004
1000 106 2035 354.28614144000005
1000 126 2012 350.28192460800005
1000 103 2017 351.15240652800003
1000 144 2061 358.81264742400003
1000 130 1980 344.71084032000005
1000 105 2041 355.330719744
1000 92 2074 361.0759004160001
2000 427 3955 688.55119872
2000 521 4142 721.1072225280001
2000 450 3969 690.988548096
2000 481 4109 715.362041856
2000 453 4061 707.0054154240001
2000 484 3977 692.3813191680001
2000 409 3915 681.5873433600001
2000 404 3961 689.5957770240001
2000 534 4065 707.70180096
2000 418 3991 694.818668544
2000 491 4034 702.3048130560001
2000 473 3970 691.1626444800002
2000 513 4033 702.1307166720001
2000 426 3974 691.859030016
2000 460 4074 709.2686684160001
2000 464 3987 694.1222830080002
2000 541 4013 698.648788992
2000 535 4137 720.236740608
2000 461 3964 690.1180661760001
2000 420 3973 691.6849336320001
2000 464 3977 692.3813191680001
2000 418 3943 686.4620421120001
2000 460 3883 676.016259072
2000 407 3932 684.5469818880001
2000 413 3952 688.0289095680001
2000 431 4003 696.9078251520001
2000 496 4145 721.6295116800001
2000 461 4027 701.086138368
2000 423 4070 708.5722828800001
2000 449 4021 700.0415600640001
2000 518 4054 705.7867407360001
2000 495 4095 712.9246924800001
2000 490 4102 714.143367168
2000 480 4037 702.827102208
2000 458 4021 700.0415600640001
2000 416 3876 674.7975843840001
2000 469 3996 695.6891504640001
2000 502 4013 698.648788992
2000 480 4151 722.674089984
2000 486 4013 698.648788992
2000 449 4002 696.7337287680001
2000 495 4117 716.7548129280001
2000 473 4029 701.4343311360001
2000 475 4033 702.1307166720001
2000 457 4039 703.175294976
2000 424 4006 697.4301143040001
2000 461 3907 680.1945722880001
2000 431 3987 694.1222830080002
2000 471 4113 716.0584273920001
2000 471 3957 688.899391488
2000 504 4128 718.669873152
2000 458 4049 704.9162588160001
2000 456 4012 698.474692608
2000 460 4025 700.7379456000001
2000 416 4060 706.83131904
2000 436 4037 702.827102208
2000 468 4047 704.5680660480001
2000 403 3903 679.498186752
2000 560 4211 733.1198730240001
2000 467 4131 719.1921623040001
2000 503 4128 718.669873152
2000 503 4104 714.4915599360002
2000 417 4035 702.47890944
2000 452 3922 682.806018048
2000 521 4157 723.7186682880001
2000 449 4026 700.9120419840001
2000 518 4127 718.4957767680002
2000 468 4074 709.2686684160001
2000 490 4108 715.1879454720001
2000 444 3914 681.4132469760001
2000 442 3864 672.708427776
2000 552 4097 713.2728852480002
2000 441 4059 706.6572226560002
2000 444 4035 702.47890944
2000 450 3989 694.4704757760002
2000 476 4014 698.822885376
2000 466 4052 705.4385479680001
2000 441 4034 702.3048130560001
2000 477 4042 703.6975841280001
2000 501 4077 709.7909575680001
2000 430 3918 682.1096325120001
2000 470 4073 709.0945720320001
2000 469 3972 691.510837248
2000 435 4017 699.3451745280001
2000 502 4002 696.7337287680001
2000 488 3930 684.1987891200001
2000 470 4087 711.5319214080001
2000 438 3956 688.7252951040001
2000 459 3979 692.7295119360001
2000 462 3989 694.4704757760002
2000 416 3945 686.8102348800002
2000 484 4093 712.5764997120001
2000 468 4005 697.2560179200001
2000 441 3941 686.1138493440001
2000 433 3984 693.5999938560001
2000 452 3985 693.7740902400001
2000 392 4107 715.013849088
2000 485 3997 695.863246848
2000 480 4006 697.4301143040001
2000 549 4163 724.7632465920001
3000 1011 5880 1023.68673792
3000 1041 6064 1055.720472576
3000 967 6003 1045.100593152
3000 1007 6025 1048.9307136000002
3000 983 6090 1060.2469785600001
3000 991 5994 1043.5337256960001
3000 991 5964 1038.310834176
3000 1050 6103 1062.5102315520003
3000 1049 6041 1051.7162557440001
3000 922 5968 1039.007219712
3000 983 5970 1039.35541248
3000 1023 6030 1049.8011955200002
3000 1018 6074 1057.4614364160002
3000 1070 6094 1060.943364096
3000 969 5858 1019.8566174720002
3000 1095 6092 1060.595171328
3000 1037 5958 1037.266255872
3000 1082 5960 1037.61444864
3000 999 5921 1030.824689664
3000 1056 6132 1067.5590266880001
3000 1061 6000 1044.5783040000001
3000 1031 6048 1052.934930432
3000 1036 6070 1056.7650508800002
3000 973 5991 1043.0114365440002
3000 1021 6124 1066.1662556160002
3000 1036 5986 1042.140954624
3000 1022 6045 1052.4126412800001
3000 1023 6060 1055.02408704
3000 986 6031 1049.9752919040002
3000 874 5825 1014.1114368000001
3000 1020 6035 1050.6716774400002
3000 953 6045 1052.4126412800001
3000 1039 5942 1034.4807137280002
3000 1077 6095 1061.11746048
3000 1057 6112 1064.0770990080002
3000 919 5893 1025.9499909120002
3000 1049 6046 1052.586737664
3000 1070 6102 1062.336135168
3000 946 6016 1047.3638461440003
3000 986 5986 1042.140954624
3000 1061 5997 1044.0560148480001
3000 1117 6259 1089.6692674560002
3000 1074 6138 1068.603604992
3000 988 5992 1043.1855329280002
3000 950 6062 1055.372279808
3000 1090 6172 1074.5228820480002
3000 964 5964 1038.310834176
3000 1006 6033 1050.3234846720002
3000 1003 6069 1056.5909544960002
3000 994 5998 1044.2301112320001
3000 973 6125 1066.3403520000002
3000 1025 6023 1048.5825208320002
3000 1017 6030 1049.8011955200002
3000 974 5991 1043.0114365440002
3000 971 6049 1053.109026816
3000 942 5822 1013.5891476480001
3000 1024 5936 1033.4361354240002
3000 938 5860 1020.2048102400001
3000 944 5905 1028.0391475200001
3000 1015 6180 1075.9156531200001
3000 1022 6025 1048.9307136000002
3000 1090 6106 1063.032520704
3000 1032 6131 1067.3849303040001
3000 1057 5987 1042.3150510080002
3000 1083 6176 1075.2192675840001
3000 927 5986 1042.140954624
3000 1020 5961 1037.788545024
3000 963 5979 1040.922279936
3000 947 5889 1025.2536053760002
3000 993 5991 1043.0114365440002
3000 1002 6069 1056.5909544960002
3000 1054 6161 1072.6078218240002
3000 950 5959 1037.440352256
3000 1019 6102 1062.336135168
3000 1038 6027 1049.2789063680002
3000 945 5995 1043.7078220800001
3000 993 6077 1057.9837255680002
3000 1071 6078 1058.1578219520002
3000 999 6060 1055.02408704
3000 1101 6002 1044.926496768
3000 1018 5968 1039.007219712
3000 1024 5999 1044.4042076160001
3000 969 5879 1023.5126415360002
3000 1014 6125 1066.3403520000002
3000 970 5906 1028.2132439040001
3000 956 6082 1058.8542074880002
3000 953 5978 1040.7481835520002
3000 1010 6133 1067.7331230720001
3000 991 6056 1054.327701504
3000 1006 5946 1035.1770992640002
3000 942 5944 1034.8289064960002
3000 974 5988 1042.4891473920002
3000 1064 6146 1069.996376064
3000 997 6069 1056.5909544960002
3000 951 5992 1043.1855329280002
3000 964 6002 1044.926496768
3000 1090 6063 1055.5463761920003
3000 1036 6004 1045.274689536
3000 1021 6022 1048.408424448
3000 993 6013 1046.841556992
4000 1779 7980 1389.28914432
4000 1823 8046 1400.7795056640002
4000 1848 8199 1427.4162524160001
4000 1627 7940 1382.3252889600003
4000 1768 8044 1400.4313128960002
4000 1903 8180 1424.1084211200002
4000 1846 8114 1412.6180597760003
4000 1695 8013 1395.0343249920002
4000 1722 8099 1410.0066140160002
4000 1740 7880 1371.8795059200002
4000 1767 8071 1405.131915264
4000 1734 7995 1391.9005900800003
4000 1697 8019 1396.0789032960001
4000 1760 7926 1379.8879395840002
4000 1867 8152 1419.2337223680004
4000 1770 7924 1379.5397468160002
4000 1724 7977 1388.7668551680001
4000 1755 8141 1417.318662144
4000 1837 8061 1403.3909514240001
4000 1606 7813 1360.215048192
4000 1796 8036 1399.038541824
4000 1740 8029 1397.819867136
4000 1723 7867 1369.6162529280002
4000 1763 8081 1406.872879104
4000 1796 8138 1416.7963729920002
4000 1721 7881 1372.0536023040002
4000 1610 7836 1364.2192650240002
4000 1755 7999 1392.5969756160002
4000 1766 8024 1396.949385216
4000 1752 8012 1394.8602286080002
4000 1795 7997 1392.2487828480002
4000 1765 7920 1378.8433612800002
4000 1778 8090 1408.4397465600002
4000 1732 8032 1398.342156288
4000 1848 8137 1416.6222766080002
4000 1695 7998 1392.422879232
4000 1722 8097 1409.6584212480002
4000 1680 8027 1397.4716743680003
4000 1760 8055 1402.3463731200002
4000 1743 8011 1394.6861322240002
4000 1811 8057 1402.6945658880002
4000 1712 8026 1397.297577984
4000 1777 8093 1408.9620357120002
4000 1741 7994 1391.726493696
4000 1722 7937 1381.802999808
4000 1799 8124 1414.3590236160003
4000 1702 8046 1400.7795056640002
4000 1656 7831 1363.3487831040002
4000 1724 8008 1394.1638430720002
4000 1735 7995 1391.9005900800003
4000 1745 7956 1385.110831104
4000 1656 7994 1391.726493696
4000 1695 7944 1383.021674496
4000 1843 8126 1414.707216384
4000 1649 7960 1385.8072166400002
4000 1673 7719 1343.8499880960003
4000 1655 7987 1390.507819008
4000 1784 8060 1403.2168550400002
4000 1818 8094 1409.1361320960002
4000 1731 7916 1378.1469757440002
4000 1788 8004 1393.4674575360002
4000 1755 7986 1390.333722624
4000 1730 8012 1394.8602286080002
4000 1669 7986 1390.333722624
4000 1774 8034 1398.6903490560003
4000 1710 7992 1391.3783009280003
4000 1723 7940 1382.3252889600003
4000 1730 8025 1397.1234816
4000 1883 8196 1426.8939632640001
4000 1772 7981 1389.4632407040003
4000 1774 8074 1405.654204416
4000 1842 8111 1412.0957706240001
4000 1704 7963 1386.329505792
4000 1728 7985 1390.1596262400003
4000 1727 7939 1382.1511925760003
4000 1817 8171 1422.5415536640003
4000 1736 7974 1388.2445660160004
4000 1799 8107 1411.3993850880001
4000 1827 8267 1439.254806528
4000 1725 8009 1394.3379394560002
4000 1798 8071 1405.131915264
4000 1580 7894 1374.3168552960003
4000 1703 8072 1405.3060116480003
4000 1778 7970 1387.5481804800002
4000 1704 7984 1389.985529856
4000 1813 8213 1429.853601792
4000 1806 8079 1406.5246863360003
4000 1741 7953 1384.5885419520002
4000 1700 8097 1409.6584212480002
4000 1922 8111 1412.0957706240001
4000 1693 7972 1387.8963732480001
4000 1693 8020 1396.2529996800001
4000 1824 8060 1403.2168550400002
4000 1791 8138 1416.7963729920002
4000 1740 7978 1388.9409515520003
4000 1784 8002 1393.1192647680002
4000 1737 7979 1389.115047936
4000 1656 7921 1379.0174576640002
4000 1817 8122 1414.0108308480003
4000 1709 7931 1380.7584215040001
5000 2690 10042 1748.2758881280004
5000 2783 10072 1753.4987796480002
5000 2655 10141 1765.5114301440003
5000 2745 10062 1751.7578158080003
5000 2689 10012 1743.0529966080003
5000 2734 9969 1735.5668520960003
5000 2721 10116 1761.1590205440002
5000 2675 9980 1737.4819123200002
5000 2762 10155 1767.9487795200002
5000 2599 9980 1737.4819123200002
5000 2595 10042 1748.2758881280004
5000 2599 9942 1730.8662497280002
5000 2576 9993 1739.7451653120004
5000 2582 9977 1736.9596231680002
5000 2811 10158 1768.4710686720002
5000 2745 10104 1759.069863936
5000 2677 10000 1740.9638400000003
5000 2718 10077 1754.3692615680004
5000 2599 9933 1729.2993822720002
5000 2602 10082 1755.2397434880002
5000 2738 9936 1729.8216714240002
5000 2584 10037 1747.4054062080002
5000 2623 9940 1730.5180569600002
5000 2666 10134 1764.2927554560004
5000 2699 10026 1745.4903459840002
5000 2552 10003 1741.486129152
5000 2553 9964 1734.696370176
5000 2717 10178 1771.9529963520001
5000 2534 9973 1736.2632376320003
5000 2524 9907 1724.7728762880001
5000 2453 9798 1705.7963704320002
5000 2669 10016 1743.7493821440003
5000 2618 9951 1732.4331171840004
5000 2668 10104 1759.069863936
5000 2647 10021 1744.6198640640002
5000 2622 10138 1764.989140992
5000 2542 9979 1737.307815936
5000 2559 9928 1728.4289003520003
5000 2663 9937 1729.9957678080004
5000 2612 10031 1746.3608279040002
5000 2634 10076 1754.1951651840002
5000 2619 9962 1734.3481774080003
5000 2671 9999 1740.7897436160001
5000 2698 10097 1757.851189248
5000 2632 9941 1730.6921533440002
5000 2713 10095 1757.5029964800003
5000 2854 10137 1764.8150446080003
5000 2557 9961 1734.174081024
5000 2592 10013 1743.227092992
5000 2533 9901 1723.7282979840002
5000 2792 10232 1781.3542010880003
5000 2702 9990 1739.2228761600004
5000 2558 10196 1775.0867312640003
5000 2602 10017 1743.923478528
5000 2671 10117 1761.3331169280002
5000 2787 10122 1762.2035988480002
5000 2638 10168 1770.2120325120004
5000 2638 10063 1751.9319121920003
5000 2742 10054 1750.3650447360003
5000 2586 10009 1742.5307074560003
5000 2689 10179 1772.1270927360003
5000 2580 9926 1728.080707584
5000 2654 9979 1737.307815936
5000 2738 10139 1765.163237376
5000 2731 10053 1750.1909483520003
5000 2628 9994 1739.9192616960001
5000 2535 9930 1728.77709312
5000 2653 10027 1745.6644423680002
5000 2599 10104 1759.069863936
5000 2630 10011 1742.8789002240003
5000 2719 10080 1754.8915507200002
5000 2705 10013 1743.227092992
5000 2629 9970 1735.7409484800003
5000 2679 10145 1766.2078156800003
5000 2686 10218 1778.9168517120002
5000 2572 10000 1740.9638400000003
5000 2591 9916 1726.339743744
5000 2615 10025 1745.3162496000002
5000 2732 10078 1754.5433579520002
5000 2646 10069 1752.9764904960002
5000 2579 10005 1741.8343219200003
500 0 1005 174.96686592
500 0 1035 180.18975744000002
5000 2789 10235 1781.8764902400003
500 0 1008 175.48915507200002
500 0 1037 180.53795020800004
5000 2568 10009 1742.5307074560003
500 0 1012 176.185540608
500 0 1019 177.40421529600005
5000 2717 10148 1766.7301048320003
5000 2580 10047 1749.146370048
500 0 992 172.70361292800004
500 0 1010 175.83734784000004
500 0 1050 182.80120320000003
5000 2709 10104 1759.069863936
5000 2712 10089 1756.4584181760001
500 0 983 171.13674547200003
5000 2639 10086 1755.9361290240001
5000 2612 9872 1718.6795028480003
5000 2614 10104 1759.069863936
5000 2560 10073 1753.6728760320002
500 0 931 162.083733504
500 0 1059 184.36807065600001
500 0 965 168.00301056000004
500 0 1011 176.011444224
500 0 1011 176.011444224
500 0 982 170.96264908800003
500 0 1005 174.96686592
500 0 1030 179.31927552000002
500 0 977 170.092167168
500 0 981 170.78855270400004
500 0 1002 174.44457676800002
500 0 970 168.87349248
5000 2624 10026 1745.4903459840002
500 0 994 173.051805696
500 0 1021 177.752408064
500 0 967 168.351203328
500 0 1023 178.10060083200003
500 0 970 168.87349248
500 0 976 169.918070784
500 0 1011 176.011444224
500 0 1008 175.48915507200002
500 0 986 171.65903462400001
500 0 995 173.22590208000003
500 0 1023 178.10060083200003
500 0 996 173.39999846400002
500 0 1020 177.57831168
500 0 1052 183.14939596800002
500 0 1028 178.97108275200003
500 0 987 171.833131008
500 0 1014 176.53373337600001
500 0 998 173.748191232
500 0 977 170.092167168
500 0 1014 176.53373337600001
500 0 972 169.22168524800003
500 0 1025 178.44879360000002
500 0 1012 176.185540608
500 0 1003 174.618673152
500 0 978 170.26626355200003
500 0 1007 175.31505868800002
5000 2591 10118 1761.5072133120002
5000 2761 10104 1759.069863936
500 0 1002 174.44457676800002
5000 2656 10003 1741.486129152
500 0 1026 178.62288998400004
500 0 967 168.351203328
500 0 1021 177.752408064
500 0 1041 181.23433574400002
5000 2763 10068 1752.8023941120002
500 0 977 170.092167168
500 0 1002 174.44457676800002
500 0 1035 180.18975744000002
500 0 995 173.22590208000003
5000 2613 10108 1759.766249472
500 0 1040 181.06023936000003
500 0 1005 174.96686592
500 0 1020 177.57831168
500 0 969 168.69939609600002
500 0 1031 179.493371904
500 0 943 164.172890112
500 0 1020 177.57831168
500 0 1052 183.14939596800002
500 0 991 172.52951654400002
500 0 996 173.39999846400002
500 0 1046 182.10481766400002
500 0 1067 185.760841728
500 0 1016 176.88192614400003
500 0 958 166.784335872
500 0 1005 174.96686592
500 0 1006 175.14096230400003
500 0 1044 181.75662489600003
500 0 1006 175.14096230400003
5000 2654 10066 1752.454201344
500 0 1002 174.44457676800002
500 0 968 168.52529971200002
500 0 991 172.52951654400002
5000 2599 9999 1740.7897436160001
500 0 966 168.177106944
500 0 942 163.998793728
5000 2692 10054 1750.3650447360003
500 0 971 169.04758886400003
500 0 960 167.13252864
500 0 1041 181.23433574400002
500 0 980 170.61445632000002
500 0 1074 186.979516416
500 0 1006 175.14096230400003
500 0 1040 181.06023936000003
500 0 947 164.86927564800004
500 0 924 160.86505881600002
500 0 1010 175.83734784000004
500 0 1032 179.667468288
500 0 991 172.52951654400002
500 0 1056 183.845781504
500 0 1010 175.83734784000004
500 0 1006 175.14096230400003
500 0 991 172.52951654400002
500 0 1036 180.36385382400002
500 0 973 169.39578163200002
500 0 957 166.61023948800002
500 0 1051 182.97529958400003
1000 0 1954 340.184334336
1000 0 1906 331.827707904
1000 0 2036 354.46023782400005
1000 0 2030 353.41565952
1000 0 1985 345.5813222400001
1000 0 2009 349.759635456
1000 0 2027 352.89337036800003
1000 0 2075 361.2499968000001
1000 0 2020 351.67469568000007
1000 0 2015 350.80421376000004
1000 0 1935 336.87650304000005
1000 0 2037 354.63433420800004
1000 0 1966 342.27349094400006
1000 0 1950 339.4879488
1000 0 2000 348.19276800000006
1000 0 1967 342.44758732800005
1000 0 2045 356.02710528000006
1000 0 1991 346.62590054400005
1000 0 2009 349.759635456
1000 0 1999 348.01867161600006
1000 0 1971 343.14397286400003
1000 0 1954 340.184334336
1000 0 1933 336.528310272
1000 0 1970 342.96987648000004
1000 0 1988 346.103611392
1000 0 2013 350.45602099200005
1000 0 2028 353.06746675200003
1000 0 2078 361.772285952
1000 0 1945 338.61746688000005
1000 0 1987 345.929515008
1000 0 1985 345.5813222400001
1000 0 1995 347.32228608
1000 0 2063 359.160840192
1000 0 2050 356.89758720000003
1000 0 2012 350.28192460800005
1000 0 2059 358.46445465600004
1000 0 1967 342.44758732800005
1000 0 2011 350.10782822400006
1000 0 2001 348.36686438400005
1000 0 2000 348.19276800000006
1000 0 2089 363.68734617600006
1000 0 2048 356.54939443200004
1000 0 2072 360.72770764800003
1000 0 1951 339.662045184
1000 0 1996 347.496382464
1000 0 1938 337.39879219200003
1000 0 1946 338.79156326400005
1000 0 2014 350.63011737600004
1000 0 2050 356.89758720000003
1000 0 1975 343.8403584
1000 0 2023 352.196984832
1000 0 1991 346.62590054400005
1000 0 2025 352.54517760000005
1000 0 2019 351.5005992960001
1000 0 1926 335.30963558400003
1000 0 1985 345.5813222400001
1000 0 1979 344.53674393600005
1000 0 2040 355.15662336
1000 0 2003 348.71505715200004
1000 0 2011 350.10782822400006
1000 0 2028 353.06746675200003
1000 0 2047 356.37529804800005
1000 0 2014 350.63011737600004
1000 0 2027 352.89337036800003
1000 0 2009 349.759635456
1000 0 1958 340.88071987200004
1000 0 1956 340.53252710400005
1000 0 2004 348.88915353600004
1000 0 2055 357.76806912000006
1000 0 1998 347.84457523200007
1000 0 2014 350.63011737600004
1000 0 1985 345.5813222400001
1000 0 2102 365.95059916800005
1000 0 2041 355.330719744
1000 0 2002 348.54096076800005
1000 0 2016 350.97831014400003
1000 0 2023 352.196984832
1000 0 1929 335.8319247360001
1000 0 2056 357.94216550400006
1000 0 2022 352.022888448
1000 0 2073 360.9018040320001
1000 0 2075 361.2499968000001
1000 0 1956 340.53252710400005
1000 0 1946 338.79156326400005
1000 0 2028 353.06746675200003
1000 0 1940 337.74698496
1000 0 1994 347.14818969600003
1000 0 1888 328.69397299200006
1000 0 2003 348.71505715200004
1000 0 2028 353.06746675200003
1000 0 1911 332.69818982400005
1000 0 2090 363.86144256000006
1000 0 1990 346.45180416000005
1000 0 2061 358.81264742400003
1000 0 1990 346.45180416000005
1000 0 2067 359.85722572800006
1000 0 2012 350.28192460800005
1000 0 2072 360.72770764800003
1000 0 2044 355.853008896
2000 0 4001 696.5596323840001
2000 0 4072 708.9204756480001
2000 0 4101 713.9692707840001
2000 0 4068 708.2240901120001
2000 0 4047 704.5680660480001
2000 0 4082 710.661439488
2000 0 4070 708.5722828800001
2000 0 3889 677.060837376
2000 0 3979 692.7295119360001
2000 0 4080 710.31324672
2000 0 3975 692.0331264000001
2000 0 3961 689.5957770240001
2000 0 4129 718.8439695360001
2000 0 4034 702.3048130560001
2000 0 4138 720.4108369920001
2000 0 4119 717.1030056960001
2000 0 4012 698.474692608
2000 0 3942 686.2879457280001
2000 0 3999 696.211439616
2000 0 4109 715.362041856
2000 0 3971 691.336740864
2000 0 4042 703.6975841280001
2000 0 4044 704.045776896
2000 0 3963 689.9439697920001
2000 0 4043 703.8716805120001
2000 0 3970 691.1626444800002
2000 0 4091 712.2283069440001
2000 0 3929 684.024692736
2000 0 4138 720.4108369920001
2000 0 3997 695.863246848
2000 0 4016 699.171078144
2000 0 4012 698.474692608
2000 0 4040 703.3493913600001
2000 0 3992 694.992764928
2000 0 4149 722.325897216
2000 0 3948 687.332524032
2000 0 4009 697.9524034560001
2000 0 3930 684.1987891200001
2000 0 4027 701.086138368
2000 0 3996 695.6891504640001
2000 0 4017 699.3451745280001
2000 0 4090 712.0542105600001
2000 0 3931 684.3728855040001
2000 0 4097 713.2728852480002
2000 0 4109 715.362041856
2000 0 4018 699.519270912
2000 0 3971 691.336740864
2000 0 3961 689.5957770240001
2000 0 3900 678.9758976000002
2000 0 4017 699.3451745280001
2000 0 4060 706.83131904
2000 0 4015 698.9969817600002
2000 0 3965 690.2921625600001
2000 0 3987 694.1222830080002
2000 0 3988 694.2963793920001
2000 0 4075 709.4427648000001
2000 0 4005 697.2560179200001
2000 0 4081 710.487343104
2000 0 3998 696.0373432320001
2000 0 4081 710.487343104
2000 0 4013 698.648788992
2000 0 4097 713.2728852480002
2000 0 4036 702.6530058240002
2000 0 4079 710.1391503360001
2000 0 4055 705.9608371200002
2000 0 3915 681.5873433600001
2000 0 3924 683.1542108160002
2000 0 4046 704.393969664
2000 0 3952 688.0289095680001
2000 0 4052 705.4385479680001
2000 0 4096 713.0987888640001
2000 0 4086 711.357825024
2000 0 4082 710.661439488
2000 0 4067 708.049993728
2000 0 3958 689.0734878720001
2000 0 3890 677.2349337600001
2000 0 4129 718.8439695360001
2000 0 3913 681.2391505920001
2000 0 4004 697.0819215360001
2000 0 4018 699.519270912
2000 0 4003 696.9078251520001
2000 0 4093 712.5764997120001
2000 0 3934 684.8951746560001
2000 0 3950 687.6807168
2000 0 3944 686.6361384960001
2000 0 3943 686.4620421120001
2000 0 4029 701.4343311360001
2000 0 4055 705.9608371200002
2000 0 4019 699.6933672960001
2000 0 4021 700.0415600640001
2000 0 4064 707.5277045760001
2000 0 3901 679.149993984
2000 0 3879 675.3198735360002
2000 0 3902 679.324090368
2000 0 3918 682.1096325120001
2000 0 4047 704.5680660480001
2000 0 4021 700.0415600640001
2000 0 3894 677.9313192960001
2000 0 4026 700.9120419840001
2000 0 4006 697.4301143040001
3000 0 6050 1053.2831232
3000 0 6061 1055.198183424
3000 0 6122 1065.8180628480002
3000 0 6065 1055.8945689600002
3000 0 5958 1037.266255872
3000 0 6132 1067.5590266880001
3000 0 6136 1068.255412224
3000 0 6002 1044.926496768
3000 0 6090 1060.2469785600001
3000 0 5964 1038.310834176
3000 0 5927 1031.8692679680003
3000 0 5973 1039.877701632
3000 0 6048 1052.934930432
3000 0 6029 1049.6270991360002
3000 0 6074 1057.4614364160002
3000 0 5941 1034.3066173440002
3000 0 6075 1057.6355328
3000 0 6043 1052.0644485120001
3000 0 6002 1044.926496768
3000 0 6016 1047.3638461440003
3000 0 6046 1052.586737664
3000 0 6044 1052.2385448960001
3000 0 6070 1056.7650508800002
3000 0 6049 1053.109026816
3000 0 5986 1042.140954624
3000 0 6098 1061.639749632
3000 0 5971 1039.529508864
3000 0 5969 1039.181316096
3000 0 5980 1041.0963763200002
3000 0 6044 1052.2385448960001
3000 0 6038 1051.1939665920002
3000 0 6018 1047.7120389120003
3000 0 6022 1048.408424448
3000 0 6065 1055.8945689600002
3000 0 6038 1051.1939665920002
3000 0 6039 1051.3680629760001
3000 0 6016 1047.3638461440003
3000 0 6077 1057.9837255680002
3000 0 5964 1038.310834176
3000 0 6058 1054.675894272
3000 0 6060 1055.02408704
3000 0 5983 1041.6186654720002
3000 0 6066 1056.068665344
3000 0 6060 1055.02408704
3000 0 6032 1050.1493882880002
3000 0 6146 1069.996376064
3000 0 5964 1038.310834176
3000 0 6094 1060.943364096
3000 0 5932 1032.7397498880002
3000 0 6071 1056.9391472640002
3000 0 5940 1034.1325209600002
3000 0 6086 1059.5505930240001
3000 0 6032 1050.1493882880002
3000 0 6100 1061.9879424
3000 0 6091 1060.421074944
3000 0 5993 1043.3596293120002
3000 0 6153 1071.215050752
3000 0 6041 1051.7162557440001
3000 0 6079 1058.3319183360002
3000 0 6069 1056.5909544960002
3000 0 6002 1044.926496768
3000 0 6016 1047.3638461440003
3000 0 5973 1039.877701632
3000 0 6056 1054.3277015040003
3000 0 5978 1040.7481835520002
3000 0 5961 1037.788545024
3000 0 5903 1027.6909547520002
3000 0 5981 1041.2704727040002
3000 0 6105 1062.8584243200003
3000 0 5893 1025.9499909120002
3000 0 5931 1032.565653504
3000 0 6078 1058.1578219520002
3000 0 6041 1051.7162557440001
3000 0 5936 1033.4361354240002
3000 0 5930 1032.39155712
3000 0 6095 1061.11746048
3000 0 6116 1064.7734845440002
3000 0 6083 1059.0283038720002
3000 0 5936 1033.4361354240002
3000 0 6000 1044.5783040000001
3000 0 5954 1036.5698703360001
3000 0 5873 1022.4680632320001
3000 0 5966 1038.659026944
3000 0 6113 1064.251195392
3000 0 6065 1055.8945689600002
3000 0 5934 1033.0879426560002
3000 0 6068 1056.416858112
3000 0 6030 1049.8011955200002
3000 0 6015 1047.18974976
3000 0 6189 1077.4825205760003
3000 0 5840 1016.7228825600001
3000 0 6164 1073.130110976
3000 0 5948 1035.5252920320002
3000 0 5876 1022.9903523840002
3000 0 5934 1033.0879426560002
3000 0 5944 1034.8289064960002
3000 0 6069 1056.5909544960002
3000 0 5980 1041.0963763200002
3000 0 5949 1035.6993884160001
3000 0 6052 1053.631315968
4000 0 8031 1398.1680599040003
4000 0 8016 1395.5566141440002
4000 0 7884 1372.5758914560001
4000 0 8073 1405.480108032
4000 0 8085 1407.56926464
4000 0 7952 1384.414445568
4000 0 7976 1388.5927587840001
4000 0 8060 1403.2168550400002
4000 0 8138 1416.7963729920002
4000 0 7956 1385.110831104
4000 0 8114 1412.6180597760003
4000 0 8130 1415.40360192
4000 0 7897 1374.8391444480003
4000 0 7922 1379.1915540480002
4000 0 8090 1408.4397465600002
4000 0 7982 1389.637337088
4000 0 8017 1395.7307105280001
4000 0 8070 1404.95781888
4000 0 8057 1402.6945658880002
4000 0 8015 1395.3825177600002
4000 0 8071 1405.131915264
4000 0 8228 1432.4650475520002
4000 0 8140 1417.1445657600002
4000 0 8083 1407.2210718720003
4000 0 7929 1380.4102287360001
4000 0 8191 1426.0234813440002
4000 0 8183 1424.630710272
4000 0 8150 1418.8855296000002
4000 0 8028 1397.645770752
4000 0 7869 1369.9644456960002
4000 0 8067 1404.4355297280001
4000 0 8092 1408.787939328
4000 0 8102 1410.5289031680002
4000 0 8101 1410.3548067840002
4000 0 8260 1438.03613184
4000 0 8031 1398.1680599040003
4000 0 7967 1387.0258913280002
4000 0 7976 1388.5927587840001
4000 0 7853 1367.178903552
4000 0 8011 1394.6861322240002
4000 0 7992 1391.3783009280003
4000 0 7889 1373.446373376
4000 0 8062 1403.5650478080001
4000 0 8000 1392.7710720000002
4000 0 8114 1412.6180597760003
4000 0 8129 1415.2295055360003
4000 0 8012 1394.8602286080002
4000 0 7924 1379.5397468160002
4000 0 7980 1389.28914432
4000 0 8096 1409.484324864
4000 0 7952 1384.414445568
4000 0 7983 1389.811433472
4000 0 8007 1393.9897466880002
4000 0 8131 1415.5776983040003
4000 0 7864 1369.0939637760002
4000 0 8001 1392.945168384
4000 0 8203 1428.1126379520001
4000 0 8009 1394.3379394560002
4000 0 7942 1382.673481728
4000 0 8020 1396.2529996800001
4000 0 8038 1399.3867345920003
4000 0 8016 1395.5566141440002
4000 0 8169 1422.193360896
4000 0 8247 1435.7728788480003
4000 0 8022 1396.6011924480001
4000 0 8096 1409.484324864
4000 0 8110 1411.9216742400004
4000 0 8025 1397.1234816
4000 0 8034 1398.6903490560003
4000 0 7966 1386.8517949440002
4000 0 7968 1387.1999877120002
4000 0 8042 1400.0831201280002
4000 0 7890 1373.6204697600003
4000 0 8124 1414.3590236160003
4000 0 8120 1413.66263808
4000 0 7997 1392.248782848
4000 0 8086 1407.7433610240003
4000 0 8099 1410.0066140160002
4000 0 8102 1410.5289031680002
4000 0 8036 1399.038541824
4000 0 8164 1421.322878976
4000 0 7871 1370.3126384640002
4000 0 8014 1395.2084213760002
4000 0 8226 1432.1168547840002
4000 0 8094 1409.1361320960002
4000 0 8141 1417.318662144
4000 0 7784 1355.1662530560002
4000 0 8205 1428.4608307200003
4000 0 7779 1354.2957711360002
4000 0 7986 1390.333722624
4000 0 8187 1425.3270958080002
4000 0 8135 1416.2740838400002
4000 0 8029 1397.819867136
4000 0 8002 1393.1192647680002
4000 0 8058 1402.8686622720002
4000 0 8021 1396.4270960640001
4000 0 8038 1399.3867345920003
4000 0 8104 1410.8770959360002
4000 0 7915 1377.9728793600002
4000 0 8093 1408.9620357120002
5000 0 9993 1739.7451653120004
5000 0 10126 1762.8999843840004
5000 0 9965 1734.87046656
5000 0 9990 1739.2228761600004
5000 0 10226 1780.309622784
5000 0 10085 1755.7620326400001
5000 0 9984 1738.1782978560002
5000 0 9789 1704.2295029760003
5000 0 10104 1759.069863936
5000 0 10188 1773.693960192
5000 0 10197 1775.2608276480003
5000 0 9899 1723.3801052160004
5000 0 9968 1735.392755712
5000 0 9876 1719.3758883840003
5000 0 10137 1764.8150446080003
5000 0 10086 1755.9361290240001
5000 0 10156 1768.1228759040002
5000 0 9917 1726.5138401280003
5000 0 10046 1748.9722736640003
5000 0 10064 1752.1060085760002
5000 0 10122 1762.2035988480002
5000 0 10039 1747.7535989760004
5000 0 9943 1731.0403461120002
500 30 998 173.748191232
500 18 993 172.877709312
500 34 1007 175.31505868800002
500 25 1025 178.44879360000002
500 32 939 163.476504576
500 37 1078 187.67590195200003
500 36 1011 176.011444224
500 28 1037 180.53795020800004
500 44 1010 175.83734784000004
500 20 962 167.48072140800002
500 31 931 162.083733504
500 16 959 166.958432256
500 24 1059 184.36807065600001
500 30 971 169.04758886400003
500 37 1018 177.23011891200002
500 39 974 169.56987801600002
500 40 1044 181.75662489600003
500 34 997 173.57409484800002
500 38 971 169.04758886400003
500 24 994 173.051805696
500 30 983 171.13674547200003
500 28 969 168.69939609600002
500 20 978 170.26626355200003
500 34 959 166.958432256
500 36 1014 176.53373337600001
500 30 1034 180.01566105600003
500 28 1071 186.45722726400004
500 40 1000 174.09638400000003
500 24 969 168.69939609600002
500 35 1007 175.31505868800002
500 36 1008 175.48915507200002
500 18 1053 183.32349235200002
500 30 1015 176.70782976
500 30 1003 174.618673152
500 26 989 172.18132377600003
500 44 1002 174.44457676800002
500 22 1012 176.185540608
500 16 961 167.30662502400003
500 28 1036 180.36385382400002
500 40 959 166.958432256
500 28 1014 176.53373337600001
500 34 1024 178.27469721600002
500 28 990 172.35542016000002
500 22 991 172.52951654400002
500 20 1029 179.145179136
500 34 946 164.69517926400002
500 26 961 167.30662502400003
500 20 1013 176.35963699200002
500 41 1003 174.618673152
500 34 1037 180.53795020800004
500 22 982 170.96264908800003
500 31 1017 177.05602252800003
500 16 1048 182.453010432
500 40 1001 174.27048038400002
500 28 979 170.44035993600002
500 26 973 169.39578163200002
500 34 1030 179.31927552000002
500 32 973 169.39578163200002
500 46 1061 184.71626342400003
500 52 983 171.13674547200003
500 36 1037 180.53795020800004
500 24 948 165.04337203200004
500 24 991 172.52951654400002
500 38 1048 182.453010432
500 26 978 170.26626355200003
500 28 991 172.52951654400002
500 32 967 168.351203328
500 26 1032 179.667468288
500 32 969 168.69939609600002
500 22 990 172.35542016000002
500 35 1015 176.70782976
500 40 1011 176.011444224
500 27 1022 177.926504448
500 28 950 165.39156480000003
500 32 984 171.310841856
500 30 975 169.7439744
500 20 978 170.26626355200003
500 30 998 173.748191232
500 26 1004 174.792769536
500 41 1013 176.35963699200002
500 39 991 172.52951654400002
500 36 1019 177.40421529600005
500 43 1001 174.27048038400002
500 20 935 162.78011904000002
500 36 972 169.22168524800003
500 28 974 169.56987801600002
500 28 984 171.310841856
500 26 1015 176.70782976
500 34 1030 179.31927552000002
500 33 991 172.52951654400002
500 21 964 167.82891417600004
500 36 959 166.958432256
500 28 1003 174.618673152
500 28 985 171.48493824000002
500 30 912 158.775902208
500 25 996 173.39999846400002
500 20 1025 178.44879360000002
500 18 936 162.954215424
500 44 995 173.22590208000003
500 40 1017 177.05602252800003
1000 138 2075 361.2499968000001
1000 114 1983 345.2331294720001
1000 122 1974 343.666262016
1000 136 2066 359.68312934400006
1000 137 1983 345.2331294720001
1000 149 2029 353.241563136
1000 167 2046 356.20120166400005
1000 128 2052 357.2457799680001
1000 132 1996 347.496382464
1000 120 2059 358.46445465600004
1000 112 1999 348.01867161600006
1000 119 1931 336.18011750400007
1000 117 2015 350.80421376000004
1000 105 2101 365.77650278400006
1000 102 1953 340.010237952
1000 107 1967 342.44758732800005
1000 154 2010 349.93373184
1000 140 2093 364.3837317120001
1000 98 1995 347.32228608
1000 145 2065 359.50903296
1000 114 2016 350.97831014400003
1000 82 1977 344.18855116800006
1000 123 2062 358.986743808
1000 126 1953 340.010237952
1000 124 1993 346.97409331200004
1000 140 1993 346.97409331200004
1000 101 2012 350.28192460800005
1000 125 2058 358.290358272
1000 127 2062 358.986743808
1000 120 2028 353.06746675200003
1000 136 2039 354.9825269760001
1000 102 2000 348.19276800000006
1000 80 1983 345.2331294720001
1000 133 2045 356.02710528000006
1000 115 1976 344.01445478400007
1000 122 1966 342.27349094400006
1000 107 2033 353.93794867200006
1000 133 2127 370.30300876800004
1000 127 2060 358.63855104000004
1000 122 1951 339.662045184
1000 127 2028 353.06746675200003
1000 127 2011 350.10782822400006
1000 105 2035 354.28614144000005
1000 165 2115 368.21385216000004
1000 112 1943 338.26927411200006
1000 143 1981 344.88493670400004
1000 137 2055 357.76806912000006
1000 103 2038 354.8084305920001
1000 107 2001 348.36686438400005
1000 131 1951 339.662045184
1000 128 2038 354.8084305920001
1000 104 1933 336.528310272
1000 109 1971 343.14397286400003
1000 124 2070 360.37951488000004
1000 149 2112 367.691563008
1000 121 2001 348.36686438400005
1000 101 1969 342.79578009600004
1000 116 2088 363.51324979200007
1000 133 1993 346.97409331200004
1000 128 2001 348.36686438400005
1000 129 2025 352.54517760000005
1000 98 1995 347.32228608
1000 138 2014 350.63011737600004
1000 128 1970 342.96987648000004
1000 100 1891 329.21626214400004
1000 116 2026 352.71927398400004
1000 123 2028 353.06746675200003
1000 118 2035 354.28614144000005
1000 138 2051 357.071683584
1000 145 2009 349.759635456
1000 120 2019 351.5005992960001
1000 106 2005 349.06324992000003
1000 156 2040 355.15662336
1000 107 2044 355.853008896
1000 124 2065 359.50903296
1000 131 2069 360.20541849600005
1000 116 2034 354.11204505600006
1000 126 2030 353.41565952
1000 116 1998 347.84457523200007
1000 139 2002 348.54096076800005
1000 129 2038 354.8084305920001
1000 126 2127 370.30300876800004
1000 140 2054 357.59397273600007
1000 118 2027 352.89337036800003
1000 112 1977 344.18855116800006
1000 140 2059 358.46445465600004
1000 131 2044 355.853008896
1000 116 2017 351.15240652800003
1000 110 2039 354.9825269760001
1000 112 2024 352.371081216
1000 85 1928 335.6578283520001
1000 138 2085 362.99096064
1000 137 1993 346.97409331200004
1000 134 2017 351.15240652800003
1000 108 2006 349.237346304
1000 103 1944 338.44337049600006
1000 116 2010 349.93373184
1000 117 1977 344.18855116800006
1000 116 2019 351.5005992960001
1000 162 2016 350.97831014400003
2000 477 4017 699.3451745280001
2000 501 3999 696.211439616
2000 465 4155 723.3704755200001
2000 427 3905 679.8463795200001
2000 487 4027 701.086138368
2000 445 3921 682.6319216640001
2000 426 4039 703.175294976
2000 457 3990 694.64457216
2000 410 3860 672.0120422400001
2000 493 4063 707.353608192
2000 467 4067 708.049993728
2000 449 3953 688.2030059520001
2000 431 3969 690.988548096
2000 477 4121 717.4511984640001
2000 480 4067 708.049993728
2000 500 4108 715.1879454720001
2000 422 4102 714.143367168
2000 472 4059 706.6572226560002
2000 491 4065 707.70180096
2000 432 4019 699.6933672960001
2000 446 4031 701.7825239040001
2000 458 4084 711.009632256
2000 416 3964 690.1180661760001
2000 479 3949 687.5066204160001
2000 391 3955 688.55119872
2000 442 4057 706.3090298880002
2000 442 3887 676.712644608
2000 486 3962 689.7698734080001
2000 478 3971 691.336740864
2000 439 3943 686.4620421120001
2000 467 4057 706.3090298880002
2000 461 4078 709.9650539520002
2000 487 4073 709.0945720320001
2000 523 4024 700.5638492160001
2000 505 4035 702.47890944
2000 428 4055 705.9608371200002
2000 447 4001 696.5596323840001
2000 455 3976 692.207222784
2000 470 4161 724.4150538240001
2000 441 3999 696.211439616
2000 546 4047 704.5680660480001
2000 436 3969 690.988548096
2000 488 4030 701.6084275200001
2000 435 3917 681.9355361280002
2000 439 3965 690.2921625600001
2000 458 4024 700.5638492160001
2000 473 3959 689.2475842560001
2000 495 4061 707.0054154240001
2000 446 3856 671.3156567040002
2000 443 3952 688.0289095680001
2000 481 4108 715.1879454720001
2000 453 4011 698.3005962240001
2000 517 4101 713.9692707840001
2000 449 3902 679.324090368
2000 408 3857 671.489753088
2000 450 4022 700.2156564480001
2000 492 4049 704.9162588160001
2000 455 3982 693.2518010880001
2000 481 4091 712.2283069440001
2000 519 4050 705.0903552000001
2000 452 3948 687.332524032
2000 438 3988 694.2963793920001
2000 490 4004 697.0819215360001
2000 447 3928 683.8505963520001
2000 414 3889 677.060837376
2000 424 3950 687.6807168
2000 482 4002 696.7337287680001
2000 451 4003 696.9078251520001
2000 546 4102 714.143367168
2000 432 3979 692.7295119360001
2000 448 4048 704.742162432
2000 465 4069 708.3981864960001
2000 516 4027 701.086138368
2000 433 4044 704.045776896
2000 469 4090 712.0542105600001
2000 458 3976 692.207222784
2000 475 4007 697.6042106880001
2000 408 4003 696.9078251520001
2000 444 4064 707.5277045760001
2000 489 3978 692.555415552
2000 456 4033 702.1307166720001
2000 389 4011 698.3005962240001
2000 480 4017 699.3451745280001
2000 447 4071 708.7463792640001
2000 472 3976 692.207222784
2000 507 4039 703.175294976
2000 392 4017 699.3451745280001
2000 531 4077 709.7909575680001
2000 453 3860 672.0120422400001
2000 478 4086 711.357825024
2000 473 4014 698.822885376
2000 406 3930 684.1987891200001
2000 482 4000 696.3855360000001
2000 431 4063 707.353608192
2000 470 4068 708.2240901120001
2000 469 4085 711.1837286400001
2000 403 3924 683.1542108160002
2000 496 4049 704.9162588160001
2000 510 4038 703.0011985920002
2000 466 3898 678.6277048320002
3000 993 5936 1033.4361354240002
3000 955 5914 1029.606014976
3000 971 6019 1047.886135296
3000 967 6053 1053.805412352
3000 1005 6052 1053.631315968
3000 1030 6013 1046.841556992
3000 1047 6112 1064.0770990080002
3000 910 6024 1048.756617216
3000 1064 6227 1084.0981831680003
3000 1011 6120 1065.4698700800002
3000 1074 6016 1047.3638461440003
3000 956 5964 1038.310834176
3000 983 5958 1037.266255872
3000 913 5886 1024.731316224
3000 946 5846 1017.7674608640001
3000 938 6014 1047.0156533760003
3000 987 6062 1055.372279808
3000 1018 5948 1035.5252920320002
3000 925 5870 1021.9457740800002
3000 954 5932 1032.7397498880002
3000 992 6101 1062.162038784
3000 963 5981 1041.2704727040002
3000 961 6063 1055.5463761920003
3000 934 5914 1029.606014976
3000 996 5971 1039.529508864
3000 968 5869 1021.7716776960001
3000 1095 6121 1065.6439664640002
3000 972 6018 1047.7120389120003
3000 942 5918 1030.302400512
3000 1002 5977 1040.574087168
3000 1013 5948 1035.5252920320002
3000 999 5968 1039.007219712
3000 1031 6114 1064.4252917760002
3000 996 6046 1052.586737664
3000 985 5847 1017.9415572480001
3000 958 6043 1052.0644485120001
3000 1004 6033 1050.3234846720002
3000 1022 5961 1037.788545024
3000 1046 6049 1053.109026816
3000 1074 6112 1064.0770990080002
3000 1021 6025 1048.9307136000002
3000 1023 6014 1047.0156533760003
3000 1007 6021 1048.2343280640002
3000 1030 6073 1057.2873400320002
3000 980 6044 1052.2385448960001
3000 1011 5938 1033.7843281920002
3000 1048 6135 1068.0813158400001
3000 1041 5970 1039.35541248
3000 1024 6071 1056.9391472640002
3000 1014 5976 1040.3999907840002
3000 1004 5932 1032.7397498880002
3000 1040 6036 1050.8457738240002
3000 1037 6098 1061.639749632
3000 940 5907 1028.3873402880001
3000 1045 6119 1065.2957736960002
3000 1034 5999 1044.4042076160001
3000 1037 6006 1045.622882304
3000 1016 6036 1050.8457738240002
3000 1047 6065 1055.8945689600002
3000 1002 5907 1028.3873402880001
3000 1046 6086 1059.5505930240001
3000 970 5921 1030.824689664
3000 1060 6042 1051.8903521280001
3000 958 5792 1008.3662561280001
3000 1037 6102 1062.336135168
3000 986 6087 1059.7246894080001
3000 1066 5941 1034.3066173440002
3000 1030 6064 1055.720472576
3000 1023 6006 1045.622882304
3000 1035 6037 1051.0198702080002
3000 960 5958 1037.266255872
3000 1005 5993 1043.3596293120002
3000 1044 6128 1066.8626411520002
3000 1020 5941 1034.3066173440002
3000 1030 6065 1055.8945689600002
3000 991 5865 1021.0752921600001
3000 982 5922 1030.998786048
3000 994 5962 1037.962641408
3000 1003 5964 1038.310834176
3000 948 6068 1056.416858112
3000 1029 6034 1050.4975810560002
3000 988 6046 1052.586737664
3000 1078 6155 1071.56324352
3000 950 5842 1017.0710753280001
3000 978 5884 1024.383123456
3000 970 6109 1063.5548098560002
3000 934 5838 1016.3746897920001
3000 1008 6062 1055.372279808
3000 1092 6112 1064.0770990080002
3000 1007 6060 1055.02408704
3000 998 6070 1056.7650508800002
3000 1059 6087 1059.7246894080001
3000 961 5987 1042.3150510080002
3000 1136 6188 1077.308424192
3000 941 5938 1033.7843281920002
3000 1026 5935 1033.26203904
3000 1008 6059 1054.849990656
3000 1010 6089 1060.0728821760001
3000 1094 6106 1063.032520704
3000 1032 6061 1055.198183424
4000 1778 8013 1395.0343249920002
4000 1700 8046 1400.7795056640002
4000 1721 8068 1404.6096261120001
4000 1788 8094 1409.1361320960002
4000 1670 8069 1404.783722496
4000 1782 8075 1405.8283008
4000 1658 8044 1400.4313128960002
4000 1749 8084 1407.3951682560003
4000 1804 8160 1420.62649344
4000 1721 7905 1376.2319155200003
4000 1753 8027 1397.4716743680003
4000 1664 7905 1376.2319155200003
4000 1828 8059 1403.0427586560002
4000 1779 8114 1412.6180597760003
4000 1688 7984 1389.985529856
4000 1712 7872 1370.486734848
4000 1793 8056 1402.5204695040002
4000 1730 7977 1388.7668551680001
4000 1684 8015 1395.3825177600002
4000 1841 8249 1436.121071616
4000 1747 8199 1427.4162524160001
4000 1781 8162 1420.974686208
4000 1710 8019 1396.0789032960001
4000 1763 8051 1401.6499875840002
4000 1723 7977 1388.7668551680001
4000 1622 7901 1375.5355299840003
4000 1858 8057 1402.6945658880002
4000 1832 8107 1411.3993850880001
4000 1719 8179 1423.934324736
4000 1731 7895 1374.49095168
4000 1800 8051 1401.6499875840002
4000 1684 7957 1385.2849274880002
4000 1683 7857 1367.875289088
4000 1725 8042 1400.0831201280002
4000 1787 8086 1407.7433610240003
4000 1784 8059 1403.0427586560002
4000 1807 8018 1395.9048069120001
4000 1818 8108 1411.5734814720001
4000 1722 8067 1404.4355297280001
4000 1698 7866 1369.4421565440002
4000 1747 8175 1423.2379392000003
4000 1782 7927 1380.0620359680001
4000 1755 8041 1399.9090237440003
4000 1791 8117 1413.1403489280003
4000 1683 7996 1392.0746864640003
4000 1744 8074 1405.654204416
4000 1789 7984 1389.985529856
4000 1674 8166 1421.6710717440003
4000 1673 8072 1405.3060116480003
4000 1726 8023 1396.7752888320003
4000 1803 8099 1410.0066140160002
4000 1674 8042 1400.0831201280002
4000 1744 7962 1386.1554094080002
4000 1667 7976 1388.5927587840001
4000 1765 8011 1394.6861322240002
4000 1680 8052 1401.8240839680002
4000 1775 8060 1403.2168550400002
4000 1732 8151 1419.0596259840001
4000 1751 8101 1410.3548067840002
4000 1880 8157 1420.1042042880001
4000 1852 8052 1401.8240839680002
4000 1635 7883 1372.4017950720004
4000 1737 7936 1381.6289034240003
4000 1656 8022 1396.6011924480001
4000 1763 8007 1393.9897466880002
4000 1754 8069 1404.783722496
4000 1804 8039 1399.560830976
4000 1795 8042 1400.0831201280002
4000 1738 7943 1382.8475781120003
4000 1672 7881 1372.0536023040002
4000 1693 8051 1401.6499875840002
4000 1834 8170 1422.3674572800003
4000 1753 8145 1418.0150476800002
4000 1726 8029 1397.819867136
4000 1728 8054 1402.172276736
4000 1736 7988 1390.6819153920003
4000 1771 8030 1397.9939635200003
4000 1667 7966 1386.8517949440002
4000 1799 8140 1417.1445657600002
4000 1727 7991 1391.204204544
4000 1689 7988 1390.6819153920003
4000 1670 8004 1393.4674575360002
4000 1662 7889 1373.446373376
4000 1754 8061 1403.3909514240001
4000 1815 8136 1416.4481802240002
4000 1780 7962 1386.1554094080002
4000 1776 8143 1417.6668549120002
4000 1761 7982 1389.637337088
4000 1852 8174 1423.0638428160003
4000 1780 8015 1395.3825177600002
4000 1793 8238 1434.2060113920002
4000 1768 8174 1423.0638428160003
4000 1747 8092 1408.787939328
4000 1853 8346 1453.008420864
4000 1704 8064 1403.9132405760001
4000 1697 7897 1374.8391444480003
4000 1616 7978 1388.9409515520003
4000 1696 8160 1420.62649344
4000 1786 8013 1395.0343249920002
4000 1728 8042 1400.0831201280002
5000 2575 9956 1733.303599104
5000 2766 10178 1771.9529963520001
5000 2669 10145 1766.2078156800003
5000 2681 10138 1764.989140992
5000 2541 9978 1737.1337195520002
5000 2632 9987 1738.7005870080002
5000 2604 9989 1739.0487797760002
5000 2626 10115 1760.9849241600002
5000 2610 9975 1736.6114304
5000 2565 9936 1729.8216714240002
5000 2709 10064 1752.1060085760002
5000 2649 10089 1756.4584181760001
5000 2706 10068 1752.8023941120002
5000 2653 10019 1744.2716712960002
5000 2736 10074 1753.8469724160002
5000 2677 10051 1749.842755584
5000 2535 9938 1730.1698641920002
5000 2580 9974 1736.4373340160002
5000 2570 9874 1719.027695616
5000 2639 9940 1730.5180569600002
5000 2659 10034 1746.8831170560002
5000 2659 10083 1755.4138398720002
5000 2586 9898 1723.2060088320002
5000 2614 9939 1730.3439605760002
5000 2565 9918 1726.6879365120003
5000 2665 9973 1736.2632376320003
5000 2743 9984 1738.1782978560002
5000 2535 9779 1702.488539136
5000 2544 9848 1714.5011896320002
5000 2541 9978 1737.1337195520002
5000 2752 10184 1772.997574656
5000 2643 9991 1739.3969725440002
5000 2603 10068 1752.8023941120002
5000 2651 9957 1733.477695488
5000 2709 10094 1757.328900096
5000 2567 9959 1733.8258882560003
5000 2665 10139 1765.163237376
5000 2590 9927 1728.2548039680003
5000 2703 10149 1766.9042012160003
5000 2676 10101 1758.547574784
5000 2635 9906 1724.5987799040004
5000 2701 10012 1743.0529966080003
5000 2589 9872 1718.6795028480003
5000 2483 9757 1698.6584186880002
5000 2605 9974 1736.4373340160002
5000 2548 10029 1746.0126351360002
5000 2668 10108 1759.766249472
5000 2634 10088 1756.2843217920004
5000 2620 10072 1753.4987796480002
5000 2742 10125 1762.7258880000002
5000 2558 9890 1721.8132377600002
5000 2630 9960 1733.99998464
5000 2637 10002 1741.312032768
5000 2792 10253 1785.0102251520002
5000 2667 9971 1735.9150448640003
5000 2669 10035 1747.0572134400004
5000 2698 9936 1729.8216714240002
5000 2613 9999 1740.7897436160001
5000 2727 9988 1738.8746833920002
5000 2743 10273 1788.4921528320003
5000 2612 10029 1746.0126351360002
5000 2709 10067 1752.6282977280002
5000 2599 9879 1719.8981775360003
5000 2605 10015 1743.5752857600003
5000 2668 10004 1741.6602255360003
5000 2690 10067 1752.6282977280002
5000 2704 10110 1760.1144422400002
5000 2788 10234 1781.702393856
5000 2709 10011 1742.8789002240003
5000 2614 10028 1745.8385387520002
5000 2617 9909 1725.1210690560001
5000 2544 10019 1744.2716712960002
5000 2692 10011 1742.8789002240003
5000 2686 10152 1767.4264903680003
5000 2616 10149 1766.9042012160003
5000 2587 10007 1742.1825146880003
5000 2716 10076 1754.1951651840002
5000 2641 10058 1751.0614302720003
5000 2912 10205 1776.6535987200002
5000 2575 9948 1731.9108280320004
5000 2738 10190 1774.0421529600003
5000 2643 9946 1731.5626352640002
5000 2775 10125 1762.7258880000002
5000 2625 10027 1745.6644423680002
5000 2670 10016 1743.7493821440003
5000 2608 9947 1731.7367316480002
5000 2552 9922 1727.384322048
5000 2802 10149 1766.9042012160003
5000 2618 10013 1743.227092992
5000 2534 9890 1721.8132377600002
5000 2660 10027 1745.6644423680002
5000 2501 9906 1724.5987799040004
5000 2669 10079 1754.7174543360002
5000 2459 9882 1720.4204666880003
5000 2555 9905 1724.4246835200001
5000 2652 10140 1765.3373337600003
5000 2715 10084 1755.5879362560004
5000 2650 9956 1733.303599104
500 0 1019 177.40421529600005
5000 2673 10087 1756.1102254080001
5000 2673 10082 1755.2397434880002
500 0 976 169.918070784
500 0 1037 180.53795020800004
500 0 1001 174.27048038400002
500 0 951 165.56566118400002
500 0 1010 175.83734784000004
500 0 983 171.13674547200003
500 0 1045 181.93072128000003
500 0 1024 178.27469721600002
500 0 1024 178.27469721600002
500 0 942 163.998793728
500 0 1064 185.23855257600005
500 0 996 173.39999846400002
500 0 961 167.30662502400003
500 0 970 168.87349248
500 0 977 170.092167168
500 0 1044 181.75662489600003
500 0 1010 175.83734784000004
500 0 967 168.351203328
500 0 971 169.04758886400003
500 0 1004 174.792769536
500 0 1015 176.70782976
500 0 997 173.57409484800002
500 0 993 172.877709312
500 0 992 172.70361292800004
500 0 1015 176.70782976
500 0 966 168.177106944
500 0 1041 181.23433574400002
500 0 974 169.56987801600002
500 0 1043 181.582528512
500 0 1031 179.493371904
500 0 986 171.65903462400001
500 0 1017 177.05602252800003
500 0 1000 174.09638400000003
500 0 989 172.18132377600003
500 0 1068 185.93493811200003
500 0 989 172.18132377600003
500 0 1029 179.145179136
500 0 1019 177.40421529600005
500 0 996 173.39999846400002
500 0 1027 178.79698636800003
500 0 951 165.56566118400002
500 0 1046 182.10481766400002
500 0 1058 184.19397427200002
500 0 931 162.083733504
500 0 936 162.954215424
500 0 1047 182.27891404800002
500 0 1003 174.618673152
500 0 1007 175.31505868800002
500 0 1016 176.88192614400003
500 0 1043 181.582528512
500 0 974 169.56987801600002
500 0 1066 185.586745344
500 0 1002 174.44457676800002
500 0 1032 179.667468288
500 0 1026 178.62288998400004
500 0 951 165.56566118400002
500 0 1005 174.96686592
500 0 1000 174.09638400000003
500 0 991 172.52951654400002
500 0 992 172.70361292800004
500 0 937 163.12831180800003
500 0 1039 180.886142976
500 0 998 173.748191232
500 0 1009 175.66325145600004
500 0 1002 174.44457676800002
500 0 974 169.56987801600002
500 0 1033 179.84156467200003
500 0 978 170.26626355200003
500 0 954 166.08795033600003
500 0 1053 183.32349235200002
500 0 984 171.310841856
500 0 1050 182.80120320000003
500 0 1055 183.67168512000003
500 0 985 171.48493824000002
500 0 1004 174.792769536
500 0 1016 176.88192614400003
500 0 1024 178.27469721600002
500 0 1041 181.23433574400002
500 0 1013 176.35963699200002
500 0 1014 176.53373337600001
500 0 1035 180.18975744000002
500 0 978 170.26626355200003
500 0 985 171.48493824000002
500 0 1099 191.33192601600004
500 0 953 165.913853952
500 0 982 170.96264908800003
500 0 998 173.748191232
500 0 983 171.13674547200003
500 0 989 172.18132377600003
500 0 1008 175.48915507200002
500 0 1040 181.06023936000003
500 0 964 167.82891417600004
500 0 1000 174.09638400000003
500 0 989 172.18132377600003
500 0 1008 175.48915507200002
500 0 1000 174.09638400000003
500 0 1016 176.88192614400003
500 0 948 165.043372032
500 0 986 171.65903462400001
1000 0 2026 352.71927398400004
1000 0 2011 350.10782822400006
1000 0 1990 346.45180416000005
1000 0 2033 353.93794867200006
1000 0 2035 354.28614144000005
1000 0 1986 345.755418624
1000 0 1988 346.103611392
1000 0 2028 353.06746675200003
1000 0 1975 343.8403584
1000 0 2003 348.71505715200004
1000 0 1985 345.5813222400001
1000 0 2083 362.64276787200004
1000 0 1991 346.62590054400005
1000 0 2072 360.72770764800003
1000 0 2020 351.67469568000007
1000 0 1953 340.010237952
1000 0 1973 343.492165632
1000 0 1958 340.88071987200004
1000 0 2092 364.20963532800005
1000 0 2022 352.022888448
1000 0 2004 348.88915353600004
1000 0 1990 346.45180416000005
1000 0 1981 344.88493670400004
1000 0 2006 349.237346304
1000 0 2015 350.80421376000004
1000 0 2011 350.10782822400006
1000 0 1996 347.496382464
1000 0 1986 345.755418624
1000 0 1970 342.96987648000004
1000 0 2042 355.504816128
1000 0 2032 353.76385228800007
1000 0 2035 354.28614144000005
1000 0 2077 361.598189568
1000 0 1931 336.18011750400007
1000 0 2054 357.59397273600007
1000 0 2034 354.11204505600006
1000 0 2021 351.84879206400007
1000 0 1938 337.39879219200003
1000 0 2011 350.10782822400006
1000 0 1985 345.5813222400001
1000 0 1997 347.6704788480001
1000 0 2078 361.772285952
1000 0 1993 346.97409331200004
1000 0 2015 350.80421376000004
1000 0 2023 352.196984832
1000 0 2043 355.678912512
1000 0 2051 357.071683584
1000 0 2065 359.50903296
1000 0 1963 341.7512017920001
1000 0 2037 354.63433420800004
1000 0 1981 344.88493670400004
1000 0 1979 344.53674393600005
1000 0 2047 356.37529804800005
1000 0 2017 351.15240652800003
1000 0 2056 357.94216550400006
1000 0 1934 336.702406656
1000 0 1981 344.88493670400004
1000 0 2013 350.45602099200005
1000 0 1962 341.5771054080001
1000 0 1924 334.96144281600004
1000 0 1921 334.43915366400006
1000 0 1918 333.916864512
1000 0 1938 337.39879219200003
1000 0 1916 333.568671744
1000 0 2019 351.5005992960001
1000 0 1976 344.01445478400007
1000 0 2032 353.76385228800007
1000 0 2003 348.71505715200004
1000 0 1998 347.84457523200007
1000 0 2051 357.071683584
1000 0 1980 344.71084032000005
1000 0 2050 356.89758720000003
1000 0 2030 353.41565952
1000 0 2009 349.759635456
1000 0 1960 341.22891264000003
1000 0 2016 350.97831014400003
1000 0 2050 356.89758720000003
1000 0 1988 346.103611392
1000 0 2007 349.411442688
1000 0 1925 335.13553920000004
1000 0 2032 353.76385228800007
1000 0 2037 354.63433420800004
1000 0 2003 348.71505715200004
1000 0 2071 360.55361126400004
1000 0 2013 350.45602099200005
1000 0 1998 347.84457523200007
1000 0 2024 352.371081216
1000 0 2006 349.237346304
1000 0 2123 369.60662323200006
1000 0 1962 341.5771054080001
1000 0 1972 343.31806924800003
1000 0 2088 363.51324979200007
1000 0 1981 344.88493670400004
1000 0 2002 348.54096076800005
1000 0 1980 344.71084032000005
1000 0 1974 343.666262016
1000 0 2030 353.41565952
1000 0 2037 354.63433420800004
1000 0 2004 348.88915353600004
1000 0 1981 344.88493670400004
2000 0 3963 689.9439697920001
2000 0 4035 702.47890944
2000 0 3910 680.71686144
2000 0 4005 697.2560179200001
2000 0 3935 685.0692710400001
2000 0 4014 698.822885376
2000 0 3986 693.9481866240001
2000 0 4117 716.7548129280001
2000 0 4067 708.049993728
2000 0 4118 716.9289093120001
2000 0 3934 684.8951746560001
2000 0 3974 691.859030016
2000 0 4057 706.3090298880002
2000 0 3918 682.1096325120001
2000 0 4064 707.5277045760001
2000 0 4051 705.2644515840001
2000 0 3999 696.211439616
2000 0 3940 685.9397529600001
2000 0 4008 697.7783070720001
2000 0 4125 718.1475840000002
2000 0 3931 684.3728855040001
2000 0 3995 695.51505408
2000 0 4058 706.483126272
2000 0 4059 706.6572226560002
2000 0 4028 701.2602347520001
2000 0 3927 683.676499968
2000 0 4000 696.3855360000001
2000 0 4050 705.0903552000001
2000 0 3974 691.859030016
2000 0 4056 706.1349335040001
2000 0 3970 691.1626444800002
2000 0 4020 699.86746368
2000 0 4021 700.0415600640001
2000 0 3907 680.1945722880001
2000 0 3879 675.3198735360002
2000 0 3981 693.0777047040001
2000 0 4033 702.1307166720001
2000 0 4023 700.3897528320001
2000 0 4026 700.9120419840001
2000 0 4030 701.6084275200001
2000 0 4061 707.0054154240001
2000 0 4037 702.827102208
2000 0 3983 693.4258974720001
2000 0 4012 698.474692608
2000 0 4041 703.523487744
2000 0 4007 697.6042106880001
2000 0 4027 701.086138368
2000 0 3928 683.8505963520001
2000 0 4122 717.6252948480001
2000 0 4116 716.580716544
2000 0 3970 691.1626444800002
2000 0 3944 686.6361384960001
2000 0 4100 713.7951744000001
2000 0 4035 702.47890944
2000 0 3889 677.060837376
2000 0 4039 703.175294976
2000 0 3980 692.9036083200001
2000 0 4097 713.2728852480002
2000 0 3979 692.7295119360001
2000 0 3888 676.8867409920001
2000 0 4101 713.9692707840001
2000 0 4086 711.357825024
2000 0 4049 704.9162588160001
2000 0 4053 705.6126443520001
2000 0 4180 727.7228851200001
2000 0 4095 712.9246924800001
2000 0 4046 704.393969664
2000 0 3995 695.51505408
2000 0 4049 704.9162588160001
2000 0 4081 710.487343104
2000 0 4097 713.2728852480002
2000 0 4003 696.9078251520001
2000 0 3977 692.3813191680001
2000 0 4008 697.7783070720001
2000 0 4049 704.9162588160001
2000 0 4086 711.357825024
2000 0 4120 717.2771020800001
2000 0 3956 688.7252951040001
2000 0 4014 698.822885376
2000 0 3998 696.0373432320001
2000 0 3968 690.8144517120002
2000 0 4032 701.9566202880001
2000 0 4071 708.7463792640001
2000 0 3924 683.1542108160002
2000 0 3932 684.5469818880001
2000 0 3956 688.7252951040001
2000 0 4015 698.9969817600002
2000 0 4029 701.4343311360001
2000 0 4076 709.6168611840002
2000 0 4044 704.045776896
2000 0 4034 702.3048130560001
2000 0 4048 704.742162432
2000 0 4009 697.9524034560001
2000 0 4005 697.2560179200001
2000 0 3985 693.7740902400001
2000 0 4032 701.9566202880001
2000 0 3982 693.2518010880001
2000 0 4102 714.143367168
2000 0 4020 699.86746368
2000 0 3926 683.5024035840001
3000 0 6027 1049.2789063680002
3000 0 6009 1046.145171456
3000 0 5962 1037.962641408
3000 0 6059 1054.849990656
3000 0 5921 1030.824689664
3000 0 6017 1047.537942528
3000 0 5964 1038.310834176
3000 0 6091 1060.421074944
3000 0 6128 1066.8626411520002
3000 0 6012 1046.667460608
3000 0 6034 1050.4975810560002
3000 0 6134 1067.9072194560001
3000 0 5979 1040.922279936
3000 0 5950 1035.8734848000001
3000 0 6026 1049.104809984
3000 0 5957 1037.092159488
3000 0 6082 1058.8542074880002
3000 0 6040 1051.5421593600001
3000 0 5967 1038.833123328
3000 0 6111 1063.903002624
3000 0 5924 1031.346978816
3000 0 6073 1057.2873400320002
3000 0 6053 1053.805412352
3000 0 5985 1041.9668582400002
3000 0 6037 1051.0198702080002
3000 0 5994 1043.5337256960001
3000 0 5962 1037.962641408
3000 0 6071 1056.9391472640002
3000 0 5902 1027.5168583680002
3000 0 6056 1054.327701504
3000 0 6084 1059.2024002560001
3000 0 6081 1058.6801111040002
3000 0 6002 1044.926496768
3000 0 5986 1042.140954624
3000 0 5944 1034.8289064960002
3000 0 5947 1035.3511956480002
3000 0 6081 1058.6801111040002
3000 0 6110 1063.7289062400002
3000 0 5961 1037.788545024
3000 0 6124 1066.1662556160002
3000 0 6141 1069.125894144
3000 0 6077 1057.9837255680002
3000 0 5994 1043.5337256960001
3000 0 6059 1054.849990656
3000 0 6035 1050.6716774400002
3000 0 6004 1045.274689536
3000 0 5995 1043.7078220800001
3000 0 6126 1066.5144483840002
3000 0 5846 1017.7674608640001
3000 0 6061 1055.198183424
3000 0 6011 1046.493364224
3000 0 5976 1040.3999907840002
3000 0 5943 1034.6548101120002
3000 0 5931 1032.565653504
3000 0 6055 1054.15360512
3000 0 6010 1046.31926784
3000 0 6153 1071.215050752
3000 0 5882 1024.034930688
3000 0 6050 1053.2831232
3000 0 5940 1034.1325209600002
3000 0 5945 1035.0030028800002
3000 0 6147 1070.170472448
3000 0 6086 1059.5505930240001
3000 0 5974 1040.0517980160002
3000 0 6065 1055.8945689600002
3000 0 5890 1025.4277017600002
3000 0 6001 1044.752400384
3000 0 6033 1050.3234846720002
3000 0 5921 1030.824689664
3000 0 5962 1037.962641408
3000 0 6076 1057.8096291840002
3000 0 5894 1026.1240872960002
3000 0 5931 1032.565653504
3000 0 5856 1019.5084247040002
3000 0 6069 1056.5909544960002
3000 0 6119 1065.2957736960002
3000 0 5938 1033.7843281920002
3000 0 5963 1038.136737792
3000 0 6077 1057.9837255680002
3000 0 5901 1027.3427619840002
3000 0 5982 1041.4445690880002
3000 0 5961 1037.788545024
3000 0 6179 1075.7415567360001
3000 0 6099 1061.813846016
3000 0 6016 1047.3638461440003
3000 0 6021 1048.2343280640002
3000 0 5935 1033.26203904
3000 0 5972 1039.7036052480003
3000 0 6136 1068.255412224
3000 0 5989 1042.6632437760002
3000 0 6054 1053.979508736
3000 0 6186 1076.960231424
3000 0 6164 1073.130110976
3000 0 6066 1056.068665344
3000 0 5974 1040.0517980160002
3000 0 6025 1048.9307136000002
3000 0 6182 1076.263845888
3000 0 6015 1047.18974976
3000 0 6055 1054.15360512
3000 0 5937 1033.610231808
4000 0 8003 1393.2933611520002
4000 0 7937 1381.802999808
4000 0 8161 1420.800589824
4000 0 7888 1373.2722769920001
4000 0 8050 1401.4758912000002
4000 0 7999 1392.5969756160002
4000 0 8042 1400.0831201280002
4000 0 8203 1428.1126379520001
4000 0 8128 1415.0554091520003
4000 0 7985 1390.1596262400003
4000 0 8007 1393.9897466880002
4000 0 8048 1401.1276984320002
4000 0 8083 1407.2210718720003
4000 0 7878 1371.5313131520002
4000 0 8136 1416.4481802240002
4000 0 8002 1393.1192647680002
4000 0 8106 1411.2252887040001
4000 0 7933 1381.1066142720001
4000 0 8003 1393.2933611520002
4000 0 8170 1422.3674572800003
4000 0 8103 1410.7029995520004
4000 0 8071 1405.131915264
4000 0 7841 1365.0897469440004
4000 0 7922 1379.1915540480002
4000 0 7953 1384.5885419520002
4000 0 7911 1377.2764938240002
4000 0 8086 1407.7433610240003
4000 0 7982 1389.637337088
4000 0 8037 1399.2126382080003
4000 0 8155 1419.7560115200001
4000 0 7990 1391.03010816
4000 0 8059 1403.0427586560002
4000 0 8045 1400.6054092800002
4000 0 8081 1406.872879104
4000 0 8078 1406.350589952
4000 0 8084 1407.3951682560003
4000 0 8005 1393.64155392
4000 0 8085 1407.56926464
4000 0 8065 1404.0873369600004
4000 0 7956 1385.110831104
4000 0 7973 1388.0704696320001
4000 0 7975 1388.4186624000001
4000 0 7807 1359.1704698880003
4000 0 8103 1410.7029995520004
4000 0 8031 1398.1680599040003
4000 0 8032 1398.342156288
4000 0 8109 1411.7475778560001
4000 0 8036 1399.038541824
4000 0 7890 1373.6204697600003
4000 0 8085 1407.56926464
4000 0 8039 1399.560830976
4000 0 8161 1420.800589824
4000 0 8066 1404.2614333440001
4000 0 8162 1420.974686208
4000 0 8148 1418.5373368320002
4000 0 8110 1411.9216742400004
4000 0 8127 1414.881312768
4000 0 8095 1409.3102284800002
4000 0 7985 1390.1596262400003
4000 0 8093 1408.9620357120002
4000 0 7911 1377.2764938240002
4000 0 7956 1385.110831104
4000 0 8073 1405.480108032
4000 0 8082 1407.046975488
4000 0 8125 1414.5331200000003
4000 0 8101 1410.3548067840002
4000 0 8078 1406.350589952
4000 0 8222 1431.4204692480002
4000 0 8004 1393.4674575360002
4000 0 8011 1394.6861322240002
4000 0 7851 1366.830710784
4000 0 7832 1363.5228794880002
4000 0 8064 1403.9132405760001
4000 0 7967 1387.0258913280002
4000 0 7947 1383.5439636480003
4000 0 8034 1398.6903490560003
4000 0 7926 1379.8879395840002
4000 0 8154 1419.5819151360001
4000 0 8190 1425.8493849600002
4000 0 8093 1408.9620357120002
4000 0 7887 1373.0981806080003
4000 0 8223 1431.5945656320002
4000 0 8033 1398.516252672
4000 0 8056 1402.5204695040002
4000 0 8073 1405.480108032
4000 0 8019 1396.0789032960001
4000 0 8086 1407.7433610240003
4000 0 8014 1395.2084213760002
4000 0 7928 1380.2361323520001
4000 0 7961 1385.9813130240002
4000 0 8012 1394.8602286080002
4000 0 7761 1351.1620362240003
4000 0 8038 1399.3867345920003
4000 0 7994 1391.726493696
4000 0 8155 1419.7560115200001
4000 0 7938 1381.977096192
4000 0 8050 1401.4758912000002
4000 0 8015 1395.3825177600002
4000 0 8087 1407.9174574080002
4000 0 7998 1392.422879232
5000 0 9890 1721.8132377600002
5000 0 9978 1737.1337195520002
5000 0 10116 1761.1590205440002
5000 0 10029 1746.0126351360002
5000 0 9960 1733.99998464
5000 0 10038 1747.5795025920002
5000 0 10181 1772.475285504
5000 0 9949 1732.0849244160001
5000 0 10255 1785.3584179200004
5000 0 9924 1727.7325148160003
5000 0 10091 1756.8066109440003
5000 0 9997 1740.4415508480004
5000 0 10130 1763.5963699200004
5000 0 9959 1733.8258882560003
5000 0 9992 1739.5710689280002
5000 0 10092 1756.9807073280003
5000 0 10042 1748.2758881280004
5000 0 10074 1753.8469724160002
5000 0 10044 1748.6240808960001
5000 0 10170 1770.5602252800002
5000 0 10019 1744.2716712960002
5000 0 9953 1732.7813099520001
5000 0 10108 1759.766249472
5000 0 10102 1758.7216711680003
5000 0 9956 1733.303599104
5000 0 10032 1746.5349242880002
5000 0 10246 1783.7915504640002
5000 0 10055 1750.53914112
5000 0 9929 1728.6029967360003
5000 0 9822 1709.9746836480003
5000 0 9970 1735.7409484800003
5000 0 9930 1728.77709312
5000 0 9966 1735.0445629440003
5000 0 10097 1757.851189248
5000 0 9964 1734.696370176
5000 0 9899 1723.3801052160004
5000 0 10015 1743.5752857600003
5000 0 10356 1802.9421527040001
5000 0 10068 1752.8023941120002
5000 0 10179 1772.1270927360003
5000 0 10169 1770.3861288960002
5000 0 9964 1734.696370176
5000 0 10021 1744.6198640640002
5000 0 9847 1714.3270932480002
5000 0 10024 1745.1421532160002
5000 0 9990 1739.2228761600004
5000 0 10099 1758.1993820160003
5000 0 10118 1761.5072133120002
5000 0 10017 1743.923478528
5000 0 9988 1738.8746833920002
5000 0 9997 1740.4415508480004
5000 0 9978 1737.1337195520002
5000 0 9962 1734.3481774080003
5000 0 10000 1740.9638400000003
5000 0 10011 1742.8789002240003
5000 0 9950 1732.2590208000001
5000 0 10076 1754.1951651840002
5000 0 10166 1769.8638397440002
5000 0 10000 1740.9638400000003
5000 0 9955 1733.1295027200003
5000 0 10029 1746.0126351360002
5000 0 10015 1743.5752857600003
5000 0 10179 1772.1270927360003
5000 0 9950 1732.2590208000001
5000 0 9944 1731.2144424960004
5000 0 9938 1730.1698641920002
5000 0 9990 1739.2228761600004
5000 0 10087 1756.1102254080001
5000 0 10039 1747.7535989760004
5000 0 9966 1735.0445629440003
5000 0 9944 1731.2144424960004
5000 0 10036 1747.2313098240002
5000 0 10195 1774.91263488
5000 0 9990 1739.2228761600004
5000 0 10126 1762.8999843840004
5000 0 10035 1747.0572134400004
5000 0 9909 1725.1210690560001
5000 0 10038 1747.5795025920002
5000 0 9805 1707.0150451200002
5000 0 9845 1713.9789004800002
5000 0 10103 1758.8957675520003
5000 0 9835 1712.23793664
5000 0 10062 1751.7578158080003
5000 0 9855 1715.7198643200002
5000 0 9978 1737.1337195520002
5000 0 10202 1776.1313095680002
5000 0 10028 1745.8385387520002
5000 0 9953 1732.7813099520001
5000 0 9942 1730.8662497280002
5000 0 10138 1764.989140992
5000 0 9974 1736.4373340160002
5000 0 10089 1756.4584181760001
5000 0 10160 1768.8192614400002
5000 0 9949 1732.0849244160001
5000 0 10054 1750.3650447360003
5000 0 10013 1743.227092992
5000 0 10071 1753.3246832640002
5000 0 10164 1769.5156469760002
5000 0 9905 1724.4246835200001
500 16 998 173.748191232
500 20 1050 182.80120320000003
5000 0 10128 1763.2481771520002
500 12 986 171.65903462400001
500 14 1003 174.618673152
500 12 1007 175.31505868800002
500 16 990 172.35542016000002
500 18 997 173.57409484800002
500 22 1027 178.79698636800003
500 12 1031 179.493371904
500 6 979 170.44035993600002
500 10 966 168.177106944
500 14 988 172.00722739200003
500 14 1029 179.145179136
500 12 1041 181.23433574400002
500 20 1006 175.14096230400003
500 4 981 170.78855270400004
500 14 1036 180.36385382400002
500 18 1023 178.10060083200003
500 8 964 167.82891417600004
500 20 990 172.35542016000002
500 8 995 173.22590208000003
500 8 1001 174.27048038400002
500 11 1012 176.185540608
500 18 1052 183.14939596800002
500 18 995 173.22590208000003
500 18 981 170.78855270400004
500 16 979 170.44035993600002
500 12 1017 177.05602252800003
500 16 1005 174.96686592
500 20 982 170.96264908800003
500 20 1000 174.09638400000003
500 18 991 172.52951654400002
500 16 985 171.48493824000002
500 16 998 173.748191232
500 8 992 172.70361292800004
500 8 985 171.48493824000002
500 24 1018 177.23011891200002
500 18 1019 177.40421529600005
500 8 998 173.748191232
500 16 999 173.92228761600003
500 10 928 161.56144435200002
500 11 1021 177.752408064
500 18 1011 176.011444224
500 8 1026 178.62288998400004
500 14 991 172.52951654400002
500 8 959 166.958432256
500 13 996 173.39999846400002
500 16 1039 180.886142976
500 20 958 166.784335872
500 8 938 163.30240819200003
500 16 1000 174.09638400000003
500 12 961 167.30662502400003
500 10 1038 180.712046592
500 20 975 169.7439744
500 6 1054 183.49758873600004
500 10 1014 176.53373337600001
500 14 1000 174.09638400000003
500 12 1019 177.40421529600005
500 13 966 168.177106944
500 12 1026 178.62288998400004
500 8 1005 174.96686592
500 18 1018 177.23011891200002
500 12 992 172.70361292800004
500 8 994 173.051805696
500 23 1011 176.011444224
500 22 1043 181.582528512
500 10 972 169.22168524800003
500 20 985 171.48493824000002
500 16 1042 181.40843212800002
500 8 1054 183.49758873600004
500 14 978 170.26626355200003
500 14 1044 181.75662489600003
500 24 997 173.57409484800002
500 12 992 172.70361292800004
500 14 985 171.48493824000002
500 8 1025 178.44879360000002
500 18 994 173.051805696
500 10 1030 179.31927552000002
500 4 974 169.56987801600002
500 12 979 170.44035993600002
500 16 1033 179.84156467200003
500 10 1008 175.48915507200002
500 12 1066 185.586745344
500 14 1042 181.40843212800002
500 14 930 161.90963712
500 4 942 163.998793728
500 16 918 159.82048051200002
500 16 956 166.43614310400002
500 12 1044 181.75662489600003
500 20 996 173.39999846400002
500 12 1011 176.011444224
500 14 1055 183.67168512000003
500 22 1051 182.97529958400003
500 15 1061 184.71626342400003
500 16 1049 182.627106816
500 12 996 173.39999846400002
500 12 996 173.39999846400002
500 12 1050 182.80120320000003
500 8 1027 178.79698636800003
500 20 1043 181.582528512
1000 53 2006 349.237346304
1000 57 2041 355.330719744
1000 63 2040 355.15662336
1000 52 2003 348.71505715200004
1000 52 1947 338.96565964800004
1000 67 2049 356.72349081600004
1000 62 2078 361.772285952
1000 55 2028 353.06746675200003
1000 57 2057 358.11626188800005
1000 54 2071 360.55361126400004
1000 52 2042 355.504816128
1000 50 2008 349.585539072
1000 42 1997 347.6704788480001
1000 44 1996 347.496382464
1000 45 1925 335.13553920000004
1000 45 2010 349.93373184
1000 52 2013 350.45602099200005
1000 76 2045 356.02710528000006
1000 40 1926 335.30963558400003
1000 42 2019 351.5005992960001
1000 80 2094 364.55782809600004
1000 56 2031 353.58975590400007
1000 66 1969 342.79578009600004
1000 57 1996 347.496382464
1000 33 1950 339.4879488
1000 55 2014 350.63011737600004
1000 60 2056 357.94216550400006
1000 69 1985 345.5813222400001
1000 63 2108 366.9951774720001
1000 60 2030 353.41565952
1000 83 2102 365.95059916800005
1000 63 1957 340.70662348800005
1000 81 2081 362.29457510400005
1000 51 2036 354.46023782400005
1000 49 1964 341.92529817600007
1000 48 2046 356.20120166400005
1000 48 1988 346.103611392
1000 72 2043 355.678912512
1000 60 2023 352.196984832
1000 86 2101 365.77650278400006
1000 74 2084 362.81686425600003
1000 64 2051 357.071683584
1000 59 2005 349.06324992000003
1000 67 2023 352.196984832
1000 67 1982 345.05903308800004
1000 50 1923 334.78734643200005
1000 77 2042 355.504816128
1000 70 2038 354.8084305920001
1000 42 1958 340.88071987200004
1000 39 1955 340.35843072
1000 66 2086 363.165057024
1000 63 2006 349.237346304
1000 56 1987 345.929515008
1000 64 2037 354.63433420800004
1000 62 2041 355.330719744
1000 55 1981 344.88493670400004
1000 59 2020 351.67469568000007
1000 70 2106 366.64698470400003
1000 49 1934 336.702406656
1000 46 2061 358.81264742400003
1000 52 1996 347.496382464
1000 62 1979 344.53674393600005
1000 51 1991 346.62590054400005
1000 67 2004 348.88915353600004
1000 44 1990 346.45180416000005
1000 54 2052 357.2457799680001
1000 70 2103 366.12469555200005
1000 62 2025 352.54517760000005
1000 70 2051 357.071683584
1000 61 2048 356.54939443200004
1000 33 1969 342.79578009600004
1000 47 1959 341.05481625600004
1000 61 1996 347.496382464
1000 48 2049 356.72349081600004
1000 67 2076 361.424093184
1000 58 2003 348.71505715200004
1000 60 1967 342.44758732800005
1000 36 1963 341.7512017920001
1000 60 2028 353.06746675200003
1000 55 1894 329.7385512960001
1000 40 1996 347.496382464
1000 55 1941 337.921081344
1000 69 1989 346.277707776
1000 56 2058 358.290358272
1000 61 2005 349.06324992000003
1000 62 1999 348.01867161600006
1000 66 2033 353.93794867200006
1000 56 1992 346.79999692800004
1000 61 1969 342.79578009600004
1000 65 1967 342.44758732800005
1000 44 2059 358.46445465600004
1000 48 1957 340.70662348800005
1000 50 2012 350.28192460800005
1000 36 2063 359.160840192
1000 45 2021 351.84879206400007
1000 50 2006 349.237346304
1000 82 1992 346.79999692800004
1000 65 2013 350.45602099200005
1000 48 1952 339.836141568
1000 66 2030 353.41565952
2000 270 4071 708.7463792640001
2000 206 4019 699.6933672960001
2000 228 4077 709.7909575680001
2000 254 4140 720.7590297600001
2000 211 4022 700.2156564480001
2000 246 4077 709.7909575680001
2000 238 3980 692.9036083200001
2000 219 4044 704.045776896
2000 215 4049 704.9162588160001
2000 195 4040 703.3493913600001
2000 206 4042 703.6975841280001
2000 243 3920 682.4578252800001
2000 233 4097 713.2728852480002
2000 187 3953 688.2030059520001
2000 208 3995 695.51505408
2000 188 3875 674.6234880000001
2000 230 3899 678.8018012160001
2000 222 4018 699.519270912
2000 231 4040 703.3493913600001
2000 222 4087 711.5319214080001
2000 196 4027 701.086138368
2000 210 4051 705.2644515840001
2000 223 3964 690.1180661760001
2000 235 4061 707.0054154240001
2000 234 4047 704.5680660480001
2000 237 4034 702.3048130560001
2000 241 4005 697.2560179200001
2000 165 3936 685.243367424
2000 189 4046 704.393969664
2000 202 4001 696.5596323840001
2000 244 4047 704.5680660480001
2000 261 4050 705.0903552000001
2000 174 3954 688.3771023360001
2000 185 3948 687.332524032
2000 200 3970 691.1626444800002
2000 182 4073 709.0945720320001
2000 183 4049 704.9162588160001
2000 236 4090 712.0542105600001
2000 204 3980 692.9036083200001
2000 232 4085 711.1837286400001
2000 244 4085 711.1837286400001
2000 205 3948 687.332524032
2000 203 4001 696.5596323840001
2000 232 4007 697.6042106880001
2000 204 4051 705.2644515840001
2000 193 4114 716.2325237760001
2000 228 4018 699.519270912
2000 215 4052 705.4385479680001
2000 209 4101 713.9692707840001
2000 204 4089 711.8801141760001
2000 193 4065 707.70180096
2000 189 3931 684.3728855040001
2000 219 3947 687.1584276480002
2000 249 3970 691.1626444800002
2000 215 3940 685.9397529600001
2000 232 3975 692.0331264000001
2000 227 4052 705.4385479680001
2000 189 4055 705.9608371200002
2000 210 4119 717.1030056960001
2000 190 3980 692.9036083200001
2000 212 4006 697.4301143040001
2000 212 4101 713.9692707840001
2000 268 3977 692.3813191680001
2000 190 4057 706.3090298880002
2000 200 4051 705.2644515840001
2000 212 4045 704.2198732800001
2000 196 3901 679.149993984
2000 254 4040 703.3493913600001
2000 192 4078 709.9650539520002
2000 210 4035 702.47890944
2000 183 4001 696.5596323840001
2000 224 3948 687.332524032
2000 240 3987 694.1222830080002
2000 219 4033 702.1307166720001
2000 250 4125 718.1475840000002
2000 203 3929 684.024692736
2000 222 3961 689.5957770240001
2000 206 3955 688.55119872
2000 199 3980 692.9036083200001
2000 206 3882 675.842162688
2000 246 3935 685.0692710400001
2000 184 3993 695.166861312
2000 226 3991 694.818668544
2000 225 3937 685.4174638080001
2000 191 3996 695.6891504640001
2000 245 4112 715.8843310080001
2000 227 4045 704.2198732800001
2000 200 3991 694.818668544
2000 195 4034 702.3048130560001
2000 210 4011 698.3005962240001
2000 208 3984 693.5999938560001
2000 261 4129 718.8439695360001
2000 222 3977 692.3813191680001
2000 173 3949 687.5066204160001
2000 189 4069 708.3981864960001
2000 219 4058 706.483126272
2000 235 4091 712.2283069440001
2000 243 4075 709.4427648000001
2000 229 3907 680.1945722880001
2000 236 3982 693.2518010880001
3000 466 6021 1048.2343280640002
3000 416 6050 1053.2831232
3000 513 6025 1048.9307136000002
3000 480 6018 1047.7120389120003
3000 518 6096 1061.291556864
3000 444 5992 1043.1855329280002
3000 468 5996 1043.8819184640001
3000 485 5992 1043.1855329280002
3000 481 6063 1055.5463761920003
3000 481 6006 1045.622882304
3000 443 5844 1017.4192680960001
3000 470 6016 1047.3638461440003
3000 497 5882 1024.034930688
3000 488 6075 1057.6355328
3000 466 6074 1057.4614364160002
3000 456 5868 1021.5975813120001
3000 510 5991 1043.0114365440002
3000 439 6033 1050.3234846720002
3000 462 5838 1016.3746897920001
3000 457 5941 1034.3066173440002
3000 487 6001 1044.752400384
3000 444 5989 1042.6632437760002
3000 457 5970 1039.35541248
3000 468 5979 1040.922279936
3000 450 5989 1042.6632437760002
3000 482 6098 1061.639749632
3000 499 6042 1051.8903521280001
3000 451 5905 1028.0391475200001
3000 519 5989 1042.6632437760002
3000 468 6014 1047.0156533760003
3000 482 5902 1027.5168583680002
3000 513 6082 1058.8542074880002
3000 501 6013 1046.841556992
3000 475 6031 1049.9752919040002
3000 484 5930 1032.39155712
3000 490 5921 1030.824689664
3000 515 6099 1061.813846016
3000 485 6058 1054.675894272
3000 465 5892 1025.7758945280002
3000 457 6022 1048.408424448
3000 483 6124 1066.1662556160002
3000 434 5845 1017.5933644800001
3000 457 6004 1045.274689536
3000 506 6056 1054.327701504
3000 485 6037 1051.0198702080002
3000 492 5899 1026.9945692160002
3000 481 6083 1059.0283038720002
3000 462 5974 1040.0517980160002
3000 457 5932 1032.7397498880002
3000 484 5985 1041.9668582400002
3000 450 5987 1042.3150510080002
3000 462 6115 1064.59938816
3000 538 6090 1060.2469785600001
3000 445 6011 1046.493364224
3000 481 6045 1052.4126412800001
3000 499 5922 1030.998786048
3000 439 5976 1040.3999907840002
3000 441 6055 1054.15360512
3000 458 5886 1024.731316224
3000 437 5868 1021.5975813120001
3000 455 6089 1060.0728821760001
3000 452 5925 1031.5210752000003
3000 501 5955 1036.7439667200001
3000 475 6008 1045.971075072
3000 450 6081 1058.6801111040002
3000 499 5924 1031.346978816
3000 457 5992 1043.1855329280002
3000 452 6060 1055.02408704
3000 469 6104 1062.684327936
3000 427 5960 1037.61444864
3000 477 5962 1037.962641408
3000 455 6006 1045.622882304
3000 476 6027 1049.2789063680002
3000 494 5928 1032.043364352
3000 434 6010 1046.31926784
3000 444 6067 1056.2427617280002
3000 464 5901 1027.3427619840002
3000 444 5978 1040.7481835520002
3000 499 6073 1057.2873400320002
3000 507 6106 1063.032520704
3000 472 5969 1039.181316096
3000 522 6158 1072.0855326720002
3000 498 6059 1054.849990656
3000 496 5930 1032.39155712
3000 474 5998 1044.2301112320001
3000 448 5902 1027.5168583680002
3000 510 6093 1060.769267712
3000 493 6088 1059.8987857920001
3000 499 6018 1047.7120389120003
3000 423 5980 1041.0963763200002
3000 514 6066 1056.068665344
3000 492 6021 1048.2343280640002
3000 481 6106 1063.032520704
3000 486 6034 1050.4975810560002
3000 464 6141 1069.125894144
3000 490 6130 1067.2108339200001
3000 453 6057 1054.501797888
3000 470 6050 1053.2831232
3000 551 6114 1064.4252917760002
3000 490 5937 1033.610231808
4000 793 8015 1395.3825177600002
4000 801 8087 1407.9174574080002
4000 836 7972 1387.8963732480001
4000 873 8076 1406.0023971840003
4000 786 7969 1387.3740840960002
4000 921 8199 1427.4162524160001
4000 899 8082 1407.046975488
4000 819 7940 1382.3252889600003
4000 926 8112 1412.2698670080001
4000 833 8036 1399.038541824
4000 884 8108 1411.5734814720001
4000 896 8167 1421.8451681280003
4000 900 8101 1410.3548067840002
4000 817 8050 1401.4758912000002
4000 822 7975 1388.4186624000001
4000 849 8050 1401.4758912000002
4000 930 8216 1430.3758909440003
4000 820 7919 1378.6692648960002
4000 849 7973 1388.0704696320001
4000 794 8060 1403.2168550400002
4000 859 7991 1391.204204544
4000 851 7918 1378.4951685120002
4000 857 7933 1381.1066142720001
4000 837 7997 1392.248782848
4000 800 7929 1380.4102287360001
4000 876 8120 1413.66263808
4000 880 8001 1392.945168384
4000 823 8142 1417.4927585280002
4000 863 8130 1415.40360192
4000 836 8053 1401.9981803520002
4000 888 7988 1390.6819153920003
4000 856 8103 1410.7029995520004
4000 807 7945 1383.19577088
4000 870 7992 1391.3783009280003
4000 796 7923 1379.3656504320002
4000 857 8057 1402.6945658880002
4000 862 8043 1400.257216512
4000 887 7956 1385.110831104
4000 847 8054 1402.172276736
4000 857 8083 1407.2210718720003
4000 897 8071 1405.131915264
4000 811 7959 1385.6331202560002
4000 830 8093 1408.9620357120002
4000 788 7946 1383.3698672640003
4000 858 7971 1387.7222768640002
4000 816 8091 1408.6138429440002
4000 789 8100 1410.1807104000002
4000 881 8059 1403.0427586560002
4000 899 8022 1396.6011924480001
4000 861 7993 1391.5523973120003
4000 904 8062 1403.5650478080001
4000 901 8051 1401.6499875840002
4000 825 7954 1384.7626383360002
4000 872 8093 1408.9620357120002
4000 963 8080 1406.6987827200003
4000 828 8069 1404.783722496
4000 884 7907 1376.580108288
4000 846 7949 1383.892156416
4000 832 8068 1404.6096261120001
4000 839 8022 1396.6011924480001
4000 833 8061 1403.3909514240001
4000 823 8004 1393.4674575360002
4000 895 8172 1422.715650048
4000 885 8206 1428.634927104
4000 813 7923 1379.3656504320002
4000 829 7882 1372.2276986880001
4000 885 8090 1408.4397465600002
4000 853 8012 1394.8602286080002
4000 889 7989 1390.8560117760003
4000 772 7937 1381.802999808
4000 822 7919 1378.6692648960002
4000 928 8208 1428.9831198720003
4000 851 8001 1392.945168384
4000 868 7895 1374.49095168
4000 884 7966 1386.8517949440002
4000 947 8027 1397.4716743680003
4000 829 7930 1380.5843251200001
4000 816 8026 1397.297577984
4000 848 8085 1407.56926464
4000 847 7861 1368.571674624
4000 886 8046 1400.7795056640002
4000 831 7914 1377.798782976
4000 810 7975 1388.4186624000001
4000 897 8137 1416.6222766080002
4000 897 8206 1428.634927104
4000 913 8145 1418.0150476800002
4000 815 8075 1405.8283008
4000 817 7933 1381.1066142720001
4000 811 7877 1371.3572167680002
4000 869 8006 1393.8156503040002
4000 905 8045 1400.6054092800002
4000 814 7967 1387.0258913280002
4000 819 8030 1397.9939635200003
4000 921 8150 1418.8855296000002
4000 822 7980 1389.28914432
4000 914 7970 1387.5481804800002
4000 835 8097 1409.6584212480002
4000 825 7990 1391.03010816
4000 820 7915 1377.9728793600002
4000 908 8118 1413.3144453120003
5000 1252 9759 1699.0066114560002
5000 1281 10058 1751.0614302720003
5000 1284 10039 1747.7535989760004
5000 1289 10028 1745.8385387520002
5000 1309 10055 1750.53914112
5000 1445 10209 1777.3499842560002
5000 1199 9952 1732.6072135680004
5000 1267 9969 1735.5668520960003
5000 1333 10065 1752.2801049600002
5000 1214 9889 1721.6391413760002
5000 1282 9992 1739.5710689280002
5000 1409 10173 1771.0825144320002
5000 1339 10082 1755.2397434880002
5000 1332 10125 1762.7258880000002
5000 1204 9961 1734.174081024
5000 1300 9943 1731.0403461120002
5000 1282 10023 1744.9680568320002
5000 1328 9939 1730.3439605760002
5000 1246 9928 1728.4289003520003
5000 1285 10153 1767.600586752
5000 1253 10059 1751.235526656
5000 1304 10110 1760.1144422400002
5000 1266 9939 1730.3439605760002
5000 1296 9968 1735.392755712
5000 1296 10053 1750.1909483520003
5000 1245 9957 1733.477695488
5000 1171 9865 1717.4608281600003
5000 1286 10229 1780.831911936
5000 1321 9953 1732.7813099520001
5000 1285 10090 1756.6325145600001
5000 1261 9971 1735.9150448640003
5000 1301 10083 1755.4138398720002
5000 1268 10060 1751.4096230400003
5000 1335 10134 1764.2927554560004
5000 1432 10060 1751.4096230400003
5000 1326 9971 1735.9150448640003
5000 1256 9932 1729.1252858880002
5000 1296 10045 1748.7981772800001
5000 1213 10075 1754.0210688000002
5000 1331 10002 1741.312032768
5000 1278 10057 1750.8873338880003
5000 1334 10061 1751.5837194240003
5000 1256 9972 1736.089141248
5000 1320 9993 1739.7451653120004
5000 1429 10132 1763.9445626880001
5000 1361 10085 1755.7620326400001
5000 1275 10031 1746.3608279040002
5000 1314 10270 1787.9698636800003
5000 1271 10021 1744.6198640640002
5000 1225 9929 1728.6029967360003
5000 1315 10150 1767.0782976
5000 1267 10004 1741.6602255360003
5000 1296 9859 1716.4162498560001
5000 1357 10094 1757.328900096
5000 1421 10238 1782.3987793920003
5000 1340 10119 1761.6813096960002
5000 1220 9863 1717.1126353920001
5000 1302 10050 1749.6686592000003
5000 1171 9848 1714.5011896320002
5000 1306 10210 1777.5240806400002
5000 1370 10080 1754.8915507200002
5000 1300 9980 1737.4819123200002
5000 1411 10060 1751.4096230400003
5000 1246 10013 1743.227092992
5000 1278 9979 1737.307815936
5000 1347 10051 1749.842755584
5000 1305 10087 1756.1102254080001
5000 1333 10042 1748.2758881280004
5000 1382 10142 1765.685526528
5000 1267 10032 1746.5349242880002
5000 1295 10083 1755.4138398720002
5000 1317 9949 1732.0849244160001
5000 1228 9943 1731.0403461120002
5000 1182 9841 1713.2825149440002
5000 1241 10033 1746.7090206720002
5000 1316 10214 1778.2204661760002
5000 1334 9989 1739.0487797760002
5000 1345 10098 1758.0252856320003
5000 1304 9978 1737.1337195520002
5000 1232 9958 1733.6517918720003
5000 1249 9900 1723.5542016000002
5000 1253 10134 1764.2927554560004
5000 1279 9892 1722.1614305280002
5000 1330 9966 1735.0445629440003
5000 1292 10024 1745.1421532160002
5000 1287 10070 1753.1505868800002
5000 1347 9959 1733.8258882560003
5000 1332 10008 1742.3566110720003
5000 1228 9970 1735.7409484800003
5000 1317 10112 1760.4626350080002
5000 1349 9993 1739.7451653120004
5000 1287 10046 1748.9722736640003
5000 1374 10074 1753.8469724160002
5000 1297 10207 1777.0017914880002
5000 1332 10088 1756.2843217920004
5000 1286 10077 1754.3692615680004
5000 1404 10138 1764.989140992
5000 1356 10180 1772.3011891200001
5000 1343 10073 1753.6728760320002
5000 1269 10077 1754.3692615680004
5000 100 10111 1760.2885386240002
500 0 1039 180.886142976
500 0 991 172.52951654400002
500 0 973 169.39578163200002
500 0 965 168.00301056000004
500 0 1025 178.44879360000002
500 0 1050 182.80120320000003
500 0 1024 178.27469721600002
500 4 927 161.38734796800003
500 0 1019 177.40421529600005
500 2 985 171.48493824000002
500 0 994 173.051805696
500 0 1052 183.14939596800002
500 0 1046 182.10481766400002
500 2 1041 181.23433574400002
500 0 994 173.051805696
500 4 1016 176.88192614400003
500 2 1003 174.618673152
500 0 967 168.351203328
500 2 968 168.52529971200002
500 0 965 168.00301056000004
1000 6 2084 362.81686425600003
1000 12 2015 350.80421376000004
1000 6 1983 345.2331294720001
1000 0 1889 328.86806937600005
1000 2 2050 356.89758720000003
1000 2 2050 356.89758720000003
1000 4 2068 360.03132211200005
1000 8 2030 353.41565952
1000 0 2003 348.71505715200004
1000 0 2055 357.76806912000006
1000 8 1922 334.61325004800005
1000 4 2091 364.03553894400005
1000 4 1963 341.7512017920001
1000 6 2044 355.853008896
1000 6 1960 341.22891264000003
1000 2 1990 346.45180416000005
1000 0 2061 358.81264742400003
1000 8 1965 342.09939456000006
1000 4 2023 352.196984832
1000 2 2048 356.54939443200004
2000 17 4125 718.1475840000002
2000 14 4053 705.6126443520001
2000 16 3970 691.1626444800002
2000 16 3922 682.806018048
2000 8 3919 682.2837288960001
2000 16 4030 701.6084275200001
2000 8 3864 672.708427776
2000 24 3968 690.8144517120002
2000 20 4031 701.7825239040001
2000 11 3975 692.0331264000001
2000 20 3975 692.0331264000001
2000 20 3982 693.2518010880001
2000 10 4059 706.6572226560002
2000 20 4082 710.661439488
2000 10 3938 685.5915601920001
2000 18 4024 700.5638492160001
2000 12 3993 695.166861312
2000 14 4029 701.4343311360001
2000 10 3894 677.9313192960001
2000 18 4055 705.9608371200002
3000 28 6061 1055.198183424
3000 48 6045 1052.4126412800001
3000 36 5963 1038.136737792
3000 28 6039 1051.3680629760001
3000 34 6181 1076.089749504
3000 38 5925 1031.5210752000003
3000 28 6025 1048.9307136000002
3000 38 6010 1046.31926784
3000 50 6045 1052.4126412800001
3000 52 6223 1083.4017976320001
3000 39 6005 1045.44878592
3000 30 6053 1053.805412352
3000 26 5903 1027.6909547520002
3000 46 5828 1014.6337259520002
3000 36 5950 1035.8734848000001
3000 40 5952 1036.2216775680001
3000 52 6063 1055.5463761920003
3000 32 6135 1068.0813158400001
3000 34 6010 1046.31926784
3000 36 6111 1063.903002624
4000 46 7907 1376.580108288
4000 38 8041 1399.9090237440003
4000 72 8004 1393.4674575360002
4000 78 8091 1408.6138429440002
4000 60 8046 1400.7795056640002
4000 57 7965 1386.6776985600002
4000 60 8013 1395.0343249920002
4000 108 8127 1414.881312768
4000 66 8081 1406.872879104
4000 64 8037 1399.2126382080003
4000 52 7820 1361.43372288
4000 79 8002 1393.1192647680002
4000 56 8031 1398.1680599040003
4000 68 7993 1391.5523973120003
4000 32 7886 1372.9240842240001
4000 62 8067 1404.4355297280001
4000 70 8066 1404.2614333440001
4000 68 8104 1410.8770959360002
4000 68 8131 1415.5776983040003
4000 56 8143 1417.6668549120002
5000 118 10271 1788.143960064
5000 108 10024 1745.1421532160002
5000 119 10111 1760.2885386240002
5000 100 9994 1739.9192616960001
5000 117 10045 1748.7981772800001
5000 79 10107 1759.5921530880003
5000 116 9950 1732.2590208000001
5000 105 9954 1732.9554063360001
5000 94 9898 1723.2060088320002
5000 106 10105 1759.2439603200003
5000 110 10110 1760.1144422400002
5000 90 9918 1726.6879365120003
5000 141 9888 1721.465044992
5000 84 10143 1765.859622912
5000 126 9983 1738.0042014720002
5000 90 10009 1742.5307074560003
5000 123 9909 1725.1210690560001
5000 80 10025 1745.3162496000002
5000 119 9999 1740.7897436160001
5000 96 9909 1725.1210690560001
5 0 0 0.0
5 0 0 0.0
5 0 0 0.0
5 0 0 0.0
5 0 0 0.0
2 0 0 0.0
2 0 0 0.0
2 0 0 0.0
2 0 0 0.0